Installing package into ‘/home/u12/darrenc/R/test’
(as ‘lib’ is unspecified)
trying URL 'http://cran.us.r-project.org/src/contrib/remotes_2.5.0.tar.gz'
Content type 'application/x-gzip' length 164496 bytes (160 KB)
==================================================
downloaded 160 KB

* installing *source* package ‘remotes’ ...
** package ‘remotes’ successfully unpacked and MD5 sums checked
** using staged installation
** R
** inst
** byte-compile and prepare package for lazy loading
** help
*** installing help indices
** building package indices
** installing vignettes
** testing if installed package can be loaded from temporary location
** testing if installed package can be loaded from final location
** testing if installed package keeps a record of temporary installation path
* DONE (remotes)

The downloaded source packages are in
	‘/tmp/RtmpoxBJTU/downloaded_packages’
Downloading package from url: http://cran.us.r-project.org/src/contrib/Archive/Matrix/Matrix_1.6-5.tar.gz
Installing package into ‘/home/u12/darrenc/R/test’
(as ‘lib’ is unspecified)
* installing *source* package ‘Matrix’ ...
** package ‘Matrix’ successfully unpacked and MD5 sums checked
** using staged installation
** libs
gcc -I"/opt/ohpc/pub/apps/R/4.2.2/lib64/R/include" -DNDEBUG -I./SuiteSparse_config -DNTIMER  -I/usr/local/include  -fvisibility=hidden -fpic  -g -O2  -c Csparse.c -o Csparse.o
gcc -I"/opt/ohpc/pub/apps/R/4.2.2/lib64/R/include" -DNDEBUG -I./SuiteSparse_config -DNTIMER  -I/usr/local/include  -fvisibility=hidden -fpic  -g -O2  -c abIndex.c -o abIndex.o
gcc -I"/opt/ohpc/pub/apps/R/4.2.2/lib64/R/include" -DNDEBUG -I./SuiteSparse_config -DNTIMER  -I/usr/local/include  -fvisibility=hidden -fpic  -g -O2  -c attrib.c -o attrib.o
gcc -I"/opt/ohpc/pub/apps/R/4.2.2/lib64/R/include" -DNDEBUG -I./SuiteSparse_config -DNTIMER  -I/usr/local/include  -fvisibility=hidden -fpic  -g -O2  -c bind.c -o bind.o
gcc -I"/opt/ohpc/pub/apps/R/4.2.2/lib64/R/include" -DNDEBUG -I./SuiteSparse_config -DNTIMER  -I/usr/local/include  -fvisibility=hidden -fpic  -g -O2  -c chm_common.c -o chm_common.o
gcc -I"/opt/ohpc/pub/apps/R/4.2.2/lib64/R/include" -DNDEBUG -I./SuiteSparse_config -DNTIMER  -I/usr/local/include  -fvisibility=hidden -fpic  -g -O2  -c cholmod-etc.c -o cholmod-etc.o
gcc -I"/opt/ohpc/pub/apps/R/4.2.2/lib64/R/include" -DNDEBUG -I./SuiteSparse_config -DNTIMER  -I/usr/local/include  -fvisibility=hidden -fpic  -g -O2  -c coerce.c -o coerce.o
gcc -I"/opt/ohpc/pub/apps/R/4.2.2/lib64/R/include" -DNDEBUG -I./SuiteSparse_config -DNTIMER  -I/usr/local/include  -fvisibility=hidden -fpic  -g -O2  -c cs.c -o cs.o
gcc -I"/opt/ohpc/pub/apps/R/4.2.2/lib64/R/include" -DNDEBUG -I./SuiteSparse_config -DNTIMER  -I/usr/local/include  -fvisibility=hidden -fpic  -g -O2  -c cs-etc.c -o cs-etc.o
gcc -I"/opt/ohpc/pub/apps/R/4.2.2/lib64/R/include" -DNDEBUG -I./SuiteSparse_config -DNTIMER  -I/usr/local/include  -fvisibility=hidden -fpic  -g -O2  -c dense.c -o dense.o
gcc -I"/opt/ohpc/pub/apps/R/4.2.2/lib64/R/include" -DNDEBUG -I./SuiteSparse_config -DNTIMER  -I/usr/local/include  -fvisibility=hidden -fpic  -g -O2  -c determinant.c -o determinant.o
gcc -I"/opt/ohpc/pub/apps/R/4.2.2/lib64/R/include" -DNDEBUG -I./SuiteSparse_config -DNTIMER  -I/usr/local/include  -fvisibility=hidden -fpic  -g -O2  -c dgCMatrix.c -o dgCMatrix.o
gcc -I"/opt/ohpc/pub/apps/R/4.2.2/lib64/R/include" -DNDEBUG -I./SuiteSparse_config -DNTIMER  -I/usr/local/include  -fvisibility=hidden -fpic  -g -O2  -c dgeMatrix.c -o dgeMatrix.o
gcc -I"/opt/ohpc/pub/apps/R/4.2.2/lib64/R/include" -DNDEBUG -I./SuiteSparse_config -DNTIMER  -I/usr/local/include  -fvisibility=hidden -fpic  -g -O2  -c factorizations.c -o factorizations.o
gcc -I"/opt/ohpc/pub/apps/R/4.2.2/lib64/R/include" -DNDEBUG -I./SuiteSparse_config -DNTIMER  -I/usr/local/include  -fvisibility=hidden -fpic  -g -O2  -c idz.c -o idz.o
gcc -I"/opt/ohpc/pub/apps/R/4.2.2/lib64/R/include" -DNDEBUG -I./SuiteSparse_config -DNTIMER  -I/usr/local/include  -fvisibility=hidden -fpic  -g -O2  -c init.c -o init.o
gcc -I"/opt/ohpc/pub/apps/R/4.2.2/lib64/R/include" -DNDEBUG -I./SuiteSparse_config -DNTIMER  -I/usr/local/include  -fvisibility=hidden -fpic  -g -O2  -c kappa.c -o kappa.o
gcc -I"/opt/ohpc/pub/apps/R/4.2.2/lib64/R/include" -DNDEBUG -I./SuiteSparse_config -DNTIMER  -I/usr/local/include  -fvisibility=hidden -fpic  -g -O2  -c objects.c -o objects.o
gcc -I"/opt/ohpc/pub/apps/R/4.2.2/lib64/R/include" -DNDEBUG -I./SuiteSparse_config -DNTIMER  -I/usr/local/include  -fvisibility=hidden -fpic  -g -O2  -c perm.c -o perm.o
gcc -I"/opt/ohpc/pub/apps/R/4.2.2/lib64/R/include" -DNDEBUG -I./SuiteSparse_config -DNTIMER  -I/usr/local/include  -fvisibility=hidden -fpic  -g -O2  -c products.c -o products.o
gcc -I"/opt/ohpc/pub/apps/R/4.2.2/lib64/R/include" -DNDEBUG -I./SuiteSparse_config -DNTIMER  -I/usr/local/include  -fvisibility=hidden -fpic  -g -O2  -c solve.c -o solve.o
gcc -I"/opt/ohpc/pub/apps/R/4.2.2/lib64/R/include" -DNDEBUG -I./SuiteSparse_config -DNTIMER  -I/usr/local/include  -fvisibility=hidden -fpic  -g -O2  -c sparse.c -o sparse.o
gcc -I"/opt/ohpc/pub/apps/R/4.2.2/lib64/R/include" -DNDEBUG -I./SuiteSparse_config -DNTIMER  -I/usr/local/include  -fvisibility=hidden -fpic  -g -O2  -c sparseVector.c -o sparseVector.o
gcc -I"/opt/ohpc/pub/apps/R/4.2.2/lib64/R/include" -DNDEBUG -I./SuiteSparse_config -DNTIMER  -I/usr/local/include  -fvisibility=hidden -fpic  -g -O2  -c subscript.c -o subscript.o
gcc -I"/opt/ohpc/pub/apps/R/4.2.2/lib64/R/include" -DNDEBUG -I./SuiteSparse_config -DNTIMER  -I/usr/local/include  -fvisibility=hidden -fpic  -g -O2  -c utils-R.c -o utils-R.o
gcc -I"/opt/ohpc/pub/apps/R/4.2.2/lib64/R/include" -DNDEBUG -I./SuiteSparse_config -DNTIMER  -I/usr/local/include  -fvisibility=hidden -fpic  -g -O2  -c utils.c -o utils.o
gcc -I"/opt/ohpc/pub/apps/R/4.2.2/lib64/R/include" -DNDEBUG -I./SuiteSparse_config -DNTIMER  -I/usr/local/include  -fvisibility=hidden -fpic  -g -O2  -c validity.c -o validity.o
make[1]: Entering directory `/tmp/RtmpoxBJTU/remotes66bd22baedb3/Matrix/src/CHOLMOD'
( cd Lib ; make clean )
make[2]: Entering directory `/tmp/RtmpoxBJTU/remotes66bd22baedb3/Matrix/src/CHOLMOD/Lib'
make[2]: Leaving directory `/tmp/RtmpoxBJTU/remotes66bd22baedb3/Matrix/src/CHOLMOD/Lib'
make[1]: Leaving directory `/tmp/RtmpoxBJTU/remotes66bd22baedb3/Matrix/src/CHOLMOD'
make[1]: Entering directory `/tmp/RtmpoxBJTU/remotes66bd22baedb3/Matrix/src/COLAMD'
( cd Source ; make clean )
make[2]: Entering directory `/tmp/RtmpoxBJTU/remotes66bd22baedb3/Matrix/src/COLAMD/Source'
make[2]: Leaving directory `/tmp/RtmpoxBJTU/remotes66bd22baedb3/Matrix/src/COLAMD/Source'
make[1]: Leaving directory `/tmp/RtmpoxBJTU/remotes66bd22baedb3/Matrix/src/COLAMD'
make[1]: Entering directory `/tmp/RtmpoxBJTU/remotes66bd22baedb3/Matrix/src/AMD'
( cd Source ; make clean )
make[2]: Entering directory `/tmp/RtmpoxBJTU/remotes66bd22baedb3/Matrix/src/AMD/Source'
make[2]: Leaving directory `/tmp/RtmpoxBJTU/remotes66bd22baedb3/Matrix/src/AMD/Source'
make[1]: Leaving directory `/tmp/RtmpoxBJTU/remotes66bd22baedb3/Matrix/src/AMD'
make[1]: Entering directory `/tmp/RtmpoxBJTU/remotes66bd22baedb3/Matrix/src/SuiteSparse_config'
make[1]: Leaving directory `/tmp/RtmpoxBJTU/remotes66bd22baedb3/Matrix/src/SuiteSparse_config'
make[1]: Entering directory `/tmp/RtmpoxBJTU/remotes66bd22baedb3/Matrix/src/CHOLMOD'
( cd Lib ; make -f "/opt/ohpc/pub/apps/R/4.2.2/lib64/R/etc/Makeconf" -f Makefile )
make[2]: Entering directory `/tmp/RtmpoxBJTU/remotes66bd22baedb3/Matrix/src/CHOLMOD/Lib'
gcc -I"/opt/ohpc/pub/apps/R/4.2.2/lib64/R/include" -DNDEBUG -I../../AMD/Include -I../../AMD/Source -I../../COLAMD/Include -I../Include -I../../SuiteSparse_config -DNPARTITION -DNPRINT  -I/usr/local/include   -fpic  -g -O2  -c ../Core/cholmod_aat.c -o cholmod_aat.o
gcc -I"/opt/ohpc/pub/apps/R/4.2.2/lib64/R/include" -DNDEBUG -I../../AMD/Include -I../../AMD/Source -I../../COLAMD/Include -I../Include -I../../SuiteSparse_config -DNPARTITION -DNPRINT  -I/usr/local/include   -fpic  -g -O2  -c ../Core/cholmod_add.c -o cholmod_add.o
gcc -I"/opt/ohpc/pub/apps/R/4.2.2/lib64/R/include" -DNDEBUG -I../../AMD/Include -I../../AMD/Source -I../../COLAMD/Include -I../Include -I../../SuiteSparse_config -DNPARTITION -DNPRINT  -I/usr/local/include   -fpic  -g -O2  -c ../Core/cholmod_band.c -o cholmod_band.o
gcc -I"/opt/ohpc/pub/apps/R/4.2.2/lib64/R/include" -DNDEBUG -I../../AMD/Include -I../../AMD/Source -I../../COLAMD/Include -I../Include -I../../SuiteSparse_config -DNPARTITION -DNPRINT  -I/usr/local/include   -fpic  -g -O2  -c ../Core/cholmod_change_factor.c -o cholmod_change_factor.o
gcc -I"/opt/ohpc/pub/apps/R/4.2.2/lib64/R/include" -DNDEBUG -I../../AMD/Include -I../../AMD/Source -I../../COLAMD/Include -I../Include -I../../SuiteSparse_config -DNPARTITION -DNPRINT  -I/usr/local/include   -fpic  -g -O2  -c ../Core/cholmod_common.c -o cholmod_common.o
gcc -I"/opt/ohpc/pub/apps/R/4.2.2/lib64/R/include" -DNDEBUG -I../../AMD/Include -I../../AMD/Source -I../../COLAMD/Include -I../Include -I../../SuiteSparse_config -DNPARTITION -DNPRINT  -I/usr/local/include   -fpic  -g -O2  -c ../Core/cholmod_complex.c -o cholmod_complex.o
gcc -I"/opt/ohpc/pub/apps/R/4.2.2/lib64/R/include" -DNDEBUG -I../../AMD/Include -I../../AMD/Source -I../../COLAMD/Include -I../Include -I../../SuiteSparse_config -DNPARTITION -DNPRINT  -I/usr/local/include   -fpic  -g -O2  -c ../Core/cholmod_copy.c -o cholmod_copy.o
gcc -I"/opt/ohpc/pub/apps/R/4.2.2/lib64/R/include" -DNDEBUG -I../../AMD/Include -I../../AMD/Source -I../../COLAMD/Include -I../Include -I../../SuiteSparse_config -DNPARTITION -DNPRINT  -I/usr/local/include   -fpic  -g -O2  -c ../Core/cholmod_dense.c -o cholmod_dense.o
gcc -I"/opt/ohpc/pub/apps/R/4.2.2/lib64/R/include" -DNDEBUG -I../../AMD/Include -I../../AMD/Source -I../../COLAMD/Include -I../Include -I../../SuiteSparse_config -DNPARTITION -DNPRINT  -I/usr/local/include   -fpic  -g -O2  -c ../Core/cholmod_error.c -o cholmod_error.o
gcc -I"/opt/ohpc/pub/apps/R/4.2.2/lib64/R/include" -DNDEBUG -I../../AMD/Include -I../../AMD/Source -I../../COLAMD/Include -I../Include -I../../SuiteSparse_config -DNPARTITION -DNPRINT  -I/usr/local/include   -fpic  -g -O2  -c ../Core/cholmod_factor.c -o cholmod_factor.o
gcc -I"/opt/ohpc/pub/apps/R/4.2.2/lib64/R/include" -DNDEBUG -I../../AMD/Include -I../../AMD/Source -I../../COLAMD/Include -I../Include -I../../SuiteSparse_config -DNPARTITION -DNPRINT  -I/usr/local/include   -fpic  -g -O2  -c ../Core/cholmod_memory.c -o cholmod_memory.o
gcc -I"/opt/ohpc/pub/apps/R/4.2.2/lib64/R/include" -DNDEBUG -I../../AMD/Include -I../../AMD/Source -I../../COLAMD/Include -I../Include -I../../SuiteSparse_config -DNPARTITION -DNPRINT  -I/usr/local/include   -fpic  -g -O2  -c ../Core/cholmod_sparse.c -o cholmod_sparse.o
gcc -I"/opt/ohpc/pub/apps/R/4.2.2/lib64/R/include" -DNDEBUG -I../../AMD/Include -I../../AMD/Source -I../../COLAMD/Include -I../Include -I../../SuiteSparse_config -DNPARTITION -DNPRINT  -I/usr/local/include   -fpic  -g -O2  -c ../Core/cholmod_transpose.c -o cholmod_transpose.o
gcc -I"/opt/ohpc/pub/apps/R/4.2.2/lib64/R/include" -DNDEBUG -I../../AMD/Include -I../../AMD/Source -I../../COLAMD/Include -I../Include -I../../SuiteSparse_config -DNPARTITION -DNPRINT  -I/usr/local/include   -fpic  -g -O2  -c ../Core/cholmod_triplet.c -o cholmod_triplet.o
gcc -I"/opt/ohpc/pub/apps/R/4.2.2/lib64/R/include" -DNDEBUG -I../../AMD/Include -I../../AMD/Source -I../../COLAMD/Include -I../Include -I../../SuiteSparse_config -DNPARTITION -DNPRINT  -I/usr/local/include   -fpic  -g -O2  -c ../Core/cholmod_version.c -o cholmod_version.o
gcc -I"/opt/ohpc/pub/apps/R/4.2.2/lib64/R/include" -DNDEBUG -I../../AMD/Include -I../../AMD/Source -I../../COLAMD/Include -I../Include -I../../SuiteSparse_config -DNPARTITION -DNPRINT  -I/usr/local/include   -fpic  -g -O2  -c ../Check/cholmod_check.c -o cholmod_check.o
gcc -I"/opt/ohpc/pub/apps/R/4.2.2/lib64/R/include" -DNDEBUG -I../../AMD/Include -I../../AMD/Source -I../../COLAMD/Include -I../Include -I../../SuiteSparse_config -DNPARTITION -DNPRINT  -I/usr/local/include   -fpic  -g -O2  -c ../Check/cholmod_read.c -o cholmod_read.o
gcc -I"/opt/ohpc/pub/apps/R/4.2.2/lib64/R/include" -DNDEBUG -I../../AMD/Include -I../../AMD/Source -I../../COLAMD/Include -I../Include -I../../SuiteSparse_config -DNPARTITION -DNPRINT  -I/usr/local/include   -fpic  -g -O2  -c ../Check/cholmod_write.c -o cholmod_write.o
gcc -I"/opt/ohpc/pub/apps/R/4.2.2/lib64/R/include" -DNDEBUG -I../../AMD/Include -I../../AMD/Source -I../../COLAMD/Include -I../Include -I../../SuiteSparse_config -DNPARTITION -DNPRINT  -I/usr/local/include   -fpic  -g -O2  -c ../Cholesky/cholmod_amd.c -o cholmod_amd.o
gcc -I"/opt/ohpc/pub/apps/R/4.2.2/lib64/R/include" -DNDEBUG -I../../AMD/Include -I../../AMD/Source -I../../COLAMD/Include -I../Include -I../../SuiteSparse_config -DNPARTITION -DNPRINT  -I/usr/local/include   -fpic  -g -O2  -c ../Cholesky/cholmod_analyze.c -o cholmod_analyze.o
gcc -I"/opt/ohpc/pub/apps/R/4.2.2/lib64/R/include" -DNDEBUG -I../../AMD/Include -I../../AMD/Source -I../../COLAMD/Include -I../Include -I../../SuiteSparse_config -DNPARTITION -DNPRINT  -I/usr/local/include   -fpic  -g -O2  -c ../Cholesky/cholmod_colamd.c -o cholmod_colamd.o
gcc -I"/opt/ohpc/pub/apps/R/4.2.2/lib64/R/include" -DNDEBUG -I../../AMD/Include -I../../AMD/Source -I../../COLAMD/Include -I../Include -I../../SuiteSparse_config -DNPARTITION -DNPRINT  -I/usr/local/include   -fpic  -g -O2  -c ../Cholesky/cholmod_etree.c -o cholmod_etree.o
gcc -I"/opt/ohpc/pub/apps/R/4.2.2/lib64/R/include" -DNDEBUG -I../../AMD/Include -I../../AMD/Source -I../../COLAMD/Include -I../Include -I../../SuiteSparse_config -DNPARTITION -DNPRINT  -I/usr/local/include   -fpic  -g -O2  -c ../Cholesky/cholmod_factorize.c -o cholmod_factorize.o
gcc -I"/opt/ohpc/pub/apps/R/4.2.2/lib64/R/include" -DNDEBUG -I../../AMD/Include -I../../AMD/Source -I../../COLAMD/Include -I../Include -I../../SuiteSparse_config -DNPARTITION -DNPRINT  -I/usr/local/include   -fpic  -g -O2  -c ../Cholesky/cholmod_postorder.c -o cholmod_postorder.o
gcc -I"/opt/ohpc/pub/apps/R/4.2.2/lib64/R/include" -DNDEBUG -I../../AMD/Include -I../../AMD/Source -I../../COLAMD/Include -I../Include -I../../SuiteSparse_config -DNPARTITION -DNPRINT  -I/usr/local/include   -fpic  -g -O2  -c ../Cholesky/cholmod_rcond.c -o cholmod_rcond.o
gcc -I"/opt/ohpc/pub/apps/R/4.2.2/lib64/R/include" -DNDEBUG -I../../AMD/Include -I../../AMD/Source -I../../COLAMD/Include -I../Include -I../../SuiteSparse_config -DNPARTITION -DNPRINT  -I/usr/local/include   -fpic  -g -O2  -c ../Cholesky/cholmod_resymbol.c -o cholmod_resymbol.o
gcc -I"/opt/ohpc/pub/apps/R/4.2.2/lib64/R/include" -DNDEBUG -I../../AMD/Include -I../../AMD/Source -I../../COLAMD/Include -I../Include -I../../SuiteSparse_config -DNPARTITION -DNPRINT  -I/usr/local/include   -fpic  -g -O2  -c ../Cholesky/cholmod_rowcolcounts.c -o cholmod_rowcolcounts.o
gcc -I"/opt/ohpc/pub/apps/R/4.2.2/lib64/R/include" -DNDEBUG -I../../AMD/Include -I../../AMD/Source -I../../COLAMD/Include -I../Include -I../../SuiteSparse_config -DNPARTITION -DNPRINT  -I/usr/local/include   -fpic  -g -O2  -c ../Cholesky/cholmod_rowfac.c -o cholmod_rowfac.o
gcc -I"/opt/ohpc/pub/apps/R/4.2.2/lib64/R/include" -DNDEBUG -I../../AMD/Include -I../../AMD/Source -I../../COLAMD/Include -I../Include -I../../SuiteSparse_config -DNPARTITION -DNPRINT  -I/usr/local/include   -fpic  -g -O2  -c ../Cholesky/cholmod_solve.c -o cholmod_solve.o
gcc -I"/opt/ohpc/pub/apps/R/4.2.2/lib64/R/include" -DNDEBUG -I../../AMD/Include -I../../AMD/Source -I../../COLAMD/Include -I../Include -I../../SuiteSparse_config -DNPARTITION -DNPRINT  -I/usr/local/include   -fpic  -g -O2  -c ../Cholesky/cholmod_spsolve.c -o cholmod_spsolve.o
gcc -I"/opt/ohpc/pub/apps/R/4.2.2/lib64/R/include" -DNDEBUG -I../../AMD/Include -I../../AMD/Source -I../../COLAMD/Include -I../Include -I../../SuiteSparse_config -DNPARTITION -DNPRINT  -I/usr/local/include   -fpic  -g -O2  -c ../MatrixOps/cholmod_drop.c -o cholmod_drop.o
gcc -I"/opt/ohpc/pub/apps/R/4.2.2/lib64/R/include" -DNDEBUG -I../../AMD/Include -I../../AMD/Source -I../../COLAMD/Include -I../Include -I../../SuiteSparse_config -DNPARTITION -DNPRINT  -I/usr/local/include   -fpic  -g -O2  -c ../MatrixOps/cholmod_horzcat.c -o cholmod_horzcat.o
gcc -I"/opt/ohpc/pub/apps/R/4.2.2/lib64/R/include" -DNDEBUG -I../../AMD/Include -I../../AMD/Source -I../../COLAMD/Include -I../Include -I../../SuiteSparse_config -DNPARTITION -DNPRINT  -I/usr/local/include   -fpic  -g -O2  -c ../MatrixOps/cholmod_norm.c -o cholmod_norm.o
gcc -I"/opt/ohpc/pub/apps/R/4.2.2/lib64/R/include" -DNDEBUG -I../../AMD/Include -I../../AMD/Source -I../../COLAMD/Include -I../Include -I../../SuiteSparse_config -DNPARTITION -DNPRINT  -I/usr/local/include   -fpic  -g -O2  -c ../MatrixOps/cholmod_scale.c -o cholmod_scale.o
gcc -I"/opt/ohpc/pub/apps/R/4.2.2/lib64/R/include" -DNDEBUG -I../../AMD/Include -I../../AMD/Source -I../../COLAMD/Include -I../Include -I../../SuiteSparse_config -DNPARTITION -DNPRINT  -I/usr/local/include   -fpic  -g -O2  -c ../MatrixOps/cholmod_sdmult.c -o cholmod_sdmult.o
gcc -I"/opt/ohpc/pub/apps/R/4.2.2/lib64/R/include" -DNDEBUG -I../../AMD/Include -I../../AMD/Source -I../../COLAMD/Include -I../Include -I../../SuiteSparse_config -DNPARTITION -DNPRINT  -I/usr/local/include   -fpic  -g -O2  -c ../MatrixOps/cholmod_ssmult.c -o cholmod_ssmult.o
gcc -I"/opt/ohpc/pub/apps/R/4.2.2/lib64/R/include" -DNDEBUG -I../../AMD/Include -I../../AMD/Source -I../../COLAMD/Include -I../Include -I../../SuiteSparse_config -DNPARTITION -DNPRINT  -I/usr/local/include   -fpic  -g -O2  -c ../MatrixOps/cholmod_submatrix.c -o cholmod_submatrix.o
gcc -I"/opt/ohpc/pub/apps/R/4.2.2/lib64/R/include" -DNDEBUG -I../../AMD/Include -I../../AMD/Source -I../../COLAMD/Include -I../Include -I../../SuiteSparse_config -DNPARTITION -DNPRINT  -I/usr/local/include   -fpic  -g -O2  -c ../MatrixOps/cholmod_vertcat.c -o cholmod_vertcat.o
gcc -I"/opt/ohpc/pub/apps/R/4.2.2/lib64/R/include" -DNDEBUG -I../../AMD/Include -I../../AMD/Source -I../../COLAMD/Include -I../Include -I../../SuiteSparse_config -DNPARTITION -DNPRINT  -I/usr/local/include   -fpic  -g -O2  -c ../MatrixOps/cholmod_symmetry.c -o cholmod_symmetry.o
gcc -I"/opt/ohpc/pub/apps/R/4.2.2/lib64/R/include" -DNDEBUG -I../../AMD/Include -I../../AMD/Source -I../../COLAMD/Include -I../Include -I../../SuiteSparse_config -DNPARTITION -DNPRINT  -I/usr/local/include   -fpic  -g -O2  -c ../Modify/cholmod_rowadd.c -o cholmod_rowadd.o
gcc -I"/opt/ohpc/pub/apps/R/4.2.2/lib64/R/include" -DNDEBUG -I../../AMD/Include -I../../AMD/Source -I../../COLAMD/Include -I../Include -I../../SuiteSparse_config -DNPARTITION -DNPRINT  -I/usr/local/include   -fpic  -g -O2  -c ../Modify/cholmod_rowdel.c -o cholmod_rowdel.o
gcc -I"/opt/ohpc/pub/apps/R/4.2.2/lib64/R/include" -DNDEBUG -I../../AMD/Include -I../../AMD/Source -I../../COLAMD/Include -I../Include -I../../SuiteSparse_config -DNPARTITION -DNPRINT  -I/usr/local/include   -fpic  -g -O2  -c ../Modify/cholmod_updown.c -o cholmod_updown.o
gcc -I"/opt/ohpc/pub/apps/R/4.2.2/lib64/R/include" -DNDEBUG -I../../AMD/Include -I../../AMD/Source -I../../COLAMD/Include -I../Include -I../../SuiteSparse_config -DNPARTITION -DNPRINT  -I/usr/local/include   -fpic  -g -O2  -c ../Supernodal/cholmod_super_numeric.c -o cholmod_super_numeric.o
gcc -I"/opt/ohpc/pub/apps/R/4.2.2/lib64/R/include" -DNDEBUG -I../../AMD/Include -I../../AMD/Source -I../../COLAMD/Include -I../Include -I../../SuiteSparse_config -DNPARTITION -DNPRINT  -I/usr/local/include   -fpic  -g -O2  -c ../Supernodal/cholmod_super_solve.c -o cholmod_super_solve.o
gcc -I"/opt/ohpc/pub/apps/R/4.2.2/lib64/R/include" -DNDEBUG -I../../AMD/Include -I../../AMD/Source -I../../COLAMD/Include -I../Include -I../../SuiteSparse_config -DNPARTITION -DNPRINT  -I/usr/local/include   -fpic  -g -O2  -c ../Supernodal/cholmod_super_symbolic.c -o cholmod_super_symbolic.o
gcc -I"/opt/ohpc/pub/apps/R/4.2.2/lib64/R/include" -DNDEBUG -I../../AMD/Include -I../../AMD/Source -I../../COLAMD/Include -I../Include -I../../SuiteSparse_config -DNPARTITION -DNPRINT  -I/usr/local/include   -fpic  -g -O2  -DDLONG -c  ../Core/cholmod_aat.c -o cholmod_l_aat.o
gcc -I"/opt/ohpc/pub/apps/R/4.2.2/lib64/R/include" -DNDEBUG -I../../AMD/Include -I../../AMD/Source -I../../COLAMD/Include -I../Include -I../../SuiteSparse_config -DNPARTITION -DNPRINT  -I/usr/local/include   -fpic  -g -O2  -DDLONG -c  ../Core/cholmod_add.c -o cholmod_l_add.o
gcc -I"/opt/ohpc/pub/apps/R/4.2.2/lib64/R/include" -DNDEBUG -I../../AMD/Include -I../../AMD/Source -I../../COLAMD/Include -I../Include -I../../SuiteSparse_config -DNPARTITION -DNPRINT  -I/usr/local/include   -fpic  -g -O2  -DDLONG -c  ../Core/cholmod_band.c -o cholmod_l_band.o
gcc -I"/opt/ohpc/pub/apps/R/4.2.2/lib64/R/include" -DNDEBUG -I../../AMD/Include -I../../AMD/Source -I../../COLAMD/Include -I../Include -I../../SuiteSparse_config -DNPARTITION -DNPRINT  -I/usr/local/include   -fpic  -g -O2  -DDLONG -c  ../Core/cholmod_change_factor.c -o cholmod_l_change_factor.o
gcc -I"/opt/ohpc/pub/apps/R/4.2.2/lib64/R/include" -DNDEBUG -I../../AMD/Include -I../../AMD/Source -I../../COLAMD/Include -I../Include -I../../SuiteSparse_config -DNPARTITION -DNPRINT  -I/usr/local/include   -fpic  -g -O2  -DDLONG -c  ../Core/cholmod_common.c -o cholmod_l_common.o
gcc -I"/opt/ohpc/pub/apps/R/4.2.2/lib64/R/include" -DNDEBUG -I../../AMD/Include -I../../AMD/Source -I../../COLAMD/Include -I../Include -I../../SuiteSparse_config -DNPARTITION -DNPRINT  -I/usr/local/include   -fpic  -g -O2  -DDLONG -c  ../Core/cholmod_complex.c -o cholmod_l_complex.o
gcc -I"/opt/ohpc/pub/apps/R/4.2.2/lib64/R/include" -DNDEBUG -I../../AMD/Include -I../../AMD/Source -I../../COLAMD/Include -I../Include -I../../SuiteSparse_config -DNPARTITION -DNPRINT  -I/usr/local/include   -fpic  -g -O2  -DDLONG -c  ../Core/cholmod_copy.c -o cholmod_l_copy.o
gcc -I"/opt/ohpc/pub/apps/R/4.2.2/lib64/R/include" -DNDEBUG -I../../AMD/Include -I../../AMD/Source -I../../COLAMD/Include -I../Include -I../../SuiteSparse_config -DNPARTITION -DNPRINT  -I/usr/local/include   -fpic  -g -O2  -DDLONG -c  ../Core/cholmod_dense.c -o cholmod_l_dense.o
gcc -I"/opt/ohpc/pub/apps/R/4.2.2/lib64/R/include" -DNDEBUG -I../../AMD/Include -I../../AMD/Source -I../../COLAMD/Include -I../Include -I../../SuiteSparse_config -DNPARTITION -DNPRINT  -I/usr/local/include   -fpic  -g -O2  -DDLONG -c  ../Core/cholmod_error.c -o cholmod_l_error.o
gcc -I"/opt/ohpc/pub/apps/R/4.2.2/lib64/R/include" -DNDEBUG -I../../AMD/Include -I../../AMD/Source -I../../COLAMD/Include -I../Include -I../../SuiteSparse_config -DNPARTITION -DNPRINT  -I/usr/local/include   -fpic  -g -O2  -DDLONG -c  ../Core/cholmod_factor.c -o cholmod_l_factor.o
gcc -I"/opt/ohpc/pub/apps/R/4.2.2/lib64/R/include" -DNDEBUG -I../../AMD/Include -I../../AMD/Source -I../../COLAMD/Include -I../Include -I../../SuiteSparse_config -DNPARTITION -DNPRINT  -I/usr/local/include   -fpic  -g -O2  -DDLONG -c  ../Core/cholmod_memory.c -o cholmod_l_memory.o
gcc -I"/opt/ohpc/pub/apps/R/4.2.2/lib64/R/include" -DNDEBUG -I../../AMD/Include -I../../AMD/Source -I../../COLAMD/Include -I../Include -I../../SuiteSparse_config -DNPARTITION -DNPRINT  -I/usr/local/include   -fpic  -g -O2  -DDLONG -c  ../Core/cholmod_sparse.c -o cholmod_l_sparse.o
gcc -I"/opt/ohpc/pub/apps/R/4.2.2/lib64/R/include" -DNDEBUG -I../../AMD/Include -I../../AMD/Source -I../../COLAMD/Include -I../Include -I../../SuiteSparse_config -DNPARTITION -DNPRINT  -I/usr/local/include   -fpic  -g -O2  -DDLONG -c  ../Core/cholmod_transpose.c -o cholmod_l_transpose.o
gcc -I"/opt/ohpc/pub/apps/R/4.2.2/lib64/R/include" -DNDEBUG -I../../AMD/Include -I../../AMD/Source -I../../COLAMD/Include -I../Include -I../../SuiteSparse_config -DNPARTITION -DNPRINT  -I/usr/local/include   -fpic  -g -O2  -DDLONG -c  ../Core/cholmod_triplet.c -o cholmod_l_triplet.o
gcc -I"/opt/ohpc/pub/apps/R/4.2.2/lib64/R/include" -DNDEBUG -I../../AMD/Include -I../../AMD/Source -I../../COLAMD/Include -I../Include -I../../SuiteSparse_config -DNPARTITION -DNPRINT  -I/usr/local/include   -fpic  -g -O2  -DDLONG -c  ../Core/cholmod_version.c -o cholmod_l_version.o
gcc -I"/opt/ohpc/pub/apps/R/4.2.2/lib64/R/include" -DNDEBUG -I../../AMD/Include -I../../AMD/Source -I../../COLAMD/Include -I../Include -I../../SuiteSparse_config -DNPARTITION -DNPRINT  -I/usr/local/include   -fpic  -g -O2  -DDLONG -c  ../Check/cholmod_check.c -o cholmod_l_check.o
gcc -I"/opt/ohpc/pub/apps/R/4.2.2/lib64/R/include" -DNDEBUG -I../../AMD/Include -I../../AMD/Source -I../../COLAMD/Include -I../Include -I../../SuiteSparse_config -DNPARTITION -DNPRINT  -I/usr/local/include   -fpic  -g -O2  -DDLONG -c  ../Check/cholmod_read.c -o cholmod_l_read.o
gcc -I"/opt/ohpc/pub/apps/R/4.2.2/lib64/R/include" -DNDEBUG -I../../AMD/Include -I../../AMD/Source -I../../COLAMD/Include -I../Include -I../../SuiteSparse_config -DNPARTITION -DNPRINT  -I/usr/local/include   -fpic  -g -O2  -DDLONG -c  ../Check/cholmod_write.c -o cholmod_l_write.o
gcc -I"/opt/ohpc/pub/apps/R/4.2.2/lib64/R/include" -DNDEBUG -I../../AMD/Include -I../../AMD/Source -I../../COLAMD/Include -I../Include -I../../SuiteSparse_config -DNPARTITION -DNPRINT  -I/usr/local/include   -fpic  -g -O2  -DDLONG -c  ../Cholesky/cholmod_amd.c -o cholmod_l_amd.o
gcc -I"/opt/ohpc/pub/apps/R/4.2.2/lib64/R/include" -DNDEBUG -I../../AMD/Include -I../../AMD/Source -I../../COLAMD/Include -I../Include -I../../SuiteSparse_config -DNPARTITION -DNPRINT  -I/usr/local/include   -fpic  -g -O2  -DDLONG -c  ../Cholesky/cholmod_analyze.c -o cholmod_l_analyze.o
gcc -I"/opt/ohpc/pub/apps/R/4.2.2/lib64/R/include" -DNDEBUG -I../../AMD/Include -I../../AMD/Source -I../../COLAMD/Include -I../Include -I../../SuiteSparse_config -DNPARTITION -DNPRINT  -I/usr/local/include   -fpic  -g -O2  -DDLONG -c  ../Cholesky/cholmod_colamd.c -o cholmod_l_colamd.o
gcc -I"/opt/ohpc/pub/apps/R/4.2.2/lib64/R/include" -DNDEBUG -I../../AMD/Include -I../../AMD/Source -I../../COLAMD/Include -I../Include -I../../SuiteSparse_config -DNPARTITION -DNPRINT  -I/usr/local/include   -fpic  -g -O2  -DDLONG -c  ../Cholesky/cholmod_etree.c -o cholmod_l_etree.o
gcc -I"/opt/ohpc/pub/apps/R/4.2.2/lib64/R/include" -DNDEBUG -I../../AMD/Include -I../../AMD/Source -I../../COLAMD/Include -I../Include -I../../SuiteSparse_config -DNPARTITION -DNPRINT  -I/usr/local/include   -fpic  -g -O2  -DDLONG -c  ../Cholesky/cholmod_factorize.c -o cholmod_l_factorize.o
gcc -I"/opt/ohpc/pub/apps/R/4.2.2/lib64/R/include" -DNDEBUG -I../../AMD/Include -I../../AMD/Source -I../../COLAMD/Include -I../Include -I../../SuiteSparse_config -DNPARTITION -DNPRINT  -I/usr/local/include   -fpic  -g -O2  -DDLONG -c  ../Cholesky/cholmod_postorder.c -o cholmod_l_postorder.o
gcc -I"/opt/ohpc/pub/apps/R/4.2.2/lib64/R/include" -DNDEBUG -I../../AMD/Include -I../../AMD/Source -I../../COLAMD/Include -I../Include -I../../SuiteSparse_config -DNPARTITION -DNPRINT  -I/usr/local/include   -fpic  -g -O2  -DDLONG -c  ../Cholesky/cholmod_rcond.c -o cholmod_l_rcond.o
gcc -I"/opt/ohpc/pub/apps/R/4.2.2/lib64/R/include" -DNDEBUG -I../../AMD/Include -I../../AMD/Source -I../../COLAMD/Include -I../Include -I../../SuiteSparse_config -DNPARTITION -DNPRINT  -I/usr/local/include   -fpic  -g -O2  -DDLONG -c  ../Cholesky/cholmod_resymbol.c -o cholmod_l_resymbol.o
gcc -I"/opt/ohpc/pub/apps/R/4.2.2/lib64/R/include" -DNDEBUG -I../../AMD/Include -I../../AMD/Source -I../../COLAMD/Include -I../Include -I../../SuiteSparse_config -DNPARTITION -DNPRINT  -I/usr/local/include   -fpic  -g -O2  -DDLONG -c  ../Cholesky/cholmod_rowcolcounts.c -o cholmod_l_rowcolcounts.o
gcc -I"/opt/ohpc/pub/apps/R/4.2.2/lib64/R/include" -DNDEBUG -I../../AMD/Include -I../../AMD/Source -I../../COLAMD/Include -I../Include -I../../SuiteSparse_config -DNPARTITION -DNPRINT  -I/usr/local/include   -fpic  -g -O2  -DDLONG -c  ../Cholesky/cholmod_rowfac.c -o cholmod_l_rowfac.o
gcc -I"/opt/ohpc/pub/apps/R/4.2.2/lib64/R/include" -DNDEBUG -I../../AMD/Include -I../../AMD/Source -I../../COLAMD/Include -I../Include -I../../SuiteSparse_config -DNPARTITION -DNPRINT  -I/usr/local/include   -fpic  -g -O2  -DDLONG -c  ../Cholesky/cholmod_solve.c -o cholmod_l_solve.o
gcc -I"/opt/ohpc/pub/apps/R/4.2.2/lib64/R/include" -DNDEBUG -I../../AMD/Include -I../../AMD/Source -I../../COLAMD/Include -I../Include -I../../SuiteSparse_config -DNPARTITION -DNPRINT  -I/usr/local/include   -fpic  -g -O2  -DDLONG -c  ../Cholesky/cholmod_spsolve.c -o cholmod_l_spsolve.o
gcc -I"/opt/ohpc/pub/apps/R/4.2.2/lib64/R/include" -DNDEBUG -I../../AMD/Include -I../../AMD/Source -I../../COLAMD/Include -I../Include -I../../SuiteSparse_config -DNPARTITION -DNPRINT  -I/usr/local/include   -fpic  -g -O2  -DDLONG -c  ../MatrixOps/cholmod_drop.c -o cholmod_l_drop.o
gcc -I"/opt/ohpc/pub/apps/R/4.2.2/lib64/R/include" -DNDEBUG -I../../AMD/Include -I../../AMD/Source -I../../COLAMD/Include -I../Include -I../../SuiteSparse_config -DNPARTITION -DNPRINT  -I/usr/local/include   -fpic  -g -O2  -DDLONG -c  ../MatrixOps/cholmod_horzcat.c -o cholmod_l_horzcat.o
gcc -I"/opt/ohpc/pub/apps/R/4.2.2/lib64/R/include" -DNDEBUG -I../../AMD/Include -I../../AMD/Source -I../../COLAMD/Include -I../Include -I../../SuiteSparse_config -DNPARTITION -DNPRINT  -I/usr/local/include   -fpic  -g -O2  -DDLONG -c  ../MatrixOps/cholmod_norm.c -o cholmod_l_norm.o
gcc -I"/opt/ohpc/pub/apps/R/4.2.2/lib64/R/include" -DNDEBUG -I../../AMD/Include -I../../AMD/Source -I../../COLAMD/Include -I../Include -I../../SuiteSparse_config -DNPARTITION -DNPRINT  -I/usr/local/include   -fpic  -g -O2  -DDLONG -c  ../MatrixOps/cholmod_scale.c -o cholmod_l_scale.o
gcc -I"/opt/ohpc/pub/apps/R/4.2.2/lib64/R/include" -DNDEBUG -I../../AMD/Include -I../../AMD/Source -I../../COLAMD/Include -I../Include -I../../SuiteSparse_config -DNPARTITION -DNPRINT  -I/usr/local/include   -fpic  -g -O2  -DDLONG -c  ../MatrixOps/cholmod_sdmult.c -o cholmod_l_sdmult.o
gcc -I"/opt/ohpc/pub/apps/R/4.2.2/lib64/R/include" -DNDEBUG -I../../AMD/Include -I../../AMD/Source -I../../COLAMD/Include -I../Include -I../../SuiteSparse_config -DNPARTITION -DNPRINT  -I/usr/local/include   -fpic  -g -O2  -DDLONG -c  ../MatrixOps/cholmod_ssmult.c -o cholmod_l_ssmult.o
gcc -I"/opt/ohpc/pub/apps/R/4.2.2/lib64/R/include" -DNDEBUG -I../../AMD/Include -I../../AMD/Source -I../../COLAMD/Include -I../Include -I../../SuiteSparse_config -DNPARTITION -DNPRINT  -I/usr/local/include   -fpic  -g -O2  -DDLONG -c  ../MatrixOps/cholmod_submatrix.c -o cholmod_l_submatrix.o
gcc -I"/opt/ohpc/pub/apps/R/4.2.2/lib64/R/include" -DNDEBUG -I../../AMD/Include -I../../AMD/Source -I../../COLAMD/Include -I../Include -I../../SuiteSparse_config -DNPARTITION -DNPRINT  -I/usr/local/include   -fpic  -g -O2  -DDLONG -c  ../MatrixOps/cholmod_vertcat.c -o cholmod_l_vertcat.o
gcc -I"/opt/ohpc/pub/apps/R/4.2.2/lib64/R/include" -DNDEBUG -I../../AMD/Include -I../../AMD/Source -I../../COLAMD/Include -I../Include -I../../SuiteSparse_config -DNPARTITION -DNPRINT  -I/usr/local/include   -fpic  -g -O2  -DDLONG -c  ../MatrixOps/cholmod_symmetry.c -o cholmod_l_symmetry.o
gcc -I"/opt/ohpc/pub/apps/R/4.2.2/lib64/R/include" -DNDEBUG -I../../AMD/Include -I../../AMD/Source -I../../COLAMD/Include -I../Include -I../../SuiteSparse_config -DNPARTITION -DNPRINT  -I/usr/local/include   -fpic  -g -O2  -DDLONG -c  ../Modify/cholmod_rowadd.c -o cholmod_l_rowadd.o
gcc -I"/opt/ohpc/pub/apps/R/4.2.2/lib64/R/include" -DNDEBUG -I../../AMD/Include -I../../AMD/Source -I../../COLAMD/Include -I../Include -I../../SuiteSparse_config -DNPARTITION -DNPRINT  -I/usr/local/include   -fpic  -g -O2  -DDLONG -c  ../Modify/cholmod_rowdel.c -o cholmod_l_rowdel.o
gcc -I"/opt/ohpc/pub/apps/R/4.2.2/lib64/R/include" -DNDEBUG -I../../AMD/Include -I../../AMD/Source -I../../COLAMD/Include -I../Include -I../../SuiteSparse_config -DNPARTITION -DNPRINT  -I/usr/local/include   -fpic  -g -O2  -DDLONG -c  ../Modify/cholmod_updown.c -o cholmod_l_updown.o
gcc -I"/opt/ohpc/pub/apps/R/4.2.2/lib64/R/include" -DNDEBUG -I../../AMD/Include -I../../AMD/Source -I../../COLAMD/Include -I../Include -I../../SuiteSparse_config -DNPARTITION -DNPRINT  -I/usr/local/include   -fpic  -g -O2  -DDLONG -c  ../Supernodal/cholmod_super_numeric.c -o cholmod_l_super_numeric.o
gcc -I"/opt/ohpc/pub/apps/R/4.2.2/lib64/R/include" -DNDEBUG -I../../AMD/Include -I../../AMD/Source -I../../COLAMD/Include -I../Include -I../../SuiteSparse_config -DNPARTITION -DNPRINT  -I/usr/local/include   -fpic  -g -O2  -DDLONG -c  ../Supernodal/cholmod_super_solve.c -o cholmod_l_super_solve.o
gcc -I"/opt/ohpc/pub/apps/R/4.2.2/lib64/R/include" -DNDEBUG -I../../AMD/Include -I../../AMD/Source -I../../COLAMD/Include -I../Include -I../../SuiteSparse_config -DNPARTITION -DNPRINT  -I/usr/local/include   -fpic  -g -O2  -DDLONG -c  ../Supernodal/cholmod_super_symbolic.c -o cholmod_l_super_symbolic.o
ar -rucs ../../CHOLMOD.a cholmod_aat.o cholmod_add.o cholmod_band.o cholmod_change_factor.o cholmod_common.o cholmod_complex.o cholmod_copy.o cholmod_dense.o cholmod_error.o cholmod_factor.o cholmod_memory.o cholmod_sparse.o cholmod_transpose.o cholmod_triplet.o cholmod_version.o cholmod_check.o cholmod_read.o cholmod_write.o cholmod_amd.o cholmod_analyze.o cholmod_colamd.o cholmod_etree.o cholmod_factorize.o cholmod_postorder.o cholmod_rcond.o cholmod_resymbol.o cholmod_rowcolcounts.o cholmod_rowfac.o cholmod_solve.o cholmod_spsolve.o cholmod_drop.o cholmod_horzcat.o cholmod_norm.o cholmod_scale.o cholmod_sdmult.o cholmod_ssmult.o cholmod_submatrix.o cholmod_vertcat.o cholmod_symmetry.o cholmod_rowadd.o cholmod_rowdel.o cholmod_updown.o cholmod_super_numeric.o cholmod_super_solve.o cholmod_super_symbolic.o  cholmod_l_aat.o cholmod_l_add.o cholmod_l_band.o cholmod_l_change_factor.o cholmod_l_common.o cholmod_l_complex.o cholmod_l_copy.o cholmod_l_dense.o cholmod_l_error.o cholmod_l_factor.o cholmod_l_memory.o cholmod_l_sparse.o cholmod_l_transpose.o cholmod_l_triplet.o cholmod_l_version.o cholmod_l_check.o cholmod_l_read.o cholmod_l_write.o cholmod_l_amd.o cholmod_l_analyze.o cholmod_l_colamd.o cholmod_l_etree.o cholmod_l_factorize.o cholmod_l_postorder.o cholmod_l_rcond.o cholmod_l_resymbol.o cholmod_l_rowcolcounts.o cholmod_l_rowfac.o cholmod_l_solve.o cholmod_l_spsolve.o cholmod_l_drop.o cholmod_l_horzcat.o cholmod_l_norm.o cholmod_l_scale.o cholmod_l_sdmult.o cholmod_l_ssmult.o cholmod_l_submatrix.o cholmod_l_vertcat.o cholmod_l_symmetry.o cholmod_l_rowadd.o cholmod_l_rowdel.o cholmod_l_updown.o cholmod_l_super_numeric.o cholmod_l_super_solve.o cholmod_l_super_symbolic.o 
make[2]: Leaving directory `/tmp/RtmpoxBJTU/remotes66bd22baedb3/Matrix/src/CHOLMOD/Lib'
make[1]: Leaving directory `/tmp/RtmpoxBJTU/remotes66bd22baedb3/Matrix/src/CHOLMOD'
make[1]: Entering directory `/tmp/RtmpoxBJTU/remotes66bd22baedb3/Matrix/src/COLAMD'
( cd Source ; make -f "/opt/ohpc/pub/apps/R/4.2.2/lib64/R/etc/Makeconf" -f Makefile lib )
make[2]: Entering directory `/tmp/RtmpoxBJTU/remotes66bd22baedb3/Matrix/src/COLAMD/Source'
gcc -I"/opt/ohpc/pub/apps/R/4.2.2/lib64/R/include" -DNDEBUG -I../Include -I../../SuiteSparse_config  -I/usr/local/include   -fpic  -g -O2  -c colamd.c -o colamd.o
gcc -I"/opt/ohpc/pub/apps/R/4.2.2/lib64/R/include" -DNDEBUG -I../Include -I../../SuiteSparse_config  -I/usr/local/include   -fpic  -g -O2  -I../Include -DDLONG -c colamd.c -o colamd_l.o
ar -rucs ../../COLAMD.a colamd.o colamd_l.o
make[2]: Leaving directory `/tmp/RtmpoxBJTU/remotes66bd22baedb3/Matrix/src/COLAMD/Source'
make[1]: Leaving directory `/tmp/RtmpoxBJTU/remotes66bd22baedb3/Matrix/src/COLAMD'
make[1]: Entering directory `/tmp/RtmpoxBJTU/remotes66bd22baedb3/Matrix/src/AMD'
( cd Source ; make -f "/opt/ohpc/pub/apps/R/4.2.2/lib64/R/etc/Makeconf" -f Makefile lib )
make[2]: Entering directory `/tmp/RtmpoxBJTU/remotes66bd22baedb3/Matrix/src/AMD/Source'
gcc -I"/opt/ohpc/pub/apps/R/4.2.2/lib64/R/include" -DNDEBUG -I../Include -I../../SuiteSparse_config  -I/usr/local/include   -fpic  -g -O2  -I../Include -DDINT -c amd_aat.c -o amd_i_aat.o
gcc -I"/opt/ohpc/pub/apps/R/4.2.2/lib64/R/include" -DNDEBUG -I../Include -I../../SuiteSparse_config  -I/usr/local/include   -fpic  -g -O2  -I../Include -DDLONG -c amd_aat.c -o amd_l_aat.o
gcc -I"/opt/ohpc/pub/apps/R/4.2.2/lib64/R/include" -DNDEBUG -I../Include -I../../SuiteSparse_config  -I/usr/local/include   -fpic  -g -O2  -I../Include -DDINT -c amd_1.c -o amd_i_1.o
gcc -I"/opt/ohpc/pub/apps/R/4.2.2/lib64/R/include" -DNDEBUG -I../Include -I../../SuiteSparse_config  -I/usr/local/include   -fpic  -g -O2  -I../Include -DDLONG -c amd_1.c -o amd_l_1.o
gcc -I"/opt/ohpc/pub/apps/R/4.2.2/lib64/R/include" -DNDEBUG -I../Include -I../../SuiteSparse_config  -I/usr/local/include   -fpic  -g -O2  -I../Include -DDINT -c amd_2.c -o amd_i_2.o
gcc -I"/opt/ohpc/pub/apps/R/4.2.2/lib64/R/include" -DNDEBUG -I../Include -I../../SuiteSparse_config  -I/usr/local/include   -fpic  -g -O2  -I../Include -DDLONG -c amd_2.c -o amd_l_2.o
gcc -I"/opt/ohpc/pub/apps/R/4.2.2/lib64/R/include" -DNDEBUG -I../Include -I../../SuiteSparse_config  -I/usr/local/include   -fpic  -g -O2  -I../Include -DDINT -c amd_postorder.c -o amd_i_postorder.o
gcc -I"/opt/ohpc/pub/apps/R/4.2.2/lib64/R/include" -DNDEBUG -I../Include -I../../SuiteSparse_config  -I/usr/local/include   -fpic  -g -O2  -I../Include -DDLONG -c amd_postorder.c -o amd_l_postorder.o
gcc -I"/opt/ohpc/pub/apps/R/4.2.2/lib64/R/include" -DNDEBUG -I../Include -I../../SuiteSparse_config  -I/usr/local/include   -fpic  -g -O2  -I../Include -DDINT -c amd_post_tree.c -o amd_i_post_tree.o
gcc -I"/opt/ohpc/pub/apps/R/4.2.2/lib64/R/include" -DNDEBUG -I../Include -I../../SuiteSparse_config  -I/usr/local/include   -fpic  -g -O2  -I../Include -DDLONG -c amd_post_tree.c -o amd_l_post_tree.o
gcc -I"/opt/ohpc/pub/apps/R/4.2.2/lib64/R/include" -DNDEBUG -I../Include -I../../SuiteSparse_config  -I/usr/local/include   -fpic  -g -O2  -I../Include -DDINT -c amd_defaults.c -o amd_i_defaults.o
gcc -I"/opt/ohpc/pub/apps/R/4.2.2/lib64/R/include" -DNDEBUG -I../Include -I../../SuiteSparse_config  -I/usr/local/include   -fpic  -g -O2  -I../Include -DDLONG -c amd_defaults.c -o amd_l_defaults.o
gcc -I"/opt/ohpc/pub/apps/R/4.2.2/lib64/R/include" -DNDEBUG -I../Include -I../../SuiteSparse_config  -I/usr/local/include   -fpic  -g -O2  -I../Include -DDINT -c amd_order.c -o amd_i_order.o
gcc -I"/opt/ohpc/pub/apps/R/4.2.2/lib64/R/include" -DNDEBUG -I../Include -I../../SuiteSparse_config  -I/usr/local/include   -fpic  -g -O2  -I../Include -DDLONG -c amd_order.c -o amd_l_order.o
gcc -I"/opt/ohpc/pub/apps/R/4.2.2/lib64/R/include" -DNDEBUG -I../Include -I../../SuiteSparse_config  -I/usr/local/include   -fpic  -g -O2  -I../Include -DDINT -c amd_control.c -o amd_i_control.o
gcc -I"/opt/ohpc/pub/apps/R/4.2.2/lib64/R/include" -DNDEBUG -I../Include -I../../SuiteSparse_config  -I/usr/local/include   -fpic  -g -O2  -I../Include -DDLONG -c amd_control.c -o amd_l_control.o
gcc -I"/opt/ohpc/pub/apps/R/4.2.2/lib64/R/include" -DNDEBUG -I../Include -I../../SuiteSparse_config  -I/usr/local/include   -fpic  -g -O2  -I../Include -DDINT -c amd_info.c -o amd_i_info.o
gcc -I"/opt/ohpc/pub/apps/R/4.2.2/lib64/R/include" -DNDEBUG -I../Include -I../../SuiteSparse_config  -I/usr/local/include   -fpic  -g -O2  -I../Include -DDLONG -c amd_info.c -o amd_l_info.o
gcc -I"/opt/ohpc/pub/apps/R/4.2.2/lib64/R/include" -DNDEBUG -I../Include -I../../SuiteSparse_config  -I/usr/local/include   -fpic  -g -O2  -I../Include -DDINT -c amd_valid.c -o amd_i_valid.o
gcc -I"/opt/ohpc/pub/apps/R/4.2.2/lib64/R/include" -DNDEBUG -I../Include -I../../SuiteSparse_config  -I/usr/local/include   -fpic  -g -O2  -I../Include -DDLONG -c amd_valid.c -o amd_l_valid.o
gcc -I"/opt/ohpc/pub/apps/R/4.2.2/lib64/R/include" -DNDEBUG -I../Include -I../../SuiteSparse_config  -I/usr/local/include   -fpic  -g -O2  -I../Include -DDINT -c amd_preprocess.c -o amd_i_preprocess.o
gcc -I"/opt/ohpc/pub/apps/R/4.2.2/lib64/R/include" -DNDEBUG -I../Include -I../../SuiteSparse_config  -I/usr/local/include   -fpic  -g -O2  -I../Include -DDLONG -c amd_preprocess.c -o amd_l_preprocess.o
gcc -I"/opt/ohpc/pub/apps/R/4.2.2/lib64/R/include" -DNDEBUG -I../Include -I../../SuiteSparse_config  -I/usr/local/include   -fpic  -g -O2  -I../Include -DDINT -c amd_dump.c -o amd_i_dump.o
gcc -I"/opt/ohpc/pub/apps/R/4.2.2/lib64/R/include" -DNDEBUG -I../Include -I../../SuiteSparse_config  -I/usr/local/include   -fpic  -g -O2  -I../Include -DDLONG -c amd_dump.c -o amd_l_dump.o
ar -rucs ../../AMD.a amd_i_aat.o amd_l_aat.o amd_i_1.o amd_l_1.o amd_i_2.o amd_l_2.o amd_i_postorder.o amd_l_postorder.o amd_i_post_tree.o amd_l_post_tree.o amd_i_defaults.o amd_l_defaults.o amd_i_order.o amd_l_order.o amd_i_control.o amd_l_control.o amd_i_info.o amd_l_info.o amd_i_valid.o amd_l_valid.o amd_i_preprocess.o amd_l_preprocess.o amd_i_dump.o amd_l_dump.o
make[2]: Leaving directory `/tmp/RtmpoxBJTU/remotes66bd22baedb3/Matrix/src/AMD/Source'
make[1]: Leaving directory `/tmp/RtmpoxBJTU/remotes66bd22baedb3/Matrix/src/AMD'
make[1]: Entering directory `/tmp/RtmpoxBJTU/remotes66bd22baedb3/Matrix/src/SuiteSparse_config'
gcc -I"/opt/ohpc/pub/apps/R/4.2.2/lib64/R/include" -DNDEBUG -DNTIMER  -I/usr/local/include   -fpic  -g -O2  -c SuiteSparse_config.c -o SuiteSparse_config.o
ar -rucs ../SuiteSparse_config.a SuiteSparse_config.o
make[1]: Leaving directory `/tmp/RtmpoxBJTU/remotes66bd22baedb3/Matrix/src/SuiteSparse_config'
gcc -shared -L/usr/local/lib64 -o Matrix.so Csparse.o abIndex.o attrib.o bind.o chm_common.o cholmod-etc.o coerce.o cs.o cs-etc.o dense.o determinant.o dgCMatrix.o dgeMatrix.o factorizations.o idz.o init.o kappa.o objects.o perm.o products.o solve.o sparse.o sparseVector.o subscript.o utils-R.o utils.o validity.o CHOLMOD.a COLAMD.a AMD.a SuiteSparse_config.a -L/opt/ohpc/pub/apps/R/4.2.2/lib64/R/lib -lRlapack -L/opt/ohpc/pub/apps/R/4.2.2/lib64/R/lib -lRblas -lgfortran -lm -lquadmath
installing to /home/u12/darrenc/R/test/00LOCK-Matrix/00new/Matrix/libs
** R
** data
** inst
** byte-compile and prepare package for lazy loading
Creating a generic function for ‘zapsmall’ from package ‘base’ in package ‘Matrix’
in method for ‘coerce’ with signature ‘"matrix.csc","dgCMatrix"’: no definition for class “matrix.csc”
in method for ‘coerce’ with signature ‘"matrix.csr","dgRMatrix"’: no definition for class “matrix.csr”
in method for ‘coerce’ with signature ‘"matrix.coo","dgTMatrix"’: no definition for class “matrix.coo”
in method for ‘coerce’ with signature ‘"matrix.csr","dgCMatrix"’: no definition for class “matrix.csr”
in method for ‘coerce’ with signature ‘"matrix.coo","dgCMatrix"’: no definition for class “matrix.coo”
in method for ‘coerce’ with signature ‘"matrix.csc","CsparseMatrix"’: no definition for class “matrix.csc”
in method for ‘coerce’ with signature ‘"matrix.csc","RsparseMatrix"’: no definition for class “matrix.csc”
in method for ‘coerce’ with signature ‘"matrix.csc","TsparseMatrix"’: no definition for class “matrix.csc”
in method for ‘coerce’ with signature ‘"matrix.csr","CsparseMatrix"’: no definition for class “matrix.csr”
in method for ‘coerce’ with signature ‘"matrix.csr","RsparseMatrix"’: no definition for class “matrix.csr”
in method for ‘coerce’ with signature ‘"matrix.csr","TsparseMatrix"’: no definition for class “matrix.csr”
in method for ‘coerce’ with signature ‘"matrix.coo","CsparseMatrix"’: no definition for class “matrix.coo”
in method for ‘coerce’ with signature ‘"matrix.coo","RsparseMatrix"’: no definition for class “matrix.coo”
in method for ‘coerce’ with signature ‘"matrix.coo","TsparseMatrix"’: no definition for class “matrix.coo”
in method for ‘coerce’ with signature ‘"matrix.csc","sparseMatrix"’: no definition for class “matrix.csc”
in method for ‘coerce’ with signature ‘"matrix.csr","sparseMatrix"’: no definition for class “matrix.csr”
in method for ‘coerce’ with signature ‘"matrix.coo","sparseMatrix"’: no definition for class “matrix.coo”
in method for ‘coerce’ with signature ‘"matrix.csc","Matrix"’: no definition for class “matrix.csc”
in method for ‘coerce’ with signature ‘"matrix.csr","Matrix"’: no definition for class “matrix.csr”
in method for ‘coerce’ with signature ‘"matrix.coo","Matrix"’: no definition for class “matrix.coo”
in method for ‘coerce’ with signature ‘"dgCMatrix","matrix.csc"’: no definition for class “matrix.csc”
in method for ‘coerce’ with signature ‘"dgRMatrix","matrix.csr"’: no definition for class “matrix.csr”
in method for ‘coerce’ with signature ‘"dgTMatrix","matrix.coo"’: no definition for class “matrix.coo”
in method for ‘coerce’ with signature ‘"Matrix","matrix.csc"’: no definition for class “matrix.csc”
in method for ‘coerce’ with signature ‘"Matrix","matrix.csr"’: no definition for class “matrix.csr”
in method for ‘coerce’ with signature ‘"Matrix","matrix.coo"’: no definition for class “matrix.coo”
Creating a generic function for ‘drop’ from package ‘base’ in package ‘Matrix’
Creating a generic function for ‘chol2inv’ from ‘base’ in package ‘Matrix’
    (from the saved implicit definition)
Creating a generic function for ‘chol2inv’ from package ‘base’ in package ‘Matrix’
Creating a generic function for ‘diag’ from package ‘base’ in package ‘Matrix’
Creating a generic function for ‘colSums’ from package ‘base’ in package ‘Matrix’
Creating a generic function for ‘colMeans’ from package ‘base’ in package ‘Matrix’
Creating a generic function for ‘rowSums’ from package ‘base’ in package ‘Matrix’
Creating a generic function for ‘rowMeans’ from package ‘base’ in package ‘Matrix’
Creating a generic function for ‘diag<-’ from package ‘base’ in package ‘Matrix’
Creating a generic function for ‘unname’ from package ‘base’ in package ‘Matrix’
in method for ‘coerce’ with signature ‘"graphAM","TsparseMatrix"’: no definition for class “graphAM”
in method for ‘coerce’ with signature ‘"graphNEL","TsparseMatrix"’: no definition for class “graphNEL”
in method for ‘coerce’ with signature ‘"graph","CsparseMatrix"’: no definition for class “graph”
in method for ‘coerce’ with signature ‘"graph","RsparseMatrix"’: no definition for class “graph”
in method for ‘coerce’ with signature ‘"graph","TsparseMatrix"’: no definition for class “graph”
in method for ‘coerce’ with signature ‘"graph","sparseMatrix"’: no definition for class “graph”
in method for ‘coerce’ with signature ‘"graph","Matrix"’: no definition for class “graph”
in method for ‘coerce’ with signature ‘"TsparseMatrix","graphNEL"’: no definition for class “graphNEL”
in method for ‘coerce’ with signature ‘"Matrix","graphNEL"’: no definition for class “graphNEL”
in method for ‘coerce’ with signature ‘"Matrix","graph"’: no definition for class “graph”
Creating a generic function for ‘norm’ from package ‘base’ in package ‘Matrix’
Creating a generic function for ‘rcond’ from ‘base’ in package ‘Matrix’
    (from the saved implicit definition)
Creating a generic function for ‘rcond’ from package ‘base’ in package ‘Matrix’
Creating a generic function for ‘cov2cor’ from package ‘stats’ in package ‘Matrix’
Creating a generic function for ‘crossprod’ from package ‘base’ in package ‘Matrix’
Creating a generic function for ‘tcrossprod’ from package ‘base’ in package ‘Matrix’
Creating a generic function for ‘qr.Q’ from package ‘base’ in package ‘Matrix’
Creating a generic function for ‘qr.R’ from package ‘base’ in package ‘Matrix’
Creating a generic function for ‘qr.X’ from package ‘base’ in package ‘Matrix’
Creating a generic function for ‘qr.coef’ from package ‘base’ in package ‘Matrix’
Creating a generic function for ‘qr.fitted’ from package ‘base’ in package ‘Matrix’
Creating a generic function for ‘qr.resid’ from package ‘base’ in package ‘Matrix’
Creating a generic function for ‘qr.qty’ from package ‘base’ in package ‘Matrix’
Creating a generic function for ‘qr.qy’ from package ‘base’ in package ‘Matrix’
Creating a generic function for ‘toeplitz’ from package ‘stats’ in package ‘Matrix’
Creating a generic function for ‘which’ from package ‘base’ in package ‘Matrix’
** help
*** installing help indices
** building package indices
** installing vignettes
** testing if installed package can be loaded from temporary location
** checking absolute paths in shared objects and dynamic libraries
** testing if installed package can be loaded from final location
** testing if installed package keeps a record of temporary installation path
* DONE (Matrix)
Downloading package from url: http://cran.us.r-project.org/src/contrib/Archive/curl/curl_5.2.3.tar.gz
Installing package into ‘/home/u12/darrenc/R/test’
(as ‘lib’ is unspecified)
* installing *source* package ‘curl’ ...
** package ‘curl’ successfully unpacked and MD5 sums checked
** using staged installation
Found pkg-config cflags and libs!
Using PKG_CFLAGS= 
Using PKG_LIBS=-lcurl  
** libs
rm -f curl.so callbacks.o curl.o download.o escape.o fetch.o findport.o form.o getdate.o handle.o ieproxy.o init.o interrupt.o multi.o nslookup.o options.o reflist.o split.o ssl.o typechecking.o utils.o version.o winidn.o writer.o
gcc -I"/opt/ohpc/pub/apps/R/4.2.2/lib64/R/include" -DNDEBUG -DSTRICT_R_HEADERS -DR_NO_REMAP  -I/usr/local/include  -fvisibility=hidden -fpic  -g -O2  -c callbacks.c -o callbacks.o
gcc -I"/opt/ohpc/pub/apps/R/4.2.2/lib64/R/include" -DNDEBUG -DSTRICT_R_HEADERS -DR_NO_REMAP  -I/usr/local/include  -fvisibility=hidden -fpic  -g -O2  -c curl.c -o curl.o
gcc -I"/opt/ohpc/pub/apps/R/4.2.2/lib64/R/include" -DNDEBUG -DSTRICT_R_HEADERS -DR_NO_REMAP  -I/usr/local/include  -fvisibility=hidden -fpic  -g -O2  -c download.c -o download.o
gcc -I"/opt/ohpc/pub/apps/R/4.2.2/lib64/R/include" -DNDEBUG -DSTRICT_R_HEADERS -DR_NO_REMAP  -I/usr/local/include  -fvisibility=hidden -fpic  -g -O2  -c escape.c -o escape.o
gcc -I"/opt/ohpc/pub/apps/R/4.2.2/lib64/R/include" -DNDEBUG -DSTRICT_R_HEADERS -DR_NO_REMAP  -I/usr/local/include  -fvisibility=hidden -fpic  -g -O2  -c fetch.c -o fetch.o
gcc -I"/opt/ohpc/pub/apps/R/4.2.2/lib64/R/include" -DNDEBUG -DSTRICT_R_HEADERS -DR_NO_REMAP  -I/usr/local/include  -fvisibility=hidden -fpic  -g -O2  -c findport.c -o findport.o
gcc -I"/opt/ohpc/pub/apps/R/4.2.2/lib64/R/include" -DNDEBUG -DSTRICT_R_HEADERS -DR_NO_REMAP  -I/usr/local/include  -fvisibility=hidden -fpic  -g -O2  -c form.c -o form.o
gcc -I"/opt/ohpc/pub/apps/R/4.2.2/lib64/R/include" -DNDEBUG -DSTRICT_R_HEADERS -DR_NO_REMAP  -I/usr/local/include  -fvisibility=hidden -fpic  -g -O2  -c getdate.c -o getdate.o
gcc -I"/opt/ohpc/pub/apps/R/4.2.2/lib64/R/include" -DNDEBUG -DSTRICT_R_HEADERS -DR_NO_REMAP  -I/usr/local/include  -fvisibility=hidden -fpic  -g -O2  -c handle.c -o handle.o
gcc -I"/opt/ohpc/pub/apps/R/4.2.2/lib64/R/include" -DNDEBUG -DSTRICT_R_HEADERS -DR_NO_REMAP  -I/usr/local/include  -fvisibility=hidden -fpic  -g -O2  -c ieproxy.c -o ieproxy.o
gcc -I"/opt/ohpc/pub/apps/R/4.2.2/lib64/R/include" -DNDEBUG -DSTRICT_R_HEADERS -DR_NO_REMAP  -I/usr/local/include  -fvisibility=hidden -fpic  -g -O2  -c init.c -o init.o
gcc -I"/opt/ohpc/pub/apps/R/4.2.2/lib64/R/include" -DNDEBUG -DSTRICT_R_HEADERS -DR_NO_REMAP  -I/usr/local/include  -fvisibility=hidden -fpic  -g -O2  -c interrupt.c -o interrupt.o
gcc -I"/opt/ohpc/pub/apps/R/4.2.2/lib64/R/include" -DNDEBUG -DSTRICT_R_HEADERS -DR_NO_REMAP  -I/usr/local/include  -fvisibility=hidden -fpic  -g -O2  -c multi.c -o multi.o
gcc -I"/opt/ohpc/pub/apps/R/4.2.2/lib64/R/include" -DNDEBUG -DSTRICT_R_HEADERS -DR_NO_REMAP  -I/usr/local/include  -fvisibility=hidden -fpic  -g -O2  -c nslookup.c -o nslookup.o
gcc -I"/opt/ohpc/pub/apps/R/4.2.2/lib64/R/include" -DNDEBUG -DSTRICT_R_HEADERS -DR_NO_REMAP  -I/usr/local/include  -fvisibility=hidden -fpic  -g -O2  -c options.c -o options.o
gcc -I"/opt/ohpc/pub/apps/R/4.2.2/lib64/R/include" -DNDEBUG -DSTRICT_R_HEADERS -DR_NO_REMAP  -I/usr/local/include  -fvisibility=hidden -fpic  -g -O2  -c reflist.c -o reflist.o
gcc -I"/opt/ohpc/pub/apps/R/4.2.2/lib64/R/include" -DNDEBUG -DSTRICT_R_HEADERS -DR_NO_REMAP  -I/usr/local/include  -fvisibility=hidden -fpic  -g -O2  -c split.c -o split.o
gcc -I"/opt/ohpc/pub/apps/R/4.2.2/lib64/R/include" -DNDEBUG -DSTRICT_R_HEADERS -DR_NO_REMAP  -I/usr/local/include  -fvisibility=hidden -fpic  -g -O2  -c ssl.c -o ssl.o
gcc -I"/opt/ohpc/pub/apps/R/4.2.2/lib64/R/include" -DNDEBUG -DSTRICT_R_HEADERS -DR_NO_REMAP  -I/usr/local/include  -fvisibility=hidden -fpic  -g -O2  -c typechecking.c -o typechecking.o
gcc -I"/opt/ohpc/pub/apps/R/4.2.2/lib64/R/include" -DNDEBUG -DSTRICT_R_HEADERS -DR_NO_REMAP  -I/usr/local/include  -fvisibility=hidden -fpic  -g -O2  -c utils.c -o utils.o
gcc -I"/opt/ohpc/pub/apps/R/4.2.2/lib64/R/include" -DNDEBUG -DSTRICT_R_HEADERS -DR_NO_REMAP  -I/usr/local/include  -fvisibility=hidden -fpic  -g -O2  -c version.c -o version.o
gcc -I"/opt/ohpc/pub/apps/R/4.2.2/lib64/R/include" -DNDEBUG -DSTRICT_R_HEADERS -DR_NO_REMAP  -I/usr/local/include  -fvisibility=hidden -fpic  -g -O2  -c winidn.c -o winidn.o
gcc -I"/opt/ohpc/pub/apps/R/4.2.2/lib64/R/include" -DNDEBUG -DSTRICT_R_HEADERS -DR_NO_REMAP  -I/usr/local/include  -fvisibility=hidden -fpic  -g -O2  -c writer.c -o writer.o
gcc -shared -L/usr/local/lib64 -o curl.so callbacks.o curl.o download.o escape.o fetch.o findport.o form.o getdate.o handle.o ieproxy.o init.o interrupt.o multi.o nslookup.o options.o reflist.o split.o ssl.o typechecking.o utils.o version.o winidn.o writer.o -lcurl
installing to /home/u12/darrenc/R/test/00LOCK-curl/00new/curl/libs
** R
** inst
** byte-compile and prepare package for lazy loading
** help
*** installing help indices
** building package indices
** installing vignettes
** testing if installed package can be loaded from temporary location
** checking absolute paths in shared objects and dynamic libraries
** testing if installed package can be loaded from final location
** testing if installed package keeps a record of temporary installation path
* DONE (curl)
Downloading package from url: http://cran.us.r-project.org/src/contrib/Archive/openssl/openssl_2.3.2.tar.gz

Installing package into ‘/home/u12/darrenc/R/test’
(as ‘lib’ is unspecified)
* installing *source* package ‘openssl’ ...
** package ‘openssl’ successfully unpacked and MD5 sums checked
** using staged installation
Found pkg-config cflags and libs!
Using PKG_CFLAGS= 
Using PKG_LIBS=-l:libssl.so.1.0.2k -l:libcrypto.so.1.0.2k  
** libs
rm -f aes.o base64.o bignum.o cert.o compatibility.o diffie.o envelope.o error.o hash.o info.o keygen.o keys.o onload.o openssh.o password.o pbkdf.o pem.o pkcs12.o pkcs7.o rand.o rsa.o signing.o ssl.o stream.o write.o x25519.o openssl.so bcrypt/libstatbcrypt.a bcrypt/bcrypt_pbkdf.o bcrypt/blowfish.o
gcc -I"/opt/ohpc/pub/apps/R/4.2.2/lib64/R/include" -DNDEBUG -DSTRICT_R_HEADERS -DR_NO_REMAP  -I/usr/local/include   -fpic  -g -O2  -c aes.c -o aes.o
gcc -I"/opt/ohpc/pub/apps/R/4.2.2/lib64/R/include" -DNDEBUG -DSTRICT_R_HEADERS -DR_NO_REMAP  -I/usr/local/include   -fpic  -g -O2  -c base64.c -o base64.o
gcc -I"/opt/ohpc/pub/apps/R/4.2.2/lib64/R/include" -DNDEBUG -DSTRICT_R_HEADERS -DR_NO_REMAP  -I/usr/local/include   -fpic  -g -O2  -c bignum.c -o bignum.o
gcc -I"/opt/ohpc/pub/apps/R/4.2.2/lib64/R/include" -DNDEBUG -DSTRICT_R_HEADERS -DR_NO_REMAP  -I/usr/local/include   -fpic  -g -O2  -c cert.c -o cert.o
gcc -I"/opt/ohpc/pub/apps/R/4.2.2/lib64/R/include" -DNDEBUG -DSTRICT_R_HEADERS -DR_NO_REMAP  -I/usr/local/include   -fpic  -g -O2  -c compatibility.c -o compatibility.o
gcc -I"/opt/ohpc/pub/apps/R/4.2.2/lib64/R/include" -DNDEBUG -DSTRICT_R_HEADERS -DR_NO_REMAP  -I/usr/local/include   -fpic  -g -O2  -c diffie.c -o diffie.o
gcc -I"/opt/ohpc/pub/apps/R/4.2.2/lib64/R/include" -DNDEBUG -DSTRICT_R_HEADERS -DR_NO_REMAP  -I/usr/local/include   -fpic  -g -O2  -c envelope.c -o envelope.o
gcc -I"/opt/ohpc/pub/apps/R/4.2.2/lib64/R/include" -DNDEBUG -DSTRICT_R_HEADERS -DR_NO_REMAP  -I/usr/local/include   -fpic  -g -O2  -c error.c -o error.o
gcc -I"/opt/ohpc/pub/apps/R/4.2.2/lib64/R/include" -DNDEBUG -DSTRICT_R_HEADERS -DR_NO_REMAP  -I/usr/local/include   -fpic  -g -O2  -c hash.c -o hash.o
gcc -I"/opt/ohpc/pub/apps/R/4.2.2/lib64/R/include" -DNDEBUG -DSTRICT_R_HEADERS -DR_NO_REMAP  -I/usr/local/include   -fpic  -g -O2  -c info.c -o info.o
gcc -I"/opt/ohpc/pub/apps/R/4.2.2/lib64/R/include" -DNDEBUG -DSTRICT_R_HEADERS -DR_NO_REMAP  -I/usr/local/include   -fpic  -g -O2  -c keygen.c -o keygen.o
gcc -I"/opt/ohpc/pub/apps/R/4.2.2/lib64/R/include" -DNDEBUG -DSTRICT_R_HEADERS -DR_NO_REMAP  -I/usr/local/include   -fpic  -g -O2  -c keys.c -o keys.o
gcc -I"/opt/ohpc/pub/apps/R/4.2.2/lib64/R/include" -DNDEBUG -DSTRICT_R_HEADERS -DR_NO_REMAP  -I/usr/local/include   -fpic  -g -O2  -c onload.c -o onload.o
gcc -I"/opt/ohpc/pub/apps/R/4.2.2/lib64/R/include" -DNDEBUG -DSTRICT_R_HEADERS -DR_NO_REMAP  -I/usr/local/include   -fpic  -g -O2  -c openssh.c -o openssh.o
gcc -I"/opt/ohpc/pub/apps/R/4.2.2/lib64/R/include" -DNDEBUG -DSTRICT_R_HEADERS -DR_NO_REMAP  -I/usr/local/include   -fpic  -g -O2  -c password.c -o password.o
gcc -I"/opt/ohpc/pub/apps/R/4.2.2/lib64/R/include" -DNDEBUG -DSTRICT_R_HEADERS -DR_NO_REMAP  -I/usr/local/include   -fpic  -g -O2  -c pbkdf.c -o pbkdf.o
gcc -I"/opt/ohpc/pub/apps/R/4.2.2/lib64/R/include" -DNDEBUG -DSTRICT_R_HEADERS -DR_NO_REMAP  -I/usr/local/include   -fpic  -g -O2  -c pem.c -o pem.o
gcc -I"/opt/ohpc/pub/apps/R/4.2.2/lib64/R/include" -DNDEBUG -DSTRICT_R_HEADERS -DR_NO_REMAP  -I/usr/local/include   -fpic  -g -O2  -c pkcs12.c -o pkcs12.o
gcc -I"/opt/ohpc/pub/apps/R/4.2.2/lib64/R/include" -DNDEBUG -DSTRICT_R_HEADERS -DR_NO_REMAP  -I/usr/local/include   -fpic  -g -O2  -c pkcs7.c -o pkcs7.o
gcc -I"/opt/ohpc/pub/apps/R/4.2.2/lib64/R/include" -DNDEBUG -DSTRICT_R_HEADERS -DR_NO_REMAP  -I/usr/local/include   -fpic  -g -O2  -c rand.c -o rand.o
gcc -I"/opt/ohpc/pub/apps/R/4.2.2/lib64/R/include" -DNDEBUG -DSTRICT_R_HEADERS -DR_NO_REMAP  -I/usr/local/include   -fpic  -g -O2  -c rsa.c -o rsa.o
gcc -I"/opt/ohpc/pub/apps/R/4.2.2/lib64/R/include" -DNDEBUG -DSTRICT_R_HEADERS -DR_NO_REMAP  -I/usr/local/include   -fpic  -g -O2  -c signing.c -o signing.o
gcc -I"/opt/ohpc/pub/apps/R/4.2.2/lib64/R/include" -DNDEBUG -DSTRICT_R_HEADERS -DR_NO_REMAP  -I/usr/local/include   -fpic  -g -O2  -c ssl.c -o ssl.o
gcc -I"/opt/ohpc/pub/apps/R/4.2.2/lib64/R/include" -DNDEBUG -DSTRICT_R_HEADERS -DR_NO_REMAP  -I/usr/local/include   -fpic  -g -O2  -c stream.c -o stream.o
gcc -I"/opt/ohpc/pub/apps/R/4.2.2/lib64/R/include" -DNDEBUG -DSTRICT_R_HEADERS -DR_NO_REMAP  -I/usr/local/include   -fpic  -g -O2  -c write.c -o write.o
gcc -I"/opt/ohpc/pub/apps/R/4.2.2/lib64/R/include" -DNDEBUG -DSTRICT_R_HEADERS -DR_NO_REMAP  -I/usr/local/include   -fpic  -g -O2  -c x25519.c -o x25519.o
gcc -I"/opt/ohpc/pub/apps/R/4.2.2/lib64/R/include" -DNDEBUG -DSTRICT_R_HEADERS -DR_NO_REMAP  -I/usr/local/include   -fpic  -g -O2  -c bcrypt/bcrypt_pbkdf.c -o bcrypt/bcrypt_pbkdf.o
gcc -I"/opt/ohpc/pub/apps/R/4.2.2/lib64/R/include" -DNDEBUG -DSTRICT_R_HEADERS -DR_NO_REMAP  -I/usr/local/include   -fpic  -g -O2  -c bcrypt/blowfish.c -o bcrypt/blowfish.o
ar rcs bcrypt/libstatbcrypt.a bcrypt/bcrypt_pbkdf.o bcrypt/blowfish.o
gcc -shared -L/usr/local/lib64 -o openssl.so aes.o base64.o bignum.o cert.o compatibility.o diffie.o envelope.o error.o hash.o info.o keygen.o keys.o onload.o openssh.o password.o pbkdf.o pem.o pkcs12.o pkcs7.o rand.o rsa.o signing.o ssl.o stream.o write.o x25519.o -Lbcrypt -lstatbcrypt -l:libssl.so.1.0.2k -l:libcrypto.so.1.0.2k
installing to /home/u12/darrenc/R/test/00LOCK-openssl/00new/openssl/libs
** R
** inst
** byte-compile and prepare package for lazy loading
** help
*** installing help indices
** building package indices
** installing vignettes
** testing if installed package can be loaded from temporary location
** checking absolute paths in shared objects and dynamic libraries
** testing if installed package can be loaded from final location
** testing if installed package keeps a record of temporary installation path
* DONE (openssl)
Downloading package from url: http://cran.us.r-project.org/src/contrib/Archive/ggplot2/ggplot2_3.5.2.tar.gz

Installing package into ‘/home/u12/darrenc/R/test’
(as ‘lib’ is unspecified)
* installing *source* package ‘ggplot2’ ...
** package ‘ggplot2’ successfully unpacked and MD5 sums checked
** using staged installation
** R
** data
*** moving datasets to lazyload DB
** inst
** byte-compile and prepare package for lazy loading
** help
*** installing help indices
*** copying figures
** building package indices
** installing vignettes
** testing if installed package can be loaded from temporary location
** testing if installed package can be loaded from final location
** testing if installed package keeps a record of temporary installation path
* DONE (ggplot2)
Installing packages into ‘/home/u12/darrenc/R/test’
(as ‘lib’ is unspecified)
trying URL 'http://cran.us.r-project.org/src/contrib/png_0.1-8.tar.gz'
Content type 'application/x-gzip' length 24880 bytes (24 KB)
==================================================
downloaded 24 KB

trying URL 'http://cran.us.r-project.org/src/contrib/Seurat_5.3.1.tar.gz'
Content type 'application/x-gzip' length 2092251 bytes (2.0 MB)
==================================================
downloaded 2.0 MB

* installing *source* package ‘png’ ...
** package ‘png’ successfully unpacked and MD5 sums checked
** using staged installation
** libs
gcc -I"/opt/ohpc/pub/apps/R/4.2.2/lib64/R/include" -DNDEBUG   -I/usr/local/include   `libpng-config --cflags` -fpic  -g -O2  -c dummy.c -o dummy.o
gcc -I"/opt/ohpc/pub/apps/R/4.2.2/lib64/R/include" -DNDEBUG   -I/usr/local/include   `libpng-config --cflags` -fpic  -g -O2  -c read.c -o read.o
gcc -I"/opt/ohpc/pub/apps/R/4.2.2/lib64/R/include" -DNDEBUG   -I/usr/local/include   `libpng-config --cflags` -fpic  -g -O2  -c write.c -o write.o
gcc -shared -L/usr/local/lib64 -o png.so dummy.o read.o write.o -L/opt/ohpc/pub/apps/libpng/1.6.37/lib -lpng16 -lm -lz -lm
installing to /home/u12/darrenc/R/test/00LOCK-png/00new/png/libs
** R
** inst
** byte-compile and prepare package for lazy loading
** help
*** installing help indices
** building package indices
** testing if installed package can be loaded from temporary location
** checking absolute paths in shared objects and dynamic libraries
** testing if installed package can be loaded from final location
** testing if installed package keeps a record of temporary installation path
* DONE (png)
* installing *source* package ‘Seurat’ ...
** package ‘Seurat’ successfully unpacked and MD5 sums checked
** using staged installation
** libs
g++ -std=gnu++17 -I"/opt/ohpc/pub/apps/R/4.2.2/lib64/R/include" -DNDEBUG  -I'/home/u12/darrenc/R/test/Rcpp/include' -I'/home/u12/darrenc/R/test/RcppEigen/include' -I'/home/u12/darrenc/R/test/RcppProgress/include' -I/usr/local/include   -fpic  -g -O2  -c ModularityOptimizer.cpp -o ModularityOptimizer.o
g++ -std=gnu++17 -I"/opt/ohpc/pub/apps/R/4.2.2/lib64/R/include" -DNDEBUG  -I'/home/u12/darrenc/R/test/Rcpp/include' -I'/home/u12/darrenc/R/test/RcppEigen/include' -I'/home/u12/darrenc/R/test/RcppProgress/include' -I/usr/local/include   -fpic  -g -O2  -c RModularityOptimizer.cpp -o RModularityOptimizer.o
In file included from /home/u12/darrenc/R/test/RcppEigen/include/Eigen/Core:205,
                 from /home/u12/darrenc/R/test/RcppEigen/include/Eigen/Dense:1,
                 from /home/u12/darrenc/R/test/RcppEigen/include/RcppEigenForward.h:28,
                 from /home/u12/darrenc/R/test/RcppEigen/include/RcppEigen.h:25,
                 from RModularityOptimizer.cpp:9:
/home/u12/darrenc/R/test/RcppEigen/include/Eigen/src/Core/arch/SSE/PacketMath.h:46:40: warning: ignoring attributes on template argument ‘__m128i’ {aka ‘__vector(2) long long int’} [-Wignored-attributes]
 typedef eigen_packet_wrapper<__m128i, 0> Packet4i;
                                        ^
/home/u12/darrenc/R/test/RcppEigen/include/Eigen/src/Core/arch/SSE/PacketMath.h:47:40: warning: ignoring attributes on template argument ‘__m128i’ {aka ‘__vector(2) long long int’} [-Wignored-attributes]
 typedef eigen_packet_wrapper<__m128i, 1> Packet16b;
                                        ^
/home/u12/darrenc/R/test/RcppEigen/include/Eigen/src/Core/arch/SSE/PacketMath.h:49:39: warning: ignoring attributes on template argument ‘__m128’ {aka ‘__vector(4) float’} [-Wignored-attributes]
 template<> struct is_arithmetic<__m128>  { enum { value = true }; };
                                       ^
/home/u12/darrenc/R/test/RcppEigen/include/Eigen/src/Core/arch/SSE/PacketMath.h:50:40: warning: ignoring attributes on template argument ‘__m128i’ {aka ‘__vector(2) long long int’} [-Wignored-attributes]
 template<> struct is_arithmetic<__m128i> { enum { value = true }; };
                                        ^
/home/u12/darrenc/R/test/RcppEigen/include/Eigen/src/Core/arch/SSE/PacketMath.h:51:40: warning: ignoring attributes on template argument ‘__m128d’ {aka ‘__vector(2) double’} [-Wignored-attributes]
 template<> struct is_arithmetic<__m128d> { enum { value = true }; };
                                        ^
/home/u12/darrenc/R/test/RcppEigen/include/Eigen/src/Core/arch/SSE/PacketMath.h:222:43: warning: ignoring attributes on template argument ‘Eigen::internal::Packet4f’ {aka ‘__vector(4) float’} [-Wignored-attributes]
 template<> struct unpacket_traits<Packet4f> {
                                           ^
/home/u12/darrenc/R/test/RcppEigen/include/Eigen/src/Core/arch/SSE/PacketMath.h:228:43: warning: ignoring attributes on template argument ‘Eigen::internal::Packet2d’ {aka ‘__vector(2) double’} [-Wignored-attributes]
 template<> struct unpacket_traits<Packet2d> {
                                           ^
/home/u12/darrenc/R/test/RcppEigen/include/Eigen/src/Core/arch/SSE/PacketMath.h:1124:34: warning: ignoring attributes on template argument ‘Eigen::internal::Packet4f’ {aka ‘__vector(4) float’} [-Wignored-attributes]
 ptranspose(PacketBlock<Packet4f,4>& kernel) {
                                  ^
/home/u12/darrenc/R/test/RcppEigen/include/Eigen/src/Core/arch/SSE/PacketMath.h:1129:34: warning: ignoring attributes on template argument ‘Eigen::internal::Packet2d’ {aka ‘__vector(2) double’} [-Wignored-attributes]
 ptranspose(PacketBlock<Packet2d,2>& kernel) {
                                  ^
In file included from /home/u12/darrenc/R/test/RcppEigen/include/Eigen/Core:174,
                 from /home/u12/darrenc/R/test/RcppEigen/include/Eigen/Dense:1,
                 from /home/u12/darrenc/R/test/RcppEigen/include/RcppEigenForward.h:28,
                 from /home/u12/darrenc/R/test/RcppEigen/include/RcppEigen.h:25,
                 from RModularityOptimizer.cpp:9:
/home/u12/darrenc/R/test/RcppEigen/include/Eigen/src/Core/arch/Default/ConjHelper.h:16:60: warning: ignoring attributes on template argument ‘Eigen::internal::Packet4f’ {aka ‘__vector(4) float’} [-Wignored-attributes]
   struct conj_helper<PACKET_REAL, PACKET_CPLX, false, false> {          \
                                                            ^
/home/u12/darrenc/R/test/RcppEigen/include/Eigen/src/Core/arch/SSE/Complex.h:173:1: note: in expansion of macro ‘EIGEN_MAKE_CONJ_HELPER_CPLX_REAL’
 EIGEN_MAKE_CONJ_HELPER_CPLX_REAL(Packet2cf,Packet4f)
 ^~~~~~~~~~~~~~~~~~~~~~~~~~~~~~~~
/home/u12/darrenc/R/test/RcppEigen/include/Eigen/src/Core/arch/Default/ConjHelper.h:29:60: warning: ignoring attributes on template argument ‘Eigen::internal::Packet4f’ {aka ‘__vector(4) float’} [-Wignored-attributes]
   struct conj_helper<PACKET_CPLX, PACKET_REAL, false, false> {          \
                                                            ^
/home/u12/darrenc/R/test/RcppEigen/include/Eigen/src/Core/arch/SSE/Complex.h:173:1: note: in expansion of macro ‘EIGEN_MAKE_CONJ_HELPER_CPLX_REAL’
 EIGEN_MAKE_CONJ_HELPER_CPLX_REAL(Packet2cf,Packet4f)
 ^~~~~~~~~~~~~~~~~~~~~~~~~~~~~~~~
/home/u12/darrenc/R/test/RcppEigen/include/Eigen/src/Core/arch/Default/ConjHelper.h:16:60: warning: ignoring attributes on template argument ‘Eigen::internal::Packet2d’ {aka ‘__vector(2) double’} [-Wignored-attributes]
   struct conj_helper<PACKET_REAL, PACKET_CPLX, false, false> {          \
                                                            ^
/home/u12/darrenc/R/test/RcppEigen/include/Eigen/src/Core/arch/SSE/Complex.h:298:1: note: in expansion of macro ‘EIGEN_MAKE_CONJ_HELPER_CPLX_REAL’
 EIGEN_MAKE_CONJ_HELPER_CPLX_REAL(Packet1cd,Packet2d)
 ^~~~~~~~~~~~~~~~~~~~~~~~~~~~~~~~
/home/u12/darrenc/R/test/RcppEigen/include/Eigen/src/Core/arch/Default/ConjHelper.h:29:60: warning: ignoring attributes on template argument ‘Eigen::internal::Packet2d’ {aka ‘__vector(2) double’} [-Wignored-attributes]
   struct conj_helper<PACKET_CPLX, PACKET_REAL, false, false> {          \
                                                            ^
/home/u12/darrenc/R/test/RcppEigen/include/Eigen/src/Core/arch/SSE/Complex.h:298:1: note: in expansion of macro ‘EIGEN_MAKE_CONJ_HELPER_CPLX_REAL’
 EIGEN_MAKE_CONJ_HELPER_CPLX_REAL(Packet1cd,Packet2d)
 ^~~~~~~~~~~~~~~~~~~~~~~~~~~~~~~~
In file included from /home/u12/darrenc/R/test/RcppEigen/include/Eigen/Core:165,
                 from /home/u12/darrenc/R/test/RcppEigen/include/Eigen/Dense:1,
                 from /home/u12/darrenc/R/test/RcppEigen/include/RcppEigenForward.h:28,
                 from /home/u12/darrenc/R/test/RcppEigen/include/RcppEigen.h:25,
                 from RModularityOptimizer.cpp:9:
/home/u12/darrenc/R/test/RcppEigen/include/Eigen/src/Core/util/XprHelper.h: In instantiation of ‘struct Eigen::internal::find_best_packet<float, 4>’:
/home/u12/darrenc/R/test/RcppEigen/include/Eigen/src/Core/Matrix.h:22:57:   required from ‘struct Eigen::internal::traits<Eigen::Matrix<float, 4, 1> >’
/home/u12/darrenc/R/test/RcppEigen/include/Eigen/src/Geometry/Quaternion.h:265:7:   required from ‘struct Eigen::internal::traits<Eigen::Quaternion<float> >’
/home/u12/darrenc/R/test/RcppEigen/include/Eigen/src/Geometry/arch/Geometry_SIMD.h:24:46:   required from here
/home/u12/darrenc/R/test/RcppEigen/include/Eigen/src/Core/util/XprHelper.h:190:44: warning: ignoring attributes on template argument ‘Eigen::internal::packet_traits<float>::type’ {aka ‘__vector(4) float’} [-Wignored-attributes]
          bool Stop = Size==Dynamic || (Size%unpacket_traits<PacketType>::size)==0 || is_same<PacketType,typename unpacket_traits<PacketType>::half>::value>
                                       ~~~~~^~~~~~~~~~~~~~~~~~~~~~~~~~~~~~~~~~~
/home/u12/darrenc/R/test/RcppEigen/include/Eigen/src/Core/util/XprHelper.h:190:83: warning: ignoring attributes on template argument ‘Eigen::internal::packet_traits<float>::type’ {aka ‘__vector(4) float’} [-Wignored-attributes]
          bool Stop = Size==Dynamic || (Size%unpacket_traits<PacketType>::size)==0 || is_same<PacketType,typename unpacket_traits<PacketType>::half>::value>
                      ~~~~~~~~~~~~~~~~~~~~~~~~~~~~~~~~~~~~~~~~~~~~~~~~~~~~~~~~~~~~~^~~~~~~~~~~~~~~~~~~~~~~~~~~~~~~~~~~~~~~~~~~~~~~~~~~~~~~~~~~~~~~~~
/home/u12/darrenc/R/test/RcppEigen/include/Eigen/src/Core/util/XprHelper.h:190:83: warning: ignoring attributes on template argument ‘Eigen::internal::packet_traits<float>::type’ {aka ‘__vector(4) float’} [-Wignored-attributes]
/home/u12/darrenc/R/test/RcppEigen/include/Eigen/src/Core/util/XprHelper.h:190:83: warning: ignoring attributes on template argument ‘Eigen::internal::unpacket_traits<__vector(4) float>::half’ {aka ‘__vector(4) float’} [-Wignored-attributes]
/home/u12/darrenc/R/test/RcppEigen/include/Eigen/src/Core/util/XprHelper.h:208:88: warning: ignoring attributes on template argument ‘Eigen::internal::packet_traits<float>::type’ {aka ‘__vector(4) float’} [-Wignored-attributes]
   typedef typename find_best_packet_helper<Size,typename packet_traits<T>::type>::type type;
                                                                                        ^~~~
In file included from /home/u12/darrenc/R/test/RcppEigen/include/Eigen/Core:271,
                 from /home/u12/darrenc/R/test/RcppEigen/include/Eigen/Dense:1,
                 from /home/u12/darrenc/R/test/RcppEigen/include/RcppEigenForward.h:28,
                 from /home/u12/darrenc/R/test/RcppEigen/include/RcppEigen.h:25,
                 from RModularityOptimizer.cpp:9:
/home/u12/darrenc/R/test/RcppEigen/include/Eigen/src/Core/DenseCoeffsBase.h: In instantiation of ‘class Eigen::DenseCoeffsBase<Eigen::Matrix<float, 4, 1>, 0>’:
/home/u12/darrenc/R/test/RcppEigen/include/Eigen/src/Core/DenseCoeffsBase.h:302:7:   required from ‘class Eigen::DenseCoeffsBase<Eigen::Matrix<float, 4, 1>, 1>’
/home/u12/darrenc/R/test/RcppEigen/include/Eigen/src/Core/DenseCoeffsBase.h:555:7:   required from ‘class Eigen::DenseCoeffsBase<Eigen::Matrix<float, 4, 1>, 3>’
/home/u12/darrenc/R/test/RcppEigen/include/Eigen/src/Core/DenseBase.h:41:34:   required from ‘class Eigen::DenseBase<Eigen::Matrix<float, 4, 1> >’
/home/u12/darrenc/R/test/RcppEigen/include/Eigen/src/Core/MatrixBase.h:48:34:   required from ‘class Eigen::MatrixBase<Eigen::Matrix<float, 4, 1> >’
/home/u12/darrenc/R/test/RcppEigen/include/Eigen/src/Core/PlainObjectBase.h:98:7:   required from ‘class Eigen::PlainObjectBase<Eigen::Matrix<float, 4, 1> >’
/home/u12/darrenc/R/test/RcppEigen/include/Eigen/src/Core/Matrix.h:178:7:   required from ‘class Eigen::Matrix<float, 4, 1>’
/home/u12/darrenc/R/test/RcppEigen/include/Eigen/src/Geometry/Quaternion.h:46:50:   required from ‘class Eigen::QuaternionBase<Eigen::Quaternion<float> >’
/home/u12/darrenc/R/test/RcppEigen/include/Eigen/src/Geometry/Quaternion.h:273:7:   required from ‘class Eigen::Quaternion<float>’
/home/u12/darrenc/R/test/RcppEigen/include/Eigen/src/Geometry/arch/Geometry_SIMD.h:27:3:   required from here
/home/u12/darrenc/R/test/RcppEigen/include/Eigen/src/Core/DenseCoeffsBase.h:56:30: warning: ignoring attributes on template argument ‘Eigen::internal::packet_traits<float>::type’ {aka ‘__vector(4) float’} [-Wignored-attributes]
                      >::type PacketReturnType;
                              ^~~~~~~~~~~~~~~~
In file included from /home/u12/darrenc/R/test/RcppEigen/include/Eigen/Core:165,
                 from /home/u12/darrenc/R/test/RcppEigen/include/Eigen/Dense:1,
                 from /home/u12/darrenc/R/test/RcppEigen/include/RcppEigenForward.h:28,
                 from /home/u12/darrenc/R/test/RcppEigen/include/RcppEigen.h:25,
                 from RModularityOptimizer.cpp:9:
/home/u12/darrenc/R/test/RcppEigen/include/Eigen/src/Core/util/XprHelper.h: In instantiation of ‘struct Eigen::internal::find_best_packet<double, 4>’:
/home/u12/darrenc/R/test/RcppEigen/include/Eigen/src/Core/Matrix.h:22:57:   required from ‘struct Eigen::internal::traits<Eigen::Matrix<double, 4, 1> >’
/home/u12/darrenc/R/test/RcppEigen/include/Eigen/src/Geometry/Quaternion.h:265:7:   required from ‘struct Eigen::internal::traits<Eigen::Quaternion<double> >’
/home/u12/darrenc/R/test/RcppEigen/include/Eigen/src/Geometry/arch/Geometry_SIMD.h:98:47:   required from here
/home/u12/darrenc/R/test/RcppEigen/include/Eigen/src/Core/util/XprHelper.h:190:44: warning: ignoring attributes on template argument ‘Eigen::internal::packet_traits<double>::type’ {aka ‘__vector(2) double’} [-Wignored-attributes]
          bool Stop = Size==Dynamic || (Size%unpacket_traits<PacketType>::size)==0 || is_same<PacketType,typename unpacket_traits<PacketType>::half>::value>
                                       ~~~~~^~~~~~~~~~~~~~~~~~~~~~~~~~~~~~~~~~~
/home/u12/darrenc/R/test/RcppEigen/include/Eigen/src/Core/util/XprHelper.h:190:83: warning: ignoring attributes on template argument ‘Eigen::internal::packet_traits<double>::type’ {aka ‘__vector(2) double’} [-Wignored-attributes]
          bool Stop = Size==Dynamic || (Size%unpacket_traits<PacketType>::size)==0 || is_same<PacketType,typename unpacket_traits<PacketType>::half>::value>
                      ~~~~~~~~~~~~~~~~~~~~~~~~~~~~~~~~~~~~~~~~~~~~~~~~~~~~~~~~~~~~~^~~~~~~~~~~~~~~~~~~~~~~~~~~~~~~~~~~~~~~~~~~~~~~~~~~~~~~~~~~~~~~~~
/home/u12/darrenc/R/test/RcppEigen/include/Eigen/src/Core/util/XprHelper.h:190:83: warning: ignoring attributes on template argument ‘Eigen::internal::packet_traits<double>::type’ {aka ‘__vector(2) double’} [-Wignored-attributes]
/home/u12/darrenc/R/test/RcppEigen/include/Eigen/src/Core/util/XprHelper.h:190:83: warning: ignoring attributes on template argument ‘Eigen::internal::unpacket_traits<__vector(2) double>::half’ {aka ‘__vector(2) double’} [-Wignored-attributes]
/home/u12/darrenc/R/test/RcppEigen/include/Eigen/src/Core/util/XprHelper.h:208:88: warning: ignoring attributes on template argument ‘Eigen::internal::packet_traits<double>::type’ {aka ‘__vector(2) double’} [-Wignored-attributes]
   typedef typename find_best_packet_helper<Size,typename packet_traits<T>::type>::type type;
                                                                                        ^~~~
In file included from /home/u12/darrenc/R/test/RcppEigen/include/Eigen/Core:271,
                 from /home/u12/darrenc/R/test/RcppEigen/include/Eigen/Dense:1,
                 from /home/u12/darrenc/R/test/RcppEigen/include/RcppEigenForward.h:28,
                 from /home/u12/darrenc/R/test/RcppEigen/include/RcppEigen.h:25,
                 from RModularityOptimizer.cpp:9:
/home/u12/darrenc/R/test/RcppEigen/include/Eigen/src/Core/DenseCoeffsBase.h: In instantiation of ‘class Eigen::DenseCoeffsBase<Eigen::Matrix<double, 4, 1>, 0>’:
/home/u12/darrenc/R/test/RcppEigen/include/Eigen/src/Core/DenseCoeffsBase.h:302:7:   required from ‘class Eigen::DenseCoeffsBase<Eigen::Matrix<double, 4, 1>, 1>’
/home/u12/darrenc/R/test/RcppEigen/include/Eigen/src/Core/DenseCoeffsBase.h:555:7:   required from ‘class Eigen::DenseCoeffsBase<Eigen::Matrix<double, 4, 1>, 3>’
/home/u12/darrenc/R/test/RcppEigen/include/Eigen/src/Core/DenseBase.h:41:34:   required from ‘class Eigen::DenseBase<Eigen::Matrix<double, 4, 1> >’
/home/u12/darrenc/R/test/RcppEigen/include/Eigen/src/Core/MatrixBase.h:48:34:   required from ‘class Eigen::MatrixBase<Eigen::Matrix<double, 4, 1> >’
/home/u12/darrenc/R/test/RcppEigen/include/Eigen/src/Core/PlainObjectBase.h:98:7:   required from ‘class Eigen::PlainObjectBase<Eigen::Matrix<double, 4, 1> >’
/home/u12/darrenc/R/test/RcppEigen/include/Eigen/src/Core/Matrix.h:178:7:   required from ‘class Eigen::Matrix<double, 4, 1>’
/home/u12/darrenc/R/test/RcppEigen/include/Eigen/src/Geometry/Quaternion.h:46:50:   required from ‘class Eigen::QuaternionBase<Eigen::Quaternion<double> >’
/home/u12/darrenc/R/test/RcppEigen/include/Eigen/src/Geometry/Quaternion.h:273:7:   required from ‘class Eigen::Quaternion<double>’
/home/u12/darrenc/R/test/RcppEigen/include/Eigen/src/Geometry/arch/Geometry_SIMD.h:102:3:   required from here
/home/u12/darrenc/R/test/RcppEigen/include/Eigen/src/Core/DenseCoeffsBase.h:56:30: warning: ignoring attributes on template argument ‘Eigen::internal::packet_traits<double>::type’ {aka ‘__vector(2) double’} [-Wignored-attributes]
                      >::type PacketReturnType;
                              ^~~~~~~~~~~~~~~~
In file included from /home/u12/darrenc/R/test/RcppEigen/include/Eigen/SparseCore:37,
                 from /home/u12/darrenc/R/test/RcppEigen/include/Eigen/Sparse:26,
                 from /home/u12/darrenc/R/test/RcppEigen/include/RcppEigenForward.h:29,
                 from /home/u12/darrenc/R/test/RcppEigen/include/RcppEigen.h:25,
                 from RModularityOptimizer.cpp:9:
/home/u12/darrenc/R/test/RcppEigen/include/Eigen/src/SparseCore/SparseMatrixBase.h: In instantiation of ‘class Eigen::SparseMatrixBase<Eigen::SparseMatrix<double, 0, int> >’:
/home/u12/darrenc/R/test/RcppEigen/include/Eigen/src/SparseCore/SparseCompressedBase.h:36:7:   required from ‘class Eigen::SparseCompressedBase<Eigen::SparseMatrix<double, 0, int> >’
/home/u12/darrenc/R/test/RcppEigen/include/Eigen/src/SparseCore/SparseMatrix.h:96:7:   required from ‘class Eigen::SparseMatrix<double, 0, int>’
/home/u12/darrenc/R/test/RcppEigen/include/unsupported/Eigen/src/IterativeSolvers/ConstrainedConjGrad.h:61:25:   required from here
/home/u12/darrenc/R/test/RcppEigen/include/Eigen/src/SparseCore/SparseMatrixBase.h:47:30: warning: ignoring attributes on template argument ‘Eigen::internal::packet_traits<double>::type’ {aka ‘__vector(2) double’} [-Wignored-attributes]
                      >::type PacketReturnType;
                              ^~~~~~~~~~~~~~~~
g++ -std=gnu++17 -I"/opt/ohpc/pub/apps/R/4.2.2/lib64/R/include" -DNDEBUG  -I'/home/u12/darrenc/R/test/Rcpp/include' -I'/home/u12/darrenc/R/test/RcppEigen/include' -I'/home/u12/darrenc/R/test/RcppProgress/include' -I/usr/local/include   -fpic  -g -O2  -c RcppExports.cpp -o RcppExports.o
In file included from /home/u12/darrenc/R/test/RcppEigen/include/Eigen/Core:205,
                 from /home/u12/darrenc/R/test/RcppEigen/include/Eigen/Dense:1,
                 from /home/u12/darrenc/R/test/RcppEigen/include/RcppEigenForward.h:28,
                 from /home/u12/darrenc/R/test/RcppEigen/include/RcppEigen.h:25,
                 from RcppExports.cpp:4:
/home/u12/darrenc/R/test/RcppEigen/include/Eigen/src/Core/arch/SSE/PacketMath.h:46:40: warning: ignoring attributes on template argument ‘__m128i’ {aka ‘__vector(2) long long int’} [-Wignored-attributes]
 typedef eigen_packet_wrapper<__m128i, 0> Packet4i;
                                        ^
/home/u12/darrenc/R/test/RcppEigen/include/Eigen/src/Core/arch/SSE/PacketMath.h:47:40: warning: ignoring attributes on template argument ‘__m128i’ {aka ‘__vector(2) long long int’} [-Wignored-attributes]
 typedef eigen_packet_wrapper<__m128i, 1> Packet16b;
                                        ^
/home/u12/darrenc/R/test/RcppEigen/include/Eigen/src/Core/arch/SSE/PacketMath.h:49:39: warning: ignoring attributes on template argument ‘__m128’ {aka ‘__vector(4) float’} [-Wignored-attributes]
 template<> struct is_arithmetic<__m128>  { enum { value = true }; };
                                       ^
/home/u12/darrenc/R/test/RcppEigen/include/Eigen/src/Core/arch/SSE/PacketMath.h:50:40: warning: ignoring attributes on template argument ‘__m128i’ {aka ‘__vector(2) long long int’} [-Wignored-attributes]
 template<> struct is_arithmetic<__m128i> { enum { value = true }; };
                                        ^
/home/u12/darrenc/R/test/RcppEigen/include/Eigen/src/Core/arch/SSE/PacketMath.h:51:40: warning: ignoring attributes on template argument ‘__m128d’ {aka ‘__vector(2) double’} [-Wignored-attributes]
 template<> struct is_arithmetic<__m128d> { enum { value = true }; };
                                        ^
/home/u12/darrenc/R/test/RcppEigen/include/Eigen/src/Core/arch/SSE/PacketMath.h:222:43: warning: ignoring attributes on template argument ‘Eigen::internal::Packet4f’ {aka ‘__vector(4) float’} [-Wignored-attributes]
 template<> struct unpacket_traits<Packet4f> {
                                           ^
/home/u12/darrenc/R/test/RcppEigen/include/Eigen/src/Core/arch/SSE/PacketMath.h:228:43: warning: ignoring attributes on template argument ‘Eigen::internal::Packet2d’ {aka ‘__vector(2) double’} [-Wignored-attributes]
 template<> struct unpacket_traits<Packet2d> {
                                           ^
/home/u12/darrenc/R/test/RcppEigen/include/Eigen/src/Core/arch/SSE/PacketMath.h:1124:34: warning: ignoring attributes on template argument ‘Eigen::internal::Packet4f’ {aka ‘__vector(4) float’} [-Wignored-attributes]
 ptranspose(PacketBlock<Packet4f,4>& kernel) {
                                  ^
/home/u12/darrenc/R/test/RcppEigen/include/Eigen/src/Core/arch/SSE/PacketMath.h:1129:34: warning: ignoring attributes on template argument ‘Eigen::internal::Packet2d’ {aka ‘__vector(2) double’} [-Wignored-attributes]
 ptranspose(PacketBlock<Packet2d,2>& kernel) {
                                  ^
In file included from /home/u12/darrenc/R/test/RcppEigen/include/Eigen/Core:174,
                 from /home/u12/darrenc/R/test/RcppEigen/include/Eigen/Dense:1,
                 from /home/u12/darrenc/R/test/RcppEigen/include/RcppEigenForward.h:28,
                 from /home/u12/darrenc/R/test/RcppEigen/include/RcppEigen.h:25,
                 from RcppExports.cpp:4:
/home/u12/darrenc/R/test/RcppEigen/include/Eigen/src/Core/arch/Default/ConjHelper.h:16:60: warning: ignoring attributes on template argument ‘Eigen::internal::Packet4f’ {aka ‘__vector(4) float’} [-Wignored-attributes]
   struct conj_helper<PACKET_REAL, PACKET_CPLX, false, false> {          \
                                                            ^
/home/u12/darrenc/R/test/RcppEigen/include/Eigen/src/Core/arch/SSE/Complex.h:173:1: note: in expansion of macro ‘EIGEN_MAKE_CONJ_HELPER_CPLX_REAL’
 EIGEN_MAKE_CONJ_HELPER_CPLX_REAL(Packet2cf,Packet4f)
 ^~~~~~~~~~~~~~~~~~~~~~~~~~~~~~~~
/home/u12/darrenc/R/test/RcppEigen/include/Eigen/src/Core/arch/Default/ConjHelper.h:29:60: warning: ignoring attributes on template argument ‘Eigen::internal::Packet4f’ {aka ‘__vector(4) float’} [-Wignored-attributes]
   struct conj_helper<PACKET_CPLX, PACKET_REAL, false, false> {          \
                                                            ^
/home/u12/darrenc/R/test/RcppEigen/include/Eigen/src/Core/arch/SSE/Complex.h:173:1: note: in expansion of macro ‘EIGEN_MAKE_CONJ_HELPER_CPLX_REAL’
 EIGEN_MAKE_CONJ_HELPER_CPLX_REAL(Packet2cf,Packet4f)
 ^~~~~~~~~~~~~~~~~~~~~~~~~~~~~~~~
/home/u12/darrenc/R/test/RcppEigen/include/Eigen/src/Core/arch/Default/ConjHelper.h:16:60: warning: ignoring attributes on template argument ‘Eigen::internal::Packet2d’ {aka ‘__vector(2) double’} [-Wignored-attributes]
   struct conj_helper<PACKET_REAL, PACKET_CPLX, false, false> {          \
                                                            ^
/home/u12/darrenc/R/test/RcppEigen/include/Eigen/src/Core/arch/SSE/Complex.h:298:1: note: in expansion of macro ‘EIGEN_MAKE_CONJ_HELPER_CPLX_REAL’
 EIGEN_MAKE_CONJ_HELPER_CPLX_REAL(Packet1cd,Packet2d)
 ^~~~~~~~~~~~~~~~~~~~~~~~~~~~~~~~
/home/u12/darrenc/R/test/RcppEigen/include/Eigen/src/Core/arch/Default/ConjHelper.h:29:60: warning: ignoring attributes on template argument ‘Eigen::internal::Packet2d’ {aka ‘__vector(2) double’} [-Wignored-attributes]
   struct conj_helper<PACKET_CPLX, PACKET_REAL, false, false> {          \
                                                            ^
/home/u12/darrenc/R/test/RcppEigen/include/Eigen/src/Core/arch/SSE/Complex.h:298:1: note: in expansion of macro ‘EIGEN_MAKE_CONJ_HELPER_CPLX_REAL’
 EIGEN_MAKE_CONJ_HELPER_CPLX_REAL(Packet1cd,Packet2d)
 ^~~~~~~~~~~~~~~~~~~~~~~~~~~~~~~~
In file included from /home/u12/darrenc/R/test/RcppEigen/include/Eigen/Core:165,
                 from /home/u12/darrenc/R/test/RcppEigen/include/Eigen/Dense:1,
                 from /home/u12/darrenc/R/test/RcppEigen/include/RcppEigenForward.h:28,
                 from /home/u12/darrenc/R/test/RcppEigen/include/RcppEigen.h:25,
                 from RcppExports.cpp:4:
/home/u12/darrenc/R/test/RcppEigen/include/Eigen/src/Core/util/XprHelper.h: In instantiation of ‘struct Eigen::internal::find_best_packet<float, 4>’:
/home/u12/darrenc/R/test/RcppEigen/include/Eigen/src/Core/Matrix.h:22:57:   required from ‘struct Eigen::internal::traits<Eigen::Matrix<float, 4, 1> >’
/home/u12/darrenc/R/test/RcppEigen/include/Eigen/src/Geometry/Quaternion.h:265:7:   required from ‘struct Eigen::internal::traits<Eigen::Quaternion<float> >’
/home/u12/darrenc/R/test/RcppEigen/include/Eigen/src/Geometry/arch/Geometry_SIMD.h:24:46:   required from here
/home/u12/darrenc/R/test/RcppEigen/include/Eigen/src/Core/util/XprHelper.h:190:44: warning: ignoring attributes on template argument ‘Eigen::internal::packet_traits<float>::type’ {aka ‘__vector(4) float’} [-Wignored-attributes]
          bool Stop = Size==Dynamic || (Size%unpacket_traits<PacketType>::size)==0 || is_same<PacketType,typename unpacket_traits<PacketType>::half>::value>
                                       ~~~~~^~~~~~~~~~~~~~~~~~~~~~~~~~~~~~~~~~~
/home/u12/darrenc/R/test/RcppEigen/include/Eigen/src/Core/util/XprHelper.h:190:83: warning: ignoring attributes on template argument ‘Eigen::internal::packet_traits<float>::type’ {aka ‘__vector(4) float’} [-Wignored-attributes]
          bool Stop = Size==Dynamic || (Size%unpacket_traits<PacketType>::size)==0 || is_same<PacketType,typename unpacket_traits<PacketType>::half>::value>
                      ~~~~~~~~~~~~~~~~~~~~~~~~~~~~~~~~~~~~~~~~~~~~~~~~~~~~~~~~~~~~~^~~~~~~~~~~~~~~~~~~~~~~~~~~~~~~~~~~~~~~~~~~~~~~~~~~~~~~~~~~~~~~~~
/home/u12/darrenc/R/test/RcppEigen/include/Eigen/src/Core/util/XprHelper.h:190:83: warning: ignoring attributes on template argument ‘Eigen::internal::packet_traits<float>::type’ {aka ‘__vector(4) float’} [-Wignored-attributes]
/home/u12/darrenc/R/test/RcppEigen/include/Eigen/src/Core/util/XprHelper.h:190:83: warning: ignoring attributes on template argument ‘Eigen::internal::unpacket_traits<__vector(4) float>::half’ {aka ‘__vector(4) float’} [-Wignored-attributes]
/home/u12/darrenc/R/test/RcppEigen/include/Eigen/src/Core/util/XprHelper.h:208:88: warning: ignoring attributes on template argument ‘Eigen::internal::packet_traits<float>::type’ {aka ‘__vector(4) float’} [-Wignored-attributes]
   typedef typename find_best_packet_helper<Size,typename packet_traits<T>::type>::type type;
                                                                                        ^~~~
In file included from /home/u12/darrenc/R/test/RcppEigen/include/Eigen/Core:271,
                 from /home/u12/darrenc/R/test/RcppEigen/include/Eigen/Dense:1,
                 from /home/u12/darrenc/R/test/RcppEigen/include/RcppEigenForward.h:28,
                 from /home/u12/darrenc/R/test/RcppEigen/include/RcppEigen.h:25,
                 from RcppExports.cpp:4:
/home/u12/darrenc/R/test/RcppEigen/include/Eigen/src/Core/DenseCoeffsBase.h: In instantiation of ‘class Eigen::DenseCoeffsBase<Eigen::Matrix<float, 4, 1>, 0>’:
/home/u12/darrenc/R/test/RcppEigen/include/Eigen/src/Core/DenseCoeffsBase.h:302:7:   required from ‘class Eigen::DenseCoeffsBase<Eigen::Matrix<float, 4, 1>, 1>’
/home/u12/darrenc/R/test/RcppEigen/include/Eigen/src/Core/DenseCoeffsBase.h:555:7:   required from ‘class Eigen::DenseCoeffsBase<Eigen::Matrix<float, 4, 1>, 3>’
/home/u12/darrenc/R/test/RcppEigen/include/Eigen/src/Core/DenseBase.h:41:34:   required from ‘class Eigen::DenseBase<Eigen::Matrix<float, 4, 1> >’
/home/u12/darrenc/R/test/RcppEigen/include/Eigen/src/Core/MatrixBase.h:48:34:   required from ‘class Eigen::MatrixBase<Eigen::Matrix<float, 4, 1> >’
/home/u12/darrenc/R/test/RcppEigen/include/Eigen/src/Core/PlainObjectBase.h:98:7:   required from ‘class Eigen::PlainObjectBase<Eigen::Matrix<float, 4, 1> >’
/home/u12/darrenc/R/test/RcppEigen/include/Eigen/src/Core/Matrix.h:178:7:   required from ‘class Eigen::Matrix<float, 4, 1>’
/home/u12/darrenc/R/test/RcppEigen/include/Eigen/src/Geometry/Quaternion.h:46:50:   required from ‘class Eigen::QuaternionBase<Eigen::Quaternion<float> >’
/home/u12/darrenc/R/test/RcppEigen/include/Eigen/src/Geometry/Quaternion.h:273:7:   required from ‘class Eigen::Quaternion<float>’
/home/u12/darrenc/R/test/RcppEigen/include/Eigen/src/Geometry/arch/Geometry_SIMD.h:27:3:   required from here
/home/u12/darrenc/R/test/RcppEigen/include/Eigen/src/Core/DenseCoeffsBase.h:56:30: warning: ignoring attributes on template argument ‘Eigen::internal::packet_traits<float>::type’ {aka ‘__vector(4) float’} [-Wignored-attributes]
                      >::type PacketReturnType;
                              ^~~~~~~~~~~~~~~~
In file included from /home/u12/darrenc/R/test/RcppEigen/include/Eigen/Core:165,
                 from /home/u12/darrenc/R/test/RcppEigen/include/Eigen/Dense:1,
                 from /home/u12/darrenc/R/test/RcppEigen/include/RcppEigenForward.h:28,
                 from /home/u12/darrenc/R/test/RcppEigen/include/RcppEigen.h:25,
                 from RcppExports.cpp:4:
/home/u12/darrenc/R/test/RcppEigen/include/Eigen/src/Core/util/XprHelper.h: In instantiation of ‘struct Eigen::internal::find_best_packet<double, 4>’:
/home/u12/darrenc/R/test/RcppEigen/include/Eigen/src/Core/Matrix.h:22:57:   required from ‘struct Eigen::internal::traits<Eigen::Matrix<double, 4, 1> >’
/home/u12/darrenc/R/test/RcppEigen/include/Eigen/src/Geometry/Quaternion.h:265:7:   required from ‘struct Eigen::internal::traits<Eigen::Quaternion<double> >’
/home/u12/darrenc/R/test/RcppEigen/include/Eigen/src/Geometry/arch/Geometry_SIMD.h:98:47:   required from here
/home/u12/darrenc/R/test/RcppEigen/include/Eigen/src/Core/util/XprHelper.h:190:44: warning: ignoring attributes on template argument ‘Eigen::internal::packet_traits<double>::type’ {aka ‘__vector(2) double’} [-Wignored-attributes]
          bool Stop = Size==Dynamic || (Size%unpacket_traits<PacketType>::size)==0 || is_same<PacketType,typename unpacket_traits<PacketType>::half>::value>
                                       ~~~~~^~~~~~~~~~~~~~~~~~~~~~~~~~~~~~~~~~~
/home/u12/darrenc/R/test/RcppEigen/include/Eigen/src/Core/util/XprHelper.h:190:83: warning: ignoring attributes on template argument ‘Eigen::internal::packet_traits<double>::type’ {aka ‘__vector(2) double’} [-Wignored-attributes]
          bool Stop = Size==Dynamic || (Size%unpacket_traits<PacketType>::size)==0 || is_same<PacketType,typename unpacket_traits<PacketType>::half>::value>
                      ~~~~~~~~~~~~~~~~~~~~~~~~~~~~~~~~~~~~~~~~~~~~~~~~~~~~~~~~~~~~~^~~~~~~~~~~~~~~~~~~~~~~~~~~~~~~~~~~~~~~~~~~~~~~~~~~~~~~~~~~~~~~~~
/home/u12/darrenc/R/test/RcppEigen/include/Eigen/src/Core/util/XprHelper.h:190:83: warning: ignoring attributes on template argument ‘Eigen::internal::packet_traits<double>::type’ {aka ‘__vector(2) double’} [-Wignored-attributes]
/home/u12/darrenc/R/test/RcppEigen/include/Eigen/src/Core/util/XprHelper.h:190:83: warning: ignoring attributes on template argument ‘Eigen::internal::unpacket_traits<__vector(2) double>::half’ {aka ‘__vector(2) double’} [-Wignored-attributes]
/home/u12/darrenc/R/test/RcppEigen/include/Eigen/src/Core/util/XprHelper.h:208:88: warning: ignoring attributes on template argument ‘Eigen::internal::packet_traits<double>::type’ {aka ‘__vector(2) double’} [-Wignored-attributes]
   typedef typename find_best_packet_helper<Size,typename packet_traits<T>::type>::type type;
                                                                                        ^~~~
In file included from /home/u12/darrenc/R/test/RcppEigen/include/Eigen/Core:271,
                 from /home/u12/darrenc/R/test/RcppEigen/include/Eigen/Dense:1,
                 from /home/u12/darrenc/R/test/RcppEigen/include/RcppEigenForward.h:28,
                 from /home/u12/darrenc/R/test/RcppEigen/include/RcppEigen.h:25,
                 from RcppExports.cpp:4:
/home/u12/darrenc/R/test/RcppEigen/include/Eigen/src/Core/DenseCoeffsBase.h: In instantiation of ‘class Eigen::DenseCoeffsBase<Eigen::Matrix<double, 4, 1>, 0>’:
/home/u12/darrenc/R/test/RcppEigen/include/Eigen/src/Core/DenseCoeffsBase.h:302:7:   required from ‘class Eigen::DenseCoeffsBase<Eigen::Matrix<double, 4, 1>, 1>’
/home/u12/darrenc/R/test/RcppEigen/include/Eigen/src/Core/DenseCoeffsBase.h:555:7:   required from ‘class Eigen::DenseCoeffsBase<Eigen::Matrix<double, 4, 1>, 3>’
/home/u12/darrenc/R/test/RcppEigen/include/Eigen/src/Core/DenseBase.h:41:34:   required from ‘class Eigen::DenseBase<Eigen::Matrix<double, 4, 1> >’
/home/u12/darrenc/R/test/RcppEigen/include/Eigen/src/Core/MatrixBase.h:48:34:   required from ‘class Eigen::MatrixBase<Eigen::Matrix<double, 4, 1> >’
/home/u12/darrenc/R/test/RcppEigen/include/Eigen/src/Core/PlainObjectBase.h:98:7:   required from ‘class Eigen::PlainObjectBase<Eigen::Matrix<double, 4, 1> >’
/home/u12/darrenc/R/test/RcppEigen/include/Eigen/src/Core/Matrix.h:178:7:   required from ‘class Eigen::Matrix<double, 4, 1>’
/home/u12/darrenc/R/test/RcppEigen/include/Eigen/src/Geometry/Quaternion.h:46:50:   required from ‘class Eigen::QuaternionBase<Eigen::Quaternion<double> >’
/home/u12/darrenc/R/test/RcppEigen/include/Eigen/src/Geometry/Quaternion.h:273:7:   required from ‘class Eigen::Quaternion<double>’
/home/u12/darrenc/R/test/RcppEigen/include/Eigen/src/Geometry/arch/Geometry_SIMD.h:102:3:   required from here
/home/u12/darrenc/R/test/RcppEigen/include/Eigen/src/Core/DenseCoeffsBase.h:56:30: warning: ignoring attributes on template argument ‘Eigen::internal::packet_traits<double>::type’ {aka ‘__vector(2) double’} [-Wignored-attributes]
                      >::type PacketReturnType;
                              ^~~~~~~~~~~~~~~~
In file included from /home/u12/darrenc/R/test/RcppEigen/include/Eigen/SparseCore:37,
                 from /home/u12/darrenc/R/test/RcppEigen/include/Eigen/Sparse:26,
                 from /home/u12/darrenc/R/test/RcppEigen/include/RcppEigenForward.h:29,
                 from /home/u12/darrenc/R/test/RcppEigen/include/RcppEigen.h:25,
                 from RcppExports.cpp:4:
/home/u12/darrenc/R/test/RcppEigen/include/Eigen/src/SparseCore/SparseMatrixBase.h: In instantiation of ‘class Eigen::SparseMatrixBase<Eigen::SparseMatrix<double, 0, int> >’:
/home/u12/darrenc/R/test/RcppEigen/include/Eigen/src/SparseCore/SparseCompressedBase.h:36:7:   required from ‘class Eigen::SparseCompressedBase<Eigen::SparseMatrix<double, 0, int> >’
/home/u12/darrenc/R/test/RcppEigen/include/Eigen/src/SparseCore/SparseMatrix.h:96:7:   required from ‘class Eigen::SparseMatrix<double, 0, int>’
/home/u12/darrenc/R/test/RcppEigen/include/unsupported/Eigen/src/IterativeSolvers/ConstrainedConjGrad.h:61:25:   required from here
/home/u12/darrenc/R/test/RcppEigen/include/Eigen/src/SparseCore/SparseMatrixBase.h:47:30: warning: ignoring attributes on template argument ‘Eigen::internal::packet_traits<double>::type’ {aka ‘__vector(2) double’} [-Wignored-attributes]
                      >::type PacketReturnType;
                              ^~~~~~~~~~~~~~~~
/home/u12/darrenc/R/test/RcppEigen/include/Eigen/src/SparseCore/SparseMatrixBase.h: In instantiation of ‘class Eigen::SparseMatrixBase<Eigen::SparseMatrix<double, 1> >’:
/home/u12/darrenc/R/test/RcppEigen/include/Eigen/src/SparseCore/SparseCompressedBase.h:36:7:   required from ‘class Eigen::SparseCompressedBase<Eigen::SparseMatrix<double, 1> >’
/home/u12/darrenc/R/test/RcppEigen/include/Eigen/src/SparseCore/SparseMatrix.h:96:7:   required from ‘class Eigen::SparseMatrix<double, 1>’
RcppExports.cpp:71:105:   required from here
/home/u12/darrenc/R/test/RcppEigen/include/Eigen/src/SparseCore/SparseMatrixBase.h:47:30: warning: ignoring attributes on template argument ‘Eigen::internal::packet_traits<double>::type’ {aka ‘__vector(2) double’} [-Wignored-attributes]
In file included from /home/u12/darrenc/R/test/RcppEigen/include/Eigen/Core:165,
                 from /home/u12/darrenc/R/test/RcppEigen/include/Eigen/Dense:1,
                 from /home/u12/darrenc/R/test/RcppEigen/include/RcppEigenForward.h:28,
                 from /home/u12/darrenc/R/test/RcppEigen/include/RcppEigen.h:25,
                 from RcppExports.cpp:4:
/home/u12/darrenc/R/test/RcppEigen/include/Eigen/src/Core/util/XprHelper.h: In instantiation of ‘struct Eigen::internal::find_best_packet<double, -1>’:
/home/u12/darrenc/R/test/RcppEigen/include/Eigen/src/Core/Matrix.h:22:57:   required from ‘struct Eigen::internal::traits<Eigen::Matrix<double, -1, -1> >’
/home/u12/darrenc/R/test/RcppEigen/include/Eigen/src/Core/Map.h:18:8:   required from ‘struct Eigen::internal::traits<Eigen::Map<Eigen::Matrix<double, -1, -1> > >’
/home/u12/darrenc/R/test/RcppEigen/include/Eigen/src/Core/util/ForwardDeclarations.h:32:54:   required from ‘struct Eigen::internal::accessors_level<Eigen::Map<Eigen::Matrix<double, -1, -1> > >’
/home/u12/darrenc/R/test/RcppEigen/include/Eigen/src/Core/util/ForwardDeclarations.h:111:75:   required from ‘class Eigen::Map<Eigen::Matrix<double, -1, -1> >’
RcppExports.cpp:94:67:   required from here
/home/u12/darrenc/R/test/RcppEigen/include/Eigen/src/Core/util/XprHelper.h:190:44: warning: ignoring attributes on template argument ‘Eigen::internal::packet_traits<double>::type’ {aka ‘__vector(2) double’} [-Wignored-attributes]
          bool Stop = Size==Dynamic || (Size%unpacket_traits<PacketType>::size)==0 || is_same<PacketType,typename unpacket_traits<PacketType>::half>::value>
                                       ~~~~~^~~~~~~~~~~~~~~~~~~~~~~~~~~~~~~~~~~
/home/u12/darrenc/R/test/RcppEigen/include/Eigen/src/Core/util/XprHelper.h:190:83: warning: ignoring attributes on template argument ‘Eigen::internal::packet_traits<double>::type’ {aka ‘__vector(2) double’} [-Wignored-attributes]
          bool Stop = Size==Dynamic || (Size%unpacket_traits<PacketType>::size)==0 || is_same<PacketType,typename unpacket_traits<PacketType>::half>::value>
                      ~~~~~~~~~~~~~~~~~~~~~~~~~~~~~~~~~~~~~~~~~~~~~~~~~~~~~~~~~~~~~^~~~~~~~~~~~~~~~~~~~~~~~~~~~~~~~~~~~~~~~~~~~~~~~~~~~~~~~~~~~~~~~~
/home/u12/darrenc/R/test/RcppEigen/include/Eigen/src/Core/util/XprHelper.h:190:83: warning: ignoring attributes on template argument ‘Eigen::internal::packet_traits<double>::type’ {aka ‘__vector(2) double’} [-Wignored-attributes]
/home/u12/darrenc/R/test/RcppEigen/include/Eigen/src/Core/util/XprHelper.h:190:83: warning: ignoring attributes on template argument ‘Eigen::internal::unpacket_traits<__vector(2) double>::half’ {aka ‘__vector(2) double’} [-Wignored-attributes]
/home/u12/darrenc/R/test/RcppEigen/include/Eigen/src/Core/util/XprHelper.h:208:88: warning: ignoring attributes on template argument ‘Eigen::internal::packet_traits<double>::type’ {aka ‘__vector(2) double’} [-Wignored-attributes]
   typedef typename find_best_packet_helper<Size,typename packet_traits<T>::type>::type type;
                                                                                        ^~~~
In file included from /home/u12/darrenc/R/test/RcppEigen/include/Eigen/Core:271,
                 from /home/u12/darrenc/R/test/RcppEigen/include/Eigen/Dense:1,
                 from /home/u12/darrenc/R/test/RcppEigen/include/RcppEigenForward.h:28,
                 from /home/u12/darrenc/R/test/RcppEigen/include/RcppEigen.h:25,
                 from RcppExports.cpp:4:
/home/u12/darrenc/R/test/RcppEigen/include/Eigen/src/Core/DenseCoeffsBase.h: In instantiation of ‘class Eigen::DenseCoeffsBase<Eigen::Matrix<double, -1, -1>, 0>’:
/home/u12/darrenc/R/test/RcppEigen/include/Eigen/src/Core/DenseCoeffsBase.h:302:7:   required from ‘class Eigen::DenseCoeffsBase<Eigen::Matrix<double, -1, -1>, 1>’
/home/u12/darrenc/R/test/RcppEigen/include/Eigen/src/Core/DenseCoeffsBase.h:555:7:   required from ‘class Eigen::DenseCoeffsBase<Eigen::Matrix<double, -1, -1>, 3>’
/home/u12/darrenc/R/test/RcppEigen/include/Eigen/src/Core/DenseBase.h:41:34:   required from ‘class Eigen::DenseBase<Eigen::Matrix<double, -1, -1> >’
/home/u12/darrenc/R/test/RcppEigen/include/Eigen/src/Core/MatrixBase.h:48:34:   required from ‘class Eigen::MatrixBase<Eigen::Matrix<double, -1, -1> >’
/home/u12/darrenc/R/test/RcppEigen/include/Eigen/src/Core/PlainObjectBase.h:98:7:   required from ‘class Eigen::PlainObjectBase<Eigen::Matrix<double, -1, -1> >’
/home/u12/darrenc/R/test/RcppEigen/include/Eigen/src/Core/Matrix.h:178:7:   required from ‘class Eigen::Matrix<double, -1, -1>’
/home/u12/darrenc/R/test/RcppEigen/include/Eigen/src/Core/Map.h:24:30:   required from ‘struct Eigen::internal::traits<Eigen::Map<Eigen::Matrix<double, -1, -1> > >’
/home/u12/darrenc/R/test/RcppEigen/include/Eigen/src/Core/util/ForwardDeclarations.h:32:54:   required from ‘struct Eigen::internal::accessors_level<Eigen::Map<Eigen::Matrix<double, -1, -1> > >’
/home/u12/darrenc/R/test/RcppEigen/include/Eigen/src/Core/util/ForwardDeclarations.h:111:75:   required from ‘class Eigen::Map<Eigen::Matrix<double, -1, -1> >’
RcppExports.cpp:94:67:   required from here
/home/u12/darrenc/R/test/RcppEigen/include/Eigen/src/Core/DenseCoeffsBase.h:56:30: warning: ignoring attributes on template argument ‘Eigen::internal::packet_traits<double>::type’ {aka ‘__vector(2) double’} [-Wignored-attributes]
                      >::type PacketReturnType;
                              ^~~~~~~~~~~~~~~~
/home/u12/darrenc/R/test/RcppEigen/include/Eigen/src/Core/DenseCoeffsBase.h: In instantiation of ‘class Eigen::DenseCoeffsBase<Eigen::Map<Eigen::Matrix<double, -1, -1> >, 0>’:
/home/u12/darrenc/R/test/RcppEigen/include/Eigen/src/Core/DenseCoeffsBase.h:302:7:   required from ‘class Eigen::DenseCoeffsBase<Eigen::Map<Eigen::Matrix<double, -1, -1> >, 1>’
/home/u12/darrenc/R/test/RcppEigen/include/Eigen/src/Core/DenseCoeffsBase.h:555:7:   required from ‘class Eigen::DenseCoeffsBase<Eigen::Map<Eigen::Matrix<double, -1, -1> >, 3>’
/home/u12/darrenc/R/test/RcppEigen/include/Eigen/src/Core/DenseBase.h:41:34:   required from ‘class Eigen::DenseBase<Eigen::Map<Eigen::Matrix<double, -1, -1> > >’
/home/u12/darrenc/R/test/RcppEigen/include/Eigen/src/Core/MatrixBase.h:48:34:   required from ‘class Eigen::MatrixBase<Eigen::Map<Eigen::Matrix<double, -1, -1> > >’
/home/u12/darrenc/R/test/RcppEigen/include/Eigen/src/Core/MapBase.h:37:34:   required from ‘class Eigen::MapBase<Eigen::Map<Eigen::Matrix<double, -1, -1> >, 0>’
/home/u12/darrenc/R/test/RcppEigen/include/Eigen/src/Core/MapBase.h:223:34:   required from ‘class Eigen::MapBase<Eigen::Map<Eigen::Matrix<double, -1, -1> >, 1>’
/home/u12/darrenc/R/test/RcppEigen/include/Eigen/src/Core/Map.h:94:79:   required from ‘class Eigen::Map<Eigen::Matrix<double, -1, -1> >’
RcppExports.cpp:94:67:   required from here
/home/u12/darrenc/R/test/RcppEigen/include/Eigen/src/Core/DenseCoeffsBase.h:56:30: warning: ignoring attributes on template argument ‘Eigen::internal::packet_traits<double>::type’ {aka ‘__vector(2) double’} [-Wignored-attributes]
/home/u12/darrenc/R/test/RcppEigen/include/Eigen/src/Core/DenseCoeffsBase.h: In instantiation of ‘class Eigen::DenseCoeffsBase<Eigen::Matrix<double, -1, 1>, 0>’:
/home/u12/darrenc/R/test/RcppEigen/include/Eigen/src/Core/DenseCoeffsBase.h:302:7:   required from ‘class Eigen::DenseCoeffsBase<Eigen::Matrix<double, -1, 1>, 1>’
/home/u12/darrenc/R/test/RcppEigen/include/Eigen/src/Core/DenseCoeffsBase.h:555:7:   required from ‘class Eigen::DenseCoeffsBase<Eigen::Matrix<double, -1, 1>, 3>’
/home/u12/darrenc/R/test/RcppEigen/include/Eigen/src/Core/DenseBase.h:41:34:   required from ‘class Eigen::DenseBase<Eigen::Matrix<double, -1, 1> >’
/home/u12/darrenc/R/test/RcppEigen/include/Eigen/src/Core/MatrixBase.h:48:34:   required from ‘class Eigen::MatrixBase<Eigen::Matrix<double, -1, 1> >’
/home/u12/darrenc/R/test/RcppEigen/include/Eigen/src/Core/PlainObjectBase.h:98:7:   required from ‘class Eigen::PlainObjectBase<Eigen::Matrix<double, -1, 1> >’
/home/u12/darrenc/R/test/RcppEigen/include/Eigen/src/Core/Matrix.h:178:7:   required from ‘class Eigen::Matrix<double, -1, 1>’
RcppExports.cpp:169:67:   required from here
/home/u12/darrenc/R/test/RcppEigen/include/Eigen/src/Core/DenseCoeffsBase.h:56:30: warning: ignoring attributes on template argument ‘Eigen::internal::packet_traits<double>::type’ {aka ‘__vector(2) double’} [-Wignored-attributes]
/home/u12/darrenc/R/test/RcppEigen/include/Eigen/src/Core/DenseCoeffsBase.h: In instantiation of ‘class Eigen::DenseCoeffsBase<Eigen::SparseMatrix<double, 0, int>, 0>’:
/home/u12/darrenc/R/test/RcppEigen/include/Eigen/src/SparseCore/SparseCompressedBase.h:336:80:   required from ‘struct Eigen::internal::evaluator<Eigen::SparseCompressedBase<Eigen::SparseMatrix<double, 0, int> > >’
/home/u12/darrenc/R/test/RcppEigen/include/Eigen/src/SparseCore/SparseMatrix.h:1505:8:   required from ‘struct Eigen::internal::evaluator<Eigen::SparseMatrix<double, 0, int> >’
/home/u12/darrenc/R/test/RcppEigen/include/Eigen/src/SparseCore/SparseAssign.h:77:20:   required from ‘void Eigen::internal::assign_sparse_to_sparse(DstXprType&, const SrcXprType&) [with DstXprType = Eigen::SparseMatrix<double, 0, int>; SrcXprType = Eigen::SparseMatrix<double, 0, int>]’
/home/u12/darrenc/R/test/RcppEigen/include/Eigen/src/SparseCore/SparseAssign.h:132:28:   required from ‘static void Eigen::internal::Assignment<DstXprType, SrcXprType, Functor, Eigen::internal::Sparse2Sparse>::run(DstXprType&, const SrcXprType&, const Eigen::internal::assign_op<typename DstXprType::Scalar, typename SrcXprType::Scalar>&) [with DstXprType = Eigen::SparseMatrix<double, 0, int>; SrcXprType = Eigen::SparseMatrix<double, 0, int>; Functor = Eigen::internal::assign_op<double, double>; typename SrcXprType::Scalar = double; typename DstXprType::Scalar = double]’
/home/u12/darrenc/R/test/RcppEigen/include/Eigen/src/Core/AssignEvaluator.h:890:49:   required from ‘void Eigen::internal::call_assignment_no_alias(Dst&, const Src&, const Func&) [with Dst = Eigen::SparseMatrix<double, 0, int>; Src = Eigen::SparseMatrix<double, 0, int>; Func = Eigen::internal::assign_op<double, double>]’
/home/u12/darrenc/R/test/RcppEigen/include/Eigen/src/Core/AssignEvaluator.h:917:27:   [ skipping 3 instantiation contexts, use -ftemplate-backtrace-limit=0 to disable ]
/home/u12/darrenc/R/test/RcppEigen/include/Eigen/src/SparseCore/SparseMatrix.h:713:13:   required from ‘Eigen::SparseMatrix<_Scalar, _Flags, _StorageIndex>::SparseMatrix(const Eigen::SparseMatrix<_Scalar, _Flags, _StorageIndex>&) [with _Scalar = double; int _Options = 0; _StorageIndex = int]’
/home/u12/darrenc/R/test/RcppEigen/include/RcppEigenWrap.h:387:24:   required from ‘Eigen::SparseMatrix<Scalar> Rcpp::traits::Exporter<Eigen::SparseMatrix<Scalar> >::get() [with T = double]’
/home/u12/darrenc/R/test/Rcpp/include/Rcpp/as.h:89:33:   required from ‘T Rcpp::internal::as(SEXP, Rcpp::traits::r_type_generic_tag) [with T = Eigen::SparseMatrix<double, 0, int>; SEXP = SEXPREC*]’
/home/u12/darrenc/R/test/Rcpp/include/Rcpp/as.h:152:31:   required from ‘T Rcpp::as(SEXP) [with T = Eigen::SparseMatrix<double, 0, int>; SEXP = SEXPREC*]’
/home/u12/darrenc/R/test/Rcpp/include/Rcpp/InputParameter.h:34:43:   required from ‘Rcpp::InputParameter<T>::operator T() [with T = Eigen::SparseMatrix<double, 0, int>]’
RcppExports.cpp:29:174:   required from here
/home/u12/darrenc/R/test/RcppEigen/include/Eigen/src/Core/DenseCoeffsBase.h:56:30: warning: ignoring attributes on template argument ‘Eigen::internal::packet_traits<double>::type’ {aka ‘__vector(2) double’} [-Wignored-attributes]
/home/u12/darrenc/R/test/RcppEigen/include/Eigen/src/Core/DenseCoeffsBase.h: In instantiation of ‘class Eigen::DenseCoeffsBase<Eigen::SparseMatrix<double, 1>, 0>’:
/home/u12/darrenc/R/test/RcppEigen/include/Eigen/src/SparseCore/SparseCompressedBase.h:336:80:   required from ‘struct Eigen::internal::evaluator<Eigen::SparseCompressedBase<Eigen::SparseMatrix<double, 1> > >’
/home/u12/darrenc/R/test/RcppEigen/include/Eigen/src/SparseCore/SparseMatrix.h:1505:8:   required from ‘struct Eigen::internal::evaluator<Eigen::SparseMatrix<double, 1> >’
/home/u12/darrenc/R/test/RcppEigen/include/Eigen/src/SparseCore/SparseAssign.h:77:20:   required from ‘void Eigen::internal::assign_sparse_to_sparse(DstXprType&, const SrcXprType&) [with DstXprType = Eigen::SparseMatrix<double, 1>; SrcXprType = Eigen::SparseMatrix<double, 1>]’
/home/u12/darrenc/R/test/RcppEigen/include/Eigen/src/SparseCore/SparseAssign.h:132:28:   required from ‘static void Eigen::internal::Assignment<DstXprType, SrcXprType, Functor, Eigen::internal::Sparse2Sparse>::run(DstXprType&, const SrcXprType&, const Eigen::internal::assign_op<typename DstXprType::Scalar, typename SrcXprType::Scalar>&) [with DstXprType = Eigen::SparseMatrix<double, 1>; SrcXprType = Eigen::SparseMatrix<double, 1>; Functor = Eigen::internal::assign_op<double, double>; typename SrcXprType::Scalar = double; typename DstXprType::Scalar = double]’
/home/u12/darrenc/R/test/RcppEigen/include/Eigen/src/Core/AssignEvaluator.h:890:49:   required from ‘void Eigen::internal::call_assignment_no_alias(Dst&, const Src&, const Func&) [with Dst = Eigen::SparseMatrix<double, 1>; Src = Eigen::SparseMatrix<double, 1>; Func = Eigen::internal::assign_op<double, double>]’
/home/u12/darrenc/R/test/RcppEigen/include/Eigen/src/Core/AssignEvaluator.h:917:27:   [ skipping 3 instantiation contexts, use -ftemplate-backtrace-limit=0 to disable ]
/home/u12/darrenc/R/test/RcppEigen/include/Eigen/src/SparseCore/SparseMatrix.h:713:13:   required from ‘Eigen::SparseMatrix<_Scalar, _Flags, _StorageIndex>::SparseMatrix(const Eigen::SparseMatrix<_Scalar, _Flags, _StorageIndex>&) [with _Scalar = double; int _Options = 1; _StorageIndex = int]’
/home/u12/darrenc/R/test/RcppEigen/include/RcppEigenWrap.h:412:24:   required from ‘Eigen::SparseMatrix<_Scalar, 1> Rcpp::traits::Exporter<Eigen::SparseMatrix<_Scalar, 1> >::get() [with T = double]’
/home/u12/darrenc/R/test/Rcpp/include/Rcpp/as.h:89:33:   required from ‘T Rcpp::internal::as(SEXP, Rcpp::traits::r_type_generic_tag) [with T = Eigen::SparseMatrix<double, 1>; SEXP = SEXPREC*]’
/home/u12/darrenc/R/test/Rcpp/include/Rcpp/as.h:152:31:   required from ‘T Rcpp::as(SEXP) [with T = Eigen::SparseMatrix<double, 1>; SEXP = SEXPREC*]’
/home/u12/darrenc/R/test/Rcpp/include/Rcpp/InputParameter.h:34:43:   required from ‘Rcpp::InputParameter<T>::operator T() [with T = Eigen::SparseMatrix<double, 1>]’
RcppExports.cpp:71:105:   required from here
/home/u12/darrenc/R/test/RcppEigen/include/Eigen/src/Core/DenseCoeffsBase.h:56:30: warning: ignoring attributes on template argument ‘Eigen::internal::packet_traits<double>::type’ {aka ‘__vector(2) double’} [-Wignored-attributes]
g++ -std=gnu++17 -I"/opt/ohpc/pub/apps/R/4.2.2/lib64/R/include" -DNDEBUG  -I'/home/u12/darrenc/R/test/Rcpp/include' -I'/home/u12/darrenc/R/test/RcppEigen/include' -I'/home/u12/darrenc/R/test/RcppProgress/include' -I/usr/local/include   -fpic  -g -O2  -c data_manipulation.cpp -o data_manipulation.o
In file included from /home/u12/darrenc/R/test/RcppEigen/include/Eigen/Core:205,
                 from /home/u12/darrenc/R/test/RcppEigen/include/Eigen/Dense:1,
                 from /home/u12/darrenc/R/test/RcppEigen/include/RcppEigenForward.h:28,
                 from /home/u12/darrenc/R/test/RcppEigen/include/RcppEigen.h:25,
                 from data_manipulation.cpp:1:
/home/u12/darrenc/R/test/RcppEigen/include/Eigen/src/Core/arch/SSE/PacketMath.h:46:40: warning: ignoring attributes on template argument ‘__m128i’ {aka ‘__vector(2) long long int’} [-Wignored-attributes]
 typedef eigen_packet_wrapper<__m128i, 0> Packet4i;
                                        ^
/home/u12/darrenc/R/test/RcppEigen/include/Eigen/src/Core/arch/SSE/PacketMath.h:47:40: warning: ignoring attributes on template argument ‘__m128i’ {aka ‘__vector(2) long long int’} [-Wignored-attributes]
 typedef eigen_packet_wrapper<__m128i, 1> Packet16b;
                                        ^
/home/u12/darrenc/R/test/RcppEigen/include/Eigen/src/Core/arch/SSE/PacketMath.h:49:39: warning: ignoring attributes on template argument ‘__m128’ {aka ‘__vector(4) float’} [-Wignored-attributes]
 template<> struct is_arithmetic<__m128>  { enum { value = true }; };
                                       ^
/home/u12/darrenc/R/test/RcppEigen/include/Eigen/src/Core/arch/SSE/PacketMath.h:50:40: warning: ignoring attributes on template argument ‘__m128i’ {aka ‘__vector(2) long long int’} [-Wignored-attributes]
 template<> struct is_arithmetic<__m128i> { enum { value = true }; };
                                        ^
/home/u12/darrenc/R/test/RcppEigen/include/Eigen/src/Core/arch/SSE/PacketMath.h:51:40: warning: ignoring attributes on template argument ‘__m128d’ {aka ‘__vector(2) double’} [-Wignored-attributes]
 template<> struct is_arithmetic<__m128d> { enum { value = true }; };
                                        ^
/home/u12/darrenc/R/test/RcppEigen/include/Eigen/src/Core/arch/SSE/PacketMath.h:222:43: warning: ignoring attributes on template argument ‘Eigen::internal::Packet4f’ {aka ‘__vector(4) float’} [-Wignored-attributes]
 template<> struct unpacket_traits<Packet4f> {
                                           ^
/home/u12/darrenc/R/test/RcppEigen/include/Eigen/src/Core/arch/SSE/PacketMath.h:228:43: warning: ignoring attributes on template argument ‘Eigen::internal::Packet2d’ {aka ‘__vector(2) double’} [-Wignored-attributes]
 template<> struct unpacket_traits<Packet2d> {
                                           ^
/home/u12/darrenc/R/test/RcppEigen/include/Eigen/src/Core/arch/SSE/PacketMath.h:1124:34: warning: ignoring attributes on template argument ‘Eigen::internal::Packet4f’ {aka ‘__vector(4) float’} [-Wignored-attributes]
 ptranspose(PacketBlock<Packet4f,4>& kernel) {
                                  ^
/home/u12/darrenc/R/test/RcppEigen/include/Eigen/src/Core/arch/SSE/PacketMath.h:1129:34: warning: ignoring attributes on template argument ‘Eigen::internal::Packet2d’ {aka ‘__vector(2) double’} [-Wignored-attributes]
 ptranspose(PacketBlock<Packet2d,2>& kernel) {
                                  ^
In file included from /home/u12/darrenc/R/test/RcppEigen/include/Eigen/Core:174,
                 from /home/u12/darrenc/R/test/RcppEigen/include/Eigen/Dense:1,
                 from /home/u12/darrenc/R/test/RcppEigen/include/RcppEigenForward.h:28,
                 from /home/u12/darrenc/R/test/RcppEigen/include/RcppEigen.h:25,
                 from data_manipulation.cpp:1:
/home/u12/darrenc/R/test/RcppEigen/include/Eigen/src/Core/arch/Default/ConjHelper.h:16:60: warning: ignoring attributes on template argument ‘Eigen::internal::Packet4f’ {aka ‘__vector(4) float’} [-Wignored-attributes]
   struct conj_helper<PACKET_REAL, PACKET_CPLX, false, false> {          \
                                                            ^
/home/u12/darrenc/R/test/RcppEigen/include/Eigen/src/Core/arch/SSE/Complex.h:173:1: note: in expansion of macro ‘EIGEN_MAKE_CONJ_HELPER_CPLX_REAL’
 EIGEN_MAKE_CONJ_HELPER_CPLX_REAL(Packet2cf,Packet4f)
 ^~~~~~~~~~~~~~~~~~~~~~~~~~~~~~~~
/home/u12/darrenc/R/test/RcppEigen/include/Eigen/src/Core/arch/Default/ConjHelper.h:29:60: warning: ignoring attributes on template argument ‘Eigen::internal::Packet4f’ {aka ‘__vector(4) float’} [-Wignored-attributes]
   struct conj_helper<PACKET_CPLX, PACKET_REAL, false, false> {          \
                                                            ^
/home/u12/darrenc/R/test/RcppEigen/include/Eigen/src/Core/arch/SSE/Complex.h:173:1: note: in expansion of macro ‘EIGEN_MAKE_CONJ_HELPER_CPLX_REAL’
 EIGEN_MAKE_CONJ_HELPER_CPLX_REAL(Packet2cf,Packet4f)
 ^~~~~~~~~~~~~~~~~~~~~~~~~~~~~~~~
/home/u12/darrenc/R/test/RcppEigen/include/Eigen/src/Core/arch/Default/ConjHelper.h:16:60: warning: ignoring attributes on template argument ‘Eigen::internal::Packet2d’ {aka ‘__vector(2) double’} [-Wignored-attributes]
   struct conj_helper<PACKET_REAL, PACKET_CPLX, false, false> {          \
                                                            ^
/home/u12/darrenc/R/test/RcppEigen/include/Eigen/src/Core/arch/SSE/Complex.h:298:1: note: in expansion of macro ‘EIGEN_MAKE_CONJ_HELPER_CPLX_REAL’
 EIGEN_MAKE_CONJ_HELPER_CPLX_REAL(Packet1cd,Packet2d)
 ^~~~~~~~~~~~~~~~~~~~~~~~~~~~~~~~
/home/u12/darrenc/R/test/RcppEigen/include/Eigen/src/Core/arch/Default/ConjHelper.h:29:60: warning: ignoring attributes on template argument ‘Eigen::internal::Packet2d’ {aka ‘__vector(2) double’} [-Wignored-attributes]
   struct conj_helper<PACKET_CPLX, PACKET_REAL, false, false> {          \
                                                            ^
/home/u12/darrenc/R/test/RcppEigen/include/Eigen/src/Core/arch/SSE/Complex.h:298:1: note: in expansion of macro ‘EIGEN_MAKE_CONJ_HELPER_CPLX_REAL’
 EIGEN_MAKE_CONJ_HELPER_CPLX_REAL(Packet1cd,Packet2d)
 ^~~~~~~~~~~~~~~~~~~~~~~~~~~~~~~~
In file included from /home/u12/darrenc/R/test/RcppEigen/include/Eigen/Core:165,
                 from /home/u12/darrenc/R/test/RcppEigen/include/Eigen/Dense:1,
                 from /home/u12/darrenc/R/test/RcppEigen/include/RcppEigenForward.h:28,
                 from /home/u12/darrenc/R/test/RcppEigen/include/RcppEigen.h:25,
                 from data_manipulation.cpp:1:
/home/u12/darrenc/R/test/RcppEigen/include/Eigen/src/Core/util/XprHelper.h: In instantiation of ‘struct Eigen::internal::find_best_packet<float, 4>’:
/home/u12/darrenc/R/test/RcppEigen/include/Eigen/src/Core/Matrix.h:22:57:   required from ‘struct Eigen::internal::traits<Eigen::Matrix<float, 4, 1> >’
/home/u12/darrenc/R/test/RcppEigen/include/Eigen/src/Geometry/Quaternion.h:265:7:   required from ‘struct Eigen::internal::traits<Eigen::Quaternion<float> >’
/home/u12/darrenc/R/test/RcppEigen/include/Eigen/src/Geometry/arch/Geometry_SIMD.h:24:46:   required from here
/home/u12/darrenc/R/test/RcppEigen/include/Eigen/src/Core/util/XprHelper.h:190:44: warning: ignoring attributes on template argument ‘Eigen::internal::packet_traits<float>::type’ {aka ‘__vector(4) float’} [-Wignored-attributes]
          bool Stop = Size==Dynamic || (Size%unpacket_traits<PacketType>::size)==0 || is_same<PacketType,typename unpacket_traits<PacketType>::half>::value>
                                       ~~~~~^~~~~~~~~~~~~~~~~~~~~~~~~~~~~~~~~~~
/home/u12/darrenc/R/test/RcppEigen/include/Eigen/src/Core/util/XprHelper.h:190:83: warning: ignoring attributes on template argument ‘Eigen::internal::packet_traits<float>::type’ {aka ‘__vector(4) float’} [-Wignored-attributes]
          bool Stop = Size==Dynamic || (Size%unpacket_traits<PacketType>::size)==0 || is_same<PacketType,typename unpacket_traits<PacketType>::half>::value>
                      ~~~~~~~~~~~~~~~~~~~~~~~~~~~~~~~~~~~~~~~~~~~~~~~~~~~~~~~~~~~~~^~~~~~~~~~~~~~~~~~~~~~~~~~~~~~~~~~~~~~~~~~~~~~~~~~~~~~~~~~~~~~~~~
/home/u12/darrenc/R/test/RcppEigen/include/Eigen/src/Core/util/XprHelper.h:190:83: warning: ignoring attributes on template argument ‘Eigen::internal::packet_traits<float>::type’ {aka ‘__vector(4) float’} [-Wignored-attributes]
/home/u12/darrenc/R/test/RcppEigen/include/Eigen/src/Core/util/XprHelper.h:190:83: warning: ignoring attributes on template argument ‘Eigen::internal::unpacket_traits<__vector(4) float>::half’ {aka ‘__vector(4) float’} [-Wignored-attributes]
/home/u12/darrenc/R/test/RcppEigen/include/Eigen/src/Core/util/XprHelper.h:208:88: warning: ignoring attributes on template argument ‘Eigen::internal::packet_traits<float>::type’ {aka ‘__vector(4) float’} [-Wignored-attributes]
   typedef typename find_best_packet_helper<Size,typename packet_traits<T>::type>::type type;
                                                                                        ^~~~
In file included from /home/u12/darrenc/R/test/RcppEigen/include/Eigen/Core:271,
                 from /home/u12/darrenc/R/test/RcppEigen/include/Eigen/Dense:1,
                 from /home/u12/darrenc/R/test/RcppEigen/include/RcppEigenForward.h:28,
                 from /home/u12/darrenc/R/test/RcppEigen/include/RcppEigen.h:25,
                 from data_manipulation.cpp:1:
/home/u12/darrenc/R/test/RcppEigen/include/Eigen/src/Core/DenseCoeffsBase.h: In instantiation of ‘class Eigen::DenseCoeffsBase<Eigen::Matrix<float, 4, 1>, 0>’:
/home/u12/darrenc/R/test/RcppEigen/include/Eigen/src/Core/DenseCoeffsBase.h:302:7:   required from ‘class Eigen::DenseCoeffsBase<Eigen::Matrix<float, 4, 1>, 1>’
/home/u12/darrenc/R/test/RcppEigen/include/Eigen/src/Core/DenseCoeffsBase.h:555:7:   required from ‘class Eigen::DenseCoeffsBase<Eigen::Matrix<float, 4, 1>, 3>’
/home/u12/darrenc/R/test/RcppEigen/include/Eigen/src/Core/DenseBase.h:41:34:   required from ‘class Eigen::DenseBase<Eigen::Matrix<float, 4, 1> >’
/home/u12/darrenc/R/test/RcppEigen/include/Eigen/src/Core/MatrixBase.h:48:34:   required from ‘class Eigen::MatrixBase<Eigen::Matrix<float, 4, 1> >’
/home/u12/darrenc/R/test/RcppEigen/include/Eigen/src/Core/PlainObjectBase.h:98:7:   required from ‘class Eigen::PlainObjectBase<Eigen::Matrix<float, 4, 1> >’
/home/u12/darrenc/R/test/RcppEigen/include/Eigen/src/Core/Matrix.h:178:7:   required from ‘class Eigen::Matrix<float, 4, 1>’
/home/u12/darrenc/R/test/RcppEigen/include/Eigen/src/Geometry/Quaternion.h:46:50:   required from ‘class Eigen::QuaternionBase<Eigen::Quaternion<float> >’
/home/u12/darrenc/R/test/RcppEigen/include/Eigen/src/Geometry/Quaternion.h:273:7:   required from ‘class Eigen::Quaternion<float>’
/home/u12/darrenc/R/test/RcppEigen/include/Eigen/src/Geometry/arch/Geometry_SIMD.h:27:3:   required from here
/home/u12/darrenc/R/test/RcppEigen/include/Eigen/src/Core/DenseCoeffsBase.h:56:30: warning: ignoring attributes on template argument ‘Eigen::internal::packet_traits<float>::type’ {aka ‘__vector(4) float’} [-Wignored-attributes]
                      >::type PacketReturnType;
                              ^~~~~~~~~~~~~~~~
In file included from /home/u12/darrenc/R/test/RcppEigen/include/Eigen/Core:165,
                 from /home/u12/darrenc/R/test/RcppEigen/include/Eigen/Dense:1,
                 from /home/u12/darrenc/R/test/RcppEigen/include/RcppEigenForward.h:28,
                 from /home/u12/darrenc/R/test/RcppEigen/include/RcppEigen.h:25,
                 from data_manipulation.cpp:1:
/home/u12/darrenc/R/test/RcppEigen/include/Eigen/src/Core/util/XprHelper.h: In instantiation of ‘struct Eigen::internal::find_best_packet<double, 4>’:
/home/u12/darrenc/R/test/RcppEigen/include/Eigen/src/Core/Matrix.h:22:57:   required from ‘struct Eigen::internal::traits<Eigen::Matrix<double, 4, 1> >’
/home/u12/darrenc/R/test/RcppEigen/include/Eigen/src/Geometry/Quaternion.h:265:7:   required from ‘struct Eigen::internal::traits<Eigen::Quaternion<double> >’
/home/u12/darrenc/R/test/RcppEigen/include/Eigen/src/Geometry/arch/Geometry_SIMD.h:98:47:   required from here
/home/u12/darrenc/R/test/RcppEigen/include/Eigen/src/Core/util/XprHelper.h:190:44: warning: ignoring attributes on template argument ‘Eigen::internal::packet_traits<double>::type’ {aka ‘__vector(2) double’} [-Wignored-attributes]
          bool Stop = Size==Dynamic || (Size%unpacket_traits<PacketType>::size)==0 || is_same<PacketType,typename unpacket_traits<PacketType>::half>::value>
                                       ~~~~~^~~~~~~~~~~~~~~~~~~~~~~~~~~~~~~~~~~
/home/u12/darrenc/R/test/RcppEigen/include/Eigen/src/Core/util/XprHelper.h:190:83: warning: ignoring attributes on template argument ‘Eigen::internal::packet_traits<double>::type’ {aka ‘__vector(2) double’} [-Wignored-attributes]
          bool Stop = Size==Dynamic || (Size%unpacket_traits<PacketType>::size)==0 || is_same<PacketType,typename unpacket_traits<PacketType>::half>::value>
                      ~~~~~~~~~~~~~~~~~~~~~~~~~~~~~~~~~~~~~~~~~~~~~~~~~~~~~~~~~~~~~^~~~~~~~~~~~~~~~~~~~~~~~~~~~~~~~~~~~~~~~~~~~~~~~~~~~~~~~~~~~~~~~~
/home/u12/darrenc/R/test/RcppEigen/include/Eigen/src/Core/util/XprHelper.h:190:83: warning: ignoring attributes on template argument ‘Eigen::internal::packet_traits<double>::type’ {aka ‘__vector(2) double’} [-Wignored-attributes]
/home/u12/darrenc/R/test/RcppEigen/include/Eigen/src/Core/util/XprHelper.h:190:83: warning: ignoring attributes on template argument ‘Eigen::internal::unpacket_traits<__vector(2) double>::half’ {aka ‘__vector(2) double’} [-Wignored-attributes]
/home/u12/darrenc/R/test/RcppEigen/include/Eigen/src/Core/util/XprHelper.h:208:88: warning: ignoring attributes on template argument ‘Eigen::internal::packet_traits<double>::type’ {aka ‘__vector(2) double’} [-Wignored-attributes]
   typedef typename find_best_packet_helper<Size,typename packet_traits<T>::type>::type type;
                                                                                        ^~~~
In file included from /home/u12/darrenc/R/test/RcppEigen/include/Eigen/Core:271,
                 from /home/u12/darrenc/R/test/RcppEigen/include/Eigen/Dense:1,
                 from /home/u12/darrenc/R/test/RcppEigen/include/RcppEigenForward.h:28,
                 from /home/u12/darrenc/R/test/RcppEigen/include/RcppEigen.h:25,
                 from data_manipulation.cpp:1:
/home/u12/darrenc/R/test/RcppEigen/include/Eigen/src/Core/DenseCoeffsBase.h: In instantiation of ‘class Eigen::DenseCoeffsBase<Eigen::Matrix<double, 4, 1>, 0>’:
/home/u12/darrenc/R/test/RcppEigen/include/Eigen/src/Core/DenseCoeffsBase.h:302:7:   required from ‘class Eigen::DenseCoeffsBase<Eigen::Matrix<double, 4, 1>, 1>’
/home/u12/darrenc/R/test/RcppEigen/include/Eigen/src/Core/DenseCoeffsBase.h:555:7:   required from ‘class Eigen::DenseCoeffsBase<Eigen::Matrix<double, 4, 1>, 3>’
/home/u12/darrenc/R/test/RcppEigen/include/Eigen/src/Core/DenseBase.h:41:34:   required from ‘class Eigen::DenseBase<Eigen::Matrix<double, 4, 1> >’
/home/u12/darrenc/R/test/RcppEigen/include/Eigen/src/Core/MatrixBase.h:48:34:   required from ‘class Eigen::MatrixBase<Eigen::Matrix<double, 4, 1> >’
/home/u12/darrenc/R/test/RcppEigen/include/Eigen/src/Core/PlainObjectBase.h:98:7:   required from ‘class Eigen::PlainObjectBase<Eigen::Matrix<double, 4, 1> >’
/home/u12/darrenc/R/test/RcppEigen/include/Eigen/src/Core/Matrix.h:178:7:   required from ‘class Eigen::Matrix<double, 4, 1>’
/home/u12/darrenc/R/test/RcppEigen/include/Eigen/src/Geometry/Quaternion.h:46:50:   required from ‘class Eigen::QuaternionBase<Eigen::Quaternion<double> >’
/home/u12/darrenc/R/test/RcppEigen/include/Eigen/src/Geometry/Quaternion.h:273:7:   required from ‘class Eigen::Quaternion<double>’
/home/u12/darrenc/R/test/RcppEigen/include/Eigen/src/Geometry/arch/Geometry_SIMD.h:102:3:   required from here
/home/u12/darrenc/R/test/RcppEigen/include/Eigen/src/Core/DenseCoeffsBase.h:56:30: warning: ignoring attributes on template argument ‘Eigen::internal::packet_traits<double>::type’ {aka ‘__vector(2) double’} [-Wignored-attributes]
                      >::type PacketReturnType;
                              ^~~~~~~~~~~~~~~~
In file included from /home/u12/darrenc/R/test/RcppEigen/include/Eigen/SparseCore:37,
                 from /home/u12/darrenc/R/test/RcppEigen/include/Eigen/Sparse:26,
                 from /home/u12/darrenc/R/test/RcppEigen/include/RcppEigenForward.h:29,
                 from /home/u12/darrenc/R/test/RcppEigen/include/RcppEigen.h:25,
                 from data_manipulation.cpp:1:
/home/u12/darrenc/R/test/RcppEigen/include/Eigen/src/SparseCore/SparseMatrixBase.h: In instantiation of ‘class Eigen::SparseMatrixBase<Eigen::SparseMatrix<double, 0, int> >’:
/home/u12/darrenc/R/test/RcppEigen/include/Eigen/src/SparseCore/SparseCompressedBase.h:36:7:   required from ‘class Eigen::SparseCompressedBase<Eigen::SparseMatrix<double, 0, int> >’
/home/u12/darrenc/R/test/RcppEigen/include/Eigen/src/SparseCore/SparseMatrix.h:96:7:   required from ‘class Eigen::SparseMatrix<double, 0, int>’
/home/u12/darrenc/R/test/RcppEigen/include/unsupported/Eigen/src/IterativeSolvers/ConstrainedConjGrad.h:61:25:   required from here
/home/u12/darrenc/R/test/RcppEigen/include/Eigen/src/SparseCore/SparseMatrixBase.h:47:30: warning: ignoring attributes on template argument ‘Eigen::internal::packet_traits<double>::type’ {aka ‘__vector(2) double’} [-Wignored-attributes]
                      >::type PacketReturnType;
                              ^~~~~~~~~~~~~~~~
In file included from /home/u12/darrenc/R/test/RcppEigen/include/Eigen/Core:165,
                 from /home/u12/darrenc/R/test/RcppEigen/include/Eigen/Dense:1,
                 from /home/u12/darrenc/R/test/RcppEigen/include/RcppEigenForward.h:28,
                 from /home/u12/darrenc/R/test/RcppEigen/include/RcppEigen.h:25,
                 from data_manipulation.cpp:1:
/home/u12/darrenc/R/test/RcppEigen/include/Eigen/src/Core/util/XprHelper.h: In instantiation of ‘struct Eigen::internal::find_best_packet<double, -1>’:
/home/u12/darrenc/R/test/RcppEigen/include/Eigen/src/Core/Matrix.h:22:57:   required from ‘struct Eigen::internal::traits<Eigen::Matrix<double, -1, 1> >’
/home/u12/darrenc/R/test/RcppEigen/include/Eigen/src/Core/PlainObjectBase.h:98:7:   required from ‘class Eigen::PlainObjectBase<Eigen::Matrix<double, -1, 1> >’
/home/u12/darrenc/R/test/RcppEigen/include/Eigen/src/Core/Matrix.h:178:7:   required from ‘class Eigen::Matrix<double, -1, 1>’
data_manipulation.cpp:18:21:   required from here
/home/u12/darrenc/R/test/RcppEigen/include/Eigen/src/Core/util/XprHelper.h:190:44: warning: ignoring attributes on template argument ‘Eigen::internal::packet_traits<double>::type’ {aka ‘__vector(2) double’} [-Wignored-attributes]
          bool Stop = Size==Dynamic || (Size%unpacket_traits<PacketType>::size)==0 || is_same<PacketType,typename unpacket_traits<PacketType>::half>::value>
                                       ~~~~~^~~~~~~~~~~~~~~~~~~~~~~~~~~~~~~~~~~
/home/u12/darrenc/R/test/RcppEigen/include/Eigen/src/Core/util/XprHelper.h:190:83: warning: ignoring attributes on template argument ‘Eigen::internal::packet_traits<double>::type’ {aka ‘__vector(2) double’} [-Wignored-attributes]
          bool Stop = Size==Dynamic || (Size%unpacket_traits<PacketType>::size)==0 || is_same<PacketType,typename unpacket_traits<PacketType>::half>::value>
                      ~~~~~~~~~~~~~~~~~~~~~~~~~~~~~~~~~~~~~~~~~~~~~~~~~~~~~~~~~~~~~^~~~~~~~~~~~~~~~~~~~~~~~~~~~~~~~~~~~~~~~~~~~~~~~~~~~~~~~~~~~~~~~~
/home/u12/darrenc/R/test/RcppEigen/include/Eigen/src/Core/util/XprHelper.h:190:83: warning: ignoring attributes on template argument ‘Eigen::internal::packet_traits<double>::type’ {aka ‘__vector(2) double’} [-Wignored-attributes]
/home/u12/darrenc/R/test/RcppEigen/include/Eigen/src/Core/util/XprHelper.h:190:83: warning: ignoring attributes on template argument ‘Eigen::internal::unpacket_traits<__vector(2) double>::half’ {aka ‘__vector(2) double’} [-Wignored-attributes]
/home/u12/darrenc/R/test/RcppEigen/include/Eigen/src/Core/util/XprHelper.h:208:88: warning: ignoring attributes on template argument ‘Eigen::internal::packet_traits<double>::type’ {aka ‘__vector(2) double’} [-Wignored-attributes]
   typedef typename find_best_packet_helper<Size,typename packet_traits<T>::type>::type type;
                                                                                        ^~~~
In file included from /home/u12/darrenc/R/test/RcppEigen/include/Eigen/Core:271,
                 from /home/u12/darrenc/R/test/RcppEigen/include/Eigen/Dense:1,
                 from /home/u12/darrenc/R/test/RcppEigen/include/RcppEigenForward.h:28,
                 from /home/u12/darrenc/R/test/RcppEigen/include/RcppEigen.h:25,
                 from data_manipulation.cpp:1:
/home/u12/darrenc/R/test/RcppEigen/include/Eigen/src/Core/DenseCoeffsBase.h: In instantiation of ‘class Eigen::DenseCoeffsBase<Eigen::Matrix<double, -1, 1>, 0>’:
/home/u12/darrenc/R/test/RcppEigen/include/Eigen/src/Core/DenseCoeffsBase.h:302:7:   required from ‘class Eigen::DenseCoeffsBase<Eigen::Matrix<double, -1, 1>, 1>’
/home/u12/darrenc/R/test/RcppEigen/include/Eigen/src/Core/DenseCoeffsBase.h:555:7:   required from ‘class Eigen::DenseCoeffsBase<Eigen::Matrix<double, -1, 1>, 3>’
/home/u12/darrenc/R/test/RcppEigen/include/Eigen/src/Core/DenseBase.h:41:34:   required from ‘class Eigen::DenseBase<Eigen::Matrix<double, -1, 1> >’
/home/u12/darrenc/R/test/RcppEigen/include/Eigen/src/Core/MatrixBase.h:48:34:   required from ‘class Eigen::MatrixBase<Eigen::Matrix<double, -1, 1> >’
/home/u12/darrenc/R/test/RcppEigen/include/Eigen/src/Core/PlainObjectBase.h:98:7:   required from ‘class Eigen::PlainObjectBase<Eigen::Matrix<double, -1, 1> >’
/home/u12/darrenc/R/test/RcppEigen/include/Eigen/src/Core/Matrix.h:178:7:   required from ‘class Eigen::Matrix<double, -1, 1>’
data_manipulation.cpp:18:21:   required from here
/home/u12/darrenc/R/test/RcppEigen/include/Eigen/src/Core/DenseCoeffsBase.h:56:30: warning: ignoring attributes on template argument ‘Eigen::internal::packet_traits<double>::type’ {aka ‘__vector(2) double’} [-Wignored-attributes]
                      >::type PacketReturnType;
                              ^~~~~~~~~~~~~~~~
In file included from /home/u12/darrenc/R/test/RcppEigen/include/Eigen/SparseCore:37,
                 from /home/u12/darrenc/R/test/RcppEigen/include/Eigen/Sparse:26,
                 from /home/u12/darrenc/R/test/RcppEigen/include/RcppEigenForward.h:29,
                 from /home/u12/darrenc/R/test/RcppEigen/include/RcppEigen.h:25,
                 from data_manipulation.cpp:1:
/home/u12/darrenc/R/test/RcppEigen/include/Eigen/src/SparseCore/SparseMatrixBase.h: In instantiation of ‘class Eigen::SparseMatrixBase<Eigen::Transpose<Eigen::SparseMatrix<double, 0, int> > >’:
/home/u12/darrenc/R/test/RcppEigen/include/Eigen/src/SparseCore/SparseCompressedBase.h:36:7:   required from ‘class Eigen::SparseCompressedBase<Eigen::Transpose<Eigen::SparseMatrix<double, 0, int> > >’
/home/u12/darrenc/R/test/RcppEigen/include/Eigen/src/SparseCore/SparseTranspose.h:22:9:   required from ‘class Eigen::internal::SparseTransposeImpl<Eigen::SparseMatrix<double, 0, int>, 1024>’
/home/u12/darrenc/R/test/RcppEigen/include/Eigen/src/SparseCore/SparseTranspose.h:45:37:   required from ‘class Eigen::TransposeImpl<Eigen::SparseMatrix<double, 0, int>, Eigen::Sparse>’
/home/u12/darrenc/R/test/RcppEigen/include/Eigen/src/Core/Transpose.h:52:37:   required from ‘class Eigen::Transpose<Eigen::SparseMatrix<double, 0, int> >’
data_manipulation.cpp:18:46:   required from here
/home/u12/darrenc/R/test/RcppEigen/include/Eigen/src/SparseCore/SparseMatrixBase.h:47:30: warning: ignoring attributes on template argument ‘Eigen::internal::packet_traits<double>::type’ {aka ‘__vector(2) double’} [-Wignored-attributes]
                      >::type PacketReturnType;
                              ^~~~~~~~~~~~~~~~
In file included from /home/u12/darrenc/R/test/RcppEigen/include/Eigen/Core:271,
                 from /home/u12/darrenc/R/test/RcppEigen/include/Eigen/Dense:1,
                 from /home/u12/darrenc/R/test/RcppEigen/include/RcppEigenForward.h:28,
                 from /home/u12/darrenc/R/test/RcppEigen/include/RcppEigen.h:25,
                 from data_manipulation.cpp:1:
/home/u12/darrenc/R/test/RcppEigen/include/Eigen/src/Core/DenseCoeffsBase.h: In instantiation of ‘class Eigen::DenseCoeffsBase<Eigen::CwiseNullaryOp<Eigen::internal::scalar_constant_op<double>, Eigen::Matrix<double, -1, 1> >, 0>’:
/home/u12/darrenc/R/test/RcppEigen/include/Eigen/src/Core/DenseBase.h:41:34:   required from ‘class Eigen::DenseBase<Eigen::CwiseNullaryOp<Eigen::internal::scalar_constant_op<double>, Eigen::Matrix<double, -1, 1> > >’
/home/u12/darrenc/R/test/RcppEigen/include/Eigen/src/Core/MatrixBase.h:48:34:   required from ‘class Eigen::MatrixBase<Eigen::CwiseNullaryOp<Eigen::internal::scalar_constant_op<double>, Eigen::Matrix<double, -1, 1> > >’
/home/u12/darrenc/R/test/RcppEigen/include/Eigen/src/Core/CwiseNullaryOp.h:60:7:   required from ‘class Eigen::CwiseNullaryOp<Eigen::internal::scalar_constant_op<double>, Eigen::Matrix<double, -1, 1> >’
data_manipulation.cpp:18:83:   required from here
/home/u12/darrenc/R/test/RcppEigen/include/Eigen/src/Core/DenseCoeffsBase.h:56:30: warning: ignoring attributes on template argument ‘Eigen::internal::packet_traits<double>::type’ {aka ‘__vector(2) double’} [-Wignored-attributes]
                      >::type PacketReturnType;
                              ^~~~~~~~~~~~~~~~
/home/u12/darrenc/R/test/RcppEigen/include/Eigen/src/Core/DenseCoeffsBase.h: In instantiation of ‘class Eigen::DenseCoeffsBase<Eigen::Product<Eigen::Transpose<Eigen::SparseMatrix<double, 0, int> >, Eigen::CwiseNullaryOp<Eigen::internal::scalar_constant_op<double>, Eigen::Matrix<double, -1, 1> >, 0>, 0>’:
/home/u12/darrenc/R/test/RcppEigen/include/Eigen/src/Core/DenseBase.h:41:34:   required from ‘class Eigen::DenseBase<Eigen::Product<Eigen::Transpose<Eigen::SparseMatrix<double, 0, int> >, Eigen::CwiseNullaryOp<Eigen::internal::scalar_constant_op<double>, Eigen::Matrix<double, -1, 1> >, 0> >’
/home/u12/darrenc/R/test/RcppEigen/include/Eigen/src/Core/MatrixBase.h:48:34:   required from ‘class Eigen::MatrixBase<Eigen::Product<Eigen::Transpose<Eigen::SparseMatrix<double, 0, int> >, Eigen::CwiseNullaryOp<Eigen::internal::scalar_constant_op<double>, Eigen::Matrix<double, -1, 1> >, 0> >’
/home/u12/darrenc/R/test/RcppEigen/include/Eigen/src/Core/Product.h:120:7:   required from ‘class Eigen::internal::dense_product_base<Eigen::Transpose<Eigen::SparseMatrix<double, 0, int> >, Eigen::CwiseNullaryOp<Eigen::internal::scalar_constant_op<double>, Eigen::Matrix<double, -1, 1> >, 0, 7>’
/home/u12/darrenc/R/test/RcppEigen/include/Eigen/src/Core/Product.h:152:7:   required from ‘class Eigen::ProductImpl<Eigen::Transpose<Eigen::SparseMatrix<double, 0, int> >, Eigen::CwiseNullaryOp<Eigen::internal::scalar_constant_op<double>, Eigen::Matrix<double, -1, 1> >, 0, Eigen::Dense>’
/home/u12/darrenc/R/test/RcppEigen/include/Eigen/src/Core/Product.h:71:7:   required from ‘class Eigen::Product<Eigen::Transpose<Eigen::SparseMatrix<double, 0, int> >, Eigen::CwiseNullaryOp<Eigen::internal::scalar_constant_op<double>, Eigen::Matrix<double, -1, 1> >, 0>’
data_manipulation.cpp:18:83:   required from here
/home/u12/darrenc/R/test/RcppEigen/include/Eigen/src/Core/DenseCoeffsBase.h:56:30: warning: ignoring attributes on template argument ‘Eigen::internal::packet_traits<double>::type’ {aka ‘__vector(2) double’} [-Wignored-attributes]
In file included from /home/u12/darrenc/R/test/RcppEigen/include/Eigen/SparseCore:37,
                 from /home/u12/darrenc/R/test/RcppEigen/include/Eigen/Sparse:26,
                 from /home/u12/darrenc/R/test/RcppEigen/include/RcppEigenForward.h:29,
                 from /home/u12/darrenc/R/test/RcppEigen/include/RcppEigen.h:25,
                 from data_manipulation.cpp:1:
/home/u12/darrenc/R/test/RcppEigen/include/Eigen/src/SparseCore/SparseMatrixBase.h: In instantiation of ‘class Eigen::SparseMatrixBase<Eigen::SparseMatrix<double, 1, int> >’:
/home/u12/darrenc/R/test/RcppEigen/include/Eigen/src/SparseCore/SparseCompressedBase.h:36:7:   required from ‘class Eigen::SparseCompressedBase<Eigen::SparseMatrix<double, 1, int> >’
/home/u12/darrenc/R/test/RcppEigen/include/Eigen/src/SparseCore/SparseMatrix.h:96:7:   required from ‘class Eigen::SparseMatrix<double, 1, int>’
data_manipulation.cpp:75:127:   required from here
/home/u12/darrenc/R/test/RcppEigen/include/Eigen/src/SparseCore/SparseMatrixBase.h:47:30: warning: ignoring attributes on template argument ‘Eigen::internal::packet_traits<double>::type’ {aka ‘__vector(2) double’} [-Wignored-attributes]
                      >::type PacketReturnType;
                              ^~~~~~~~~~~~~~~~
In file included from /home/u12/darrenc/R/test/RcppEigen/include/Eigen/Core:271,
                 from /home/u12/darrenc/R/test/RcppEigen/include/Eigen/Dense:1,
                 from /home/u12/darrenc/R/test/RcppEigen/include/RcppEigenForward.h:28,
                 from /home/u12/darrenc/R/test/RcppEigen/include/RcppEigen.h:25,
                 from data_manipulation.cpp:1:
/home/u12/darrenc/R/test/RcppEigen/include/Eigen/src/Core/DenseCoeffsBase.h: In instantiation of ‘class Eigen::DenseCoeffsBase<Eigen::Matrix<double, -1, -1>, 0>’:
/home/u12/darrenc/R/test/RcppEigen/include/Eigen/src/Core/DenseCoeffsBase.h:302:7:   required from ‘class Eigen::DenseCoeffsBase<Eigen::Matrix<double, -1, -1>, 1>’
/home/u12/darrenc/R/test/RcppEigen/include/Eigen/src/Core/DenseCoeffsBase.h:555:7:   required from ‘class Eigen::DenseCoeffsBase<Eigen::Matrix<double, -1, -1>, 3>’
/home/u12/darrenc/R/test/RcppEigen/include/Eigen/src/Core/DenseBase.h:41:34:   required from ‘class Eigen::DenseBase<Eigen::Matrix<double, -1, -1> >’
/home/u12/darrenc/R/test/RcppEigen/include/Eigen/src/Core/MatrixBase.h:48:34:   required from ‘class Eigen::MatrixBase<Eigen::Matrix<double, -1, -1> >’
/home/u12/darrenc/R/test/RcppEigen/include/Eigen/src/Core/PlainObjectBase.h:98:7:   required from ‘class Eigen::PlainObjectBase<Eigen::Matrix<double, -1, -1> >’
/home/u12/darrenc/R/test/RcppEigen/include/Eigen/src/Core/Matrix.h:178:7:   required from ‘class Eigen::Matrix<double, -1, -1>’
/home/u12/darrenc/R/test/RcppEigen/include/Eigen/src/Core/Map.h:24:30:   required from ‘struct Eigen::internal::traits<Eigen::Map<Eigen::Matrix<double, -1, -1> > >’
/home/u12/darrenc/R/test/RcppEigen/include/Eigen/src/Core/util/ForwardDeclarations.h:32:54:   required from ‘struct Eigen::internal::accessors_level<Eigen::Map<Eigen::Matrix<double, -1, -1> > >’
/home/u12/darrenc/R/test/RcppEigen/include/Eigen/src/Core/util/ForwardDeclarations.h:111:75:   required from ‘class Eigen::Map<Eigen::Matrix<double, -1, -1> >’
data_manipulation.cpp:131:88:   required from here
/home/u12/darrenc/R/test/RcppEigen/include/Eigen/src/Core/DenseCoeffsBase.h:56:30: warning: ignoring attributes on template argument ‘Eigen::internal::packet_traits<double>::type’ {aka ‘__vector(2) double’} [-Wignored-attributes]
                      >::type PacketReturnType;
                              ^~~~~~~~~~~~~~~~
/home/u12/darrenc/R/test/RcppEigen/include/Eigen/src/Core/DenseCoeffsBase.h: In instantiation of ‘class Eigen::DenseCoeffsBase<Eigen::Map<Eigen::Matrix<double, -1, -1> >, 0>’:
/home/u12/darrenc/R/test/RcppEigen/include/Eigen/src/Core/DenseCoeffsBase.h:302:7:   required from ‘class Eigen::DenseCoeffsBase<Eigen::Map<Eigen::Matrix<double, -1, -1> >, 1>’
/home/u12/darrenc/R/test/RcppEigen/include/Eigen/src/Core/DenseCoeffsBase.h:555:7:   required from ‘class Eigen::DenseCoeffsBase<Eigen::Map<Eigen::Matrix<double, -1, -1> >, 3>’
/home/u12/darrenc/R/test/RcppEigen/include/Eigen/src/Core/DenseBase.h:41:34:   required from ‘class Eigen::DenseBase<Eigen::Map<Eigen::Matrix<double, -1, -1> > >’
/home/u12/darrenc/R/test/RcppEigen/include/Eigen/src/Core/MatrixBase.h:48:34:   required from ‘class Eigen::MatrixBase<Eigen::Map<Eigen::Matrix<double, -1, -1> > >’
/home/u12/darrenc/R/test/RcppEigen/include/Eigen/src/Core/MapBase.h:37:34:   required from ‘class Eigen::MapBase<Eigen::Map<Eigen::Matrix<double, -1, -1> >, 0>’
/home/u12/darrenc/R/test/RcppEigen/include/Eigen/src/Core/MapBase.h:223:34:   required from ‘class Eigen::MapBase<Eigen::Map<Eigen::Matrix<double, -1, -1> >, 1>’
/home/u12/darrenc/R/test/RcppEigen/include/Eigen/src/Core/Map.h:94:79:   required from ‘class Eigen::Map<Eigen::Matrix<double, -1, -1> >’
data_manipulation.cpp:131:88:   required from here
/home/u12/darrenc/R/test/RcppEigen/include/Eigen/src/Core/DenseCoeffsBase.h:56:30: warning: ignoring attributes on template argument ‘Eigen::internal::packet_traits<double>::type’ {aka ‘__vector(2) double’} [-Wignored-attributes]
/home/u12/darrenc/R/test/RcppEigen/include/Eigen/src/Core/DenseCoeffsBase.h: In instantiation of ‘class Eigen::DenseCoeffsBase<Eigen::Array<double, -1, 1>, 0>’:
/home/u12/darrenc/R/test/RcppEigen/include/Eigen/src/Core/DenseCoeffsBase.h:302:7:   required from ‘class Eigen::DenseCoeffsBase<Eigen::Array<double, -1, 1>, 1>’
/home/u12/darrenc/R/test/RcppEigen/include/Eigen/src/Core/DenseCoeffsBase.h:555:7:   required from ‘class Eigen::DenseCoeffsBase<Eigen::Array<double, -1, 1>, 3>’
/home/u12/darrenc/R/test/RcppEigen/include/Eigen/src/Core/DenseBase.h:41:34:   required from ‘class Eigen::DenseBase<Eigen::Array<double, -1, 1> >’
/home/u12/darrenc/R/test/RcppEigen/include/Eigen/src/Core/ArrayBase.h:39:34:   required from ‘class Eigen::ArrayBase<Eigen::Array<double, -1, 1> >’
/home/u12/darrenc/R/test/RcppEigen/include/Eigen/src/Core/PlainObjectBase.h:98:7:   required from ‘class Eigen::PlainObjectBase<Eigen::Array<double, -1, 1> >’
/home/u12/darrenc/R/test/RcppEigen/include/Eigen/src/Core/Array.h:45:7:   required from ‘class Eigen::Array<double, -1, 1>’
data_manipulation.cpp:136:20:   required from here
/home/u12/darrenc/R/test/RcppEigen/include/Eigen/src/Core/DenseCoeffsBase.h:56:30: warning: ignoring attributes on template argument ‘Eigen::internal::packet_traits<double>::type’ {aka ‘__vector(2) double’} [-Wignored-attributes]
/home/u12/darrenc/R/test/RcppEigen/include/Eigen/src/Core/DenseCoeffsBase.h: In instantiation of ‘class Eigen::DenseCoeffsBase<Eigen::Block<Eigen::Map<Eigen::Matrix<double, -1, -1> >, -1, 1, true>, 0>’:
/home/u12/darrenc/R/test/RcppEigen/include/Eigen/src/Core/DenseCoeffsBase.h:302:7:   required from ‘class Eigen::DenseCoeffsBase<Eigen::Block<Eigen::Map<Eigen::Matrix<double, -1, -1> >, -1, 1, true>, 1>’
/home/u12/darrenc/R/test/RcppEigen/include/Eigen/src/Core/DenseCoeffsBase.h:555:7:   required from ‘class Eigen::DenseCoeffsBase<Eigen::Block<Eigen::Map<Eigen::Matrix<double, -1, -1> >, -1, 1, true>, 3>’
/home/u12/darrenc/R/test/RcppEigen/include/Eigen/src/Core/DenseBase.h:41:34:   required from ‘class Eigen::DenseBase<Eigen::Block<Eigen::Map<Eigen::Matrix<double, -1, -1> >, -1, 1, true> >’
/home/u12/darrenc/R/test/RcppEigen/include/Eigen/src/Core/MatrixBase.h:48:34:   required from ‘class Eigen::MatrixBase<Eigen::Block<Eigen::Map<Eigen::Matrix<double, -1, -1> >, -1, 1, true> >’
/home/u12/darrenc/R/test/RcppEigen/include/Eigen/src/Core/MapBase.h:37:34:   required from ‘class Eigen::MapBase<Eigen::Block<Eigen::Map<Eigen::Matrix<double, -1, -1> >, -1, 1, true>, 0>’
/home/u12/darrenc/R/test/RcppEigen/include/Eigen/src/Core/MapBase.h:223:34:   required from ‘class Eigen::MapBase<Eigen::Block<Eigen::Map<Eigen::Matrix<double, -1, -1> >, -1, 1, true>, 1>’
/home/u12/darrenc/R/test/RcppEigen/include/Eigen/src/Core/Block.h:329:7:   required from ‘class Eigen::internal::BlockImpl_dense<Eigen::Map<Eigen::Matrix<double, -1, -1> >, -1, 1, true, true>’
/home/u12/darrenc/R/test/RcppEigen/include/Eigen/src/Core/Block.h:154:7:   required from ‘class Eigen::BlockImpl<Eigen::Map<Eigen::Matrix<double, -1, -1> >, -1, 1, true, Eigen::Dense>’
/home/u12/darrenc/R/test/RcppEigen/include/Eigen/src/Core/Block.h:103:81:   required from ‘class Eigen::Block<Eigen::Map<Eigen::Matrix<double, -1, -1> >, -1, 1, true>’
data_manipulation.cpp:136:33:   required from here
/home/u12/darrenc/R/test/RcppEigen/include/Eigen/src/Core/DenseCoeffsBase.h:56:30: warning: ignoring attributes on template argument ‘Eigen::internal::packet_traits<double>::type’ {aka ‘__vector(2) double’} [-Wignored-attributes]
/home/u12/darrenc/R/test/RcppEigen/include/Eigen/src/Core/DenseCoeffsBase.h: In instantiation of ‘class Eigen::DenseCoeffsBase<Eigen::ArrayWrapper<Eigen::Block<Eigen::Map<Eigen::Matrix<double, -1, -1> >, -1, 1, true> >, 0>’:
/home/u12/darrenc/R/test/RcppEigen/include/Eigen/src/Core/DenseCoeffsBase.h:302:7:   required from ‘class Eigen::DenseCoeffsBase<Eigen::ArrayWrapper<Eigen::Block<Eigen::Map<Eigen::Matrix<double, -1, -1> >, -1, 1, true> >, 1>’
/home/u12/darrenc/R/test/RcppEigen/include/Eigen/src/Core/DenseCoeffsBase.h:555:7:   required from ‘class Eigen::DenseCoeffsBase<Eigen::ArrayWrapper<Eigen::Block<Eigen::Map<Eigen::Matrix<double, -1, -1> >, -1, 1, true> >, 3>’
/home/u12/darrenc/R/test/RcppEigen/include/Eigen/src/Core/DenseBase.h:41:34:   required from ‘class Eigen::DenseBase<Eigen::ArrayWrapper<Eigen::Block<Eigen::Map<Eigen::Matrix<double, -1, -1> >, -1, 1, true> > >’
/home/u12/darrenc/R/test/RcppEigen/include/Eigen/src/Core/ArrayBase.h:39:34:   required from ‘class Eigen::ArrayBase<Eigen::ArrayWrapper<Eigen::Block<Eigen::Map<Eigen::Matrix<double, -1, -1> >, -1, 1, true> > >’
/home/u12/darrenc/R/test/RcppEigen/include/Eigen/src/Core/ArrayWrapper.h:42:7:   required from ‘class Eigen::ArrayWrapper<Eigen::Block<Eigen::Map<Eigen::Matrix<double, -1, -1> >, -1, 1, true> >’
data_manipulation.cpp:136:41:   required from here
/home/u12/darrenc/R/test/RcppEigen/include/Eigen/src/Core/DenseCoeffsBase.h:56:30: warning: ignoring attributes on template argument ‘Eigen::internal::packet_traits<double>::type’ {aka ‘__vector(2) double’} [-Wignored-attributes]
/home/u12/darrenc/R/test/RcppEigen/include/Eigen/src/Core/DenseCoeffsBase.h: In instantiation of ‘class Eigen::DenseCoeffsBase<Eigen::CwiseNullaryOp<Eigen::internal::scalar_constant_op<double>, const Eigen::Array<double, -1, 1> >, 0>’:
/home/u12/darrenc/R/test/RcppEigen/include/Eigen/src/Core/DenseBase.h:41:34:   required from ‘class Eigen::DenseBase<Eigen::CwiseNullaryOp<Eigen::internal::scalar_constant_op<double>, const Eigen::Array<double, -1, 1> > >’
/home/u12/darrenc/R/test/RcppEigen/include/Eigen/src/Core/ArrayBase.h:39:34:   required from ‘class Eigen::ArrayBase<Eigen::CwiseNullaryOp<Eigen::internal::scalar_constant_op<double>, const Eigen::Array<double, -1, 1> > >’
/home/u12/darrenc/R/test/RcppEigen/include/Eigen/src/Core/CwiseNullaryOp.h:60:7:   required from ‘class Eigen::CwiseNullaryOp<Eigen::internal::scalar_constant_op<double>, const Eigen::Array<double, -1, 1> >’
/home/u12/darrenc/R/test/RcppEigen/include/Eigen/src/Core/CwiseBinaryOp.h:38:28:   required from ‘struct Eigen::internal::traits<Eigen::CwiseBinaryOp<Eigen::internal::scalar_difference_op<double, double>, const Eigen::Array<double, -1, 1>, const Eigen::CwiseNullaryOp<Eigen::internal::scalar_constant_op<double>, const Eigen::Array<double, -1, 1> > > >’
/home/u12/darrenc/R/test/RcppEigen/include/Eigen/src/Core/CwiseBinaryOp.h:148:7:   required from ‘class Eigen::CwiseBinaryOpImpl<Eigen::internal::scalar_difference_op<double, double>, const Eigen::Array<double, -1, 1>, const Eigen::CwiseNullaryOp<Eigen::internal::scalar_constant_op<double>, const Eigen::Array<double, -1, 1> >, Eigen::Dense>’
/home/u12/darrenc/R/test/RcppEigen/include/Eigen/src/Core/CwiseBinaryOp.h:77:7:   required from ‘class Eigen::CwiseBinaryOp<Eigen::internal::scalar_difference_op<double, double>, const Eigen::Array<double, -1, 1>, const Eigen::CwiseNullaryOp<Eigen::internal::scalar_constant_op<double>, const Eigen::Array<double, -1, 1> > >’
data_manipulation.cpp:138:32:   required from here
/home/u12/darrenc/R/test/RcppEigen/include/Eigen/src/Core/DenseCoeffsBase.h:56:30: warning: ignoring attributes on template argument ‘Eigen::internal::packet_traits<double>::type’ {aka ‘__vector(2) double’} [-Wignored-attributes]
/home/u12/darrenc/R/test/RcppEigen/include/Eigen/src/Core/DenseCoeffsBase.h: In instantiation of ‘class Eigen::DenseCoeffsBase<Eigen::CwiseBinaryOp<Eigen::internal::scalar_difference_op<double, double>, const Eigen::Array<double, -1, 1>, const Eigen::CwiseNullaryOp<Eigen::internal::scalar_constant_op<double>, const Eigen::Array<double, -1, 1> > >, 0>’:
/home/u12/darrenc/R/test/RcppEigen/include/Eigen/src/Core/DenseBase.h:41:34:   required from ‘class Eigen::DenseBase<Eigen::CwiseBinaryOp<Eigen::internal::scalar_difference_op<double, double>, const Eigen::Array<double, -1, 1>, const Eigen::CwiseNullaryOp<Eigen::internal::scalar_constant_op<double>, const Eigen::Array<double, -1, 1> > > >’
/home/u12/darrenc/R/test/RcppEigen/include/Eigen/src/Core/ArrayBase.h:39:34:   required from ‘class Eigen::ArrayBase<Eigen::CwiseBinaryOp<Eigen::internal::scalar_difference_op<double, double>, const Eigen::Array<double, -1, 1>, const Eigen::CwiseNullaryOp<Eigen::internal::scalar_constant_op<double>, const Eigen::Array<double, -1, 1> > > >’
/home/u12/darrenc/R/test/RcppEigen/include/Eigen/src/Core/CwiseBinaryOp.h:148:7:   required from ‘class Eigen::CwiseBinaryOpImpl<Eigen::internal::scalar_difference_op<double, double>, const Eigen::Array<double, -1, 1>, const Eigen::CwiseNullaryOp<Eigen::internal::scalar_constant_op<double>, const Eigen::Array<double, -1, 1> >, Eigen::Dense>’
/home/u12/darrenc/R/test/RcppEigen/include/Eigen/src/Core/CwiseBinaryOp.h:77:7:   required from ‘class Eigen::CwiseBinaryOp<Eigen::internal::scalar_difference_op<double, double>, const Eigen::Array<double, -1, 1>, const Eigen::CwiseNullaryOp<Eigen::internal::scalar_constant_op<double>, const Eigen::Array<double, -1, 1> > >’
data_manipulation.cpp:138:32:   required from here
/home/u12/darrenc/R/test/RcppEigen/include/Eigen/src/Core/DenseCoeffsBase.h:56:30: warning: ignoring attributes on template argument ‘Eigen::internal::packet_traits<double>::type’ {aka ‘__vector(2) double’} [-Wignored-attributes]
/home/u12/darrenc/R/test/RcppEigen/include/Eigen/src/Core/DenseCoeffsBase.h: In instantiation of ‘class Eigen::DenseCoeffsBase<Eigen::CwiseUnaryOp<Eigen::internal::scalar_square_op<double>, const Eigen::CwiseBinaryOp<Eigen::internal::scalar_difference_op<double, double>, const Eigen::Array<double, -1, 1>, const Eigen::CwiseNullaryOp<Eigen::internal::scalar_constant_op<double>, const Eigen::Array<double, -1, 1> > > >, 0>’:
/home/u12/darrenc/R/test/RcppEigen/include/Eigen/src/Core/DenseBase.h:41:34:   required from ‘class Eigen::DenseBase<Eigen::CwiseUnaryOp<Eigen::internal::scalar_square_op<double>, const Eigen::CwiseBinaryOp<Eigen::internal::scalar_difference_op<double, double>, const Eigen::Array<double, -1, 1>, const Eigen::CwiseNullaryOp<Eigen::internal::scalar_constant_op<double>, const Eigen::Array<double, -1, 1> > > > >’
/home/u12/darrenc/R/test/RcppEigen/include/Eigen/src/Core/ArrayBase.h:39:34:   required from ‘class Eigen::ArrayBase<Eigen::CwiseUnaryOp<Eigen::internal::scalar_square_op<double>, const Eigen::CwiseBinaryOp<Eigen::internal::scalar_difference_op<double, double>, const Eigen::Array<double, -1, 1>, const Eigen::CwiseNullaryOp<Eigen::internal::scalar_constant_op<double>, const Eigen::Array<double, -1, 1> > > > >’
/home/u12/darrenc/R/test/RcppEigen/include/Eigen/src/Core/CwiseUnaryOp.h:94:7:   required from ‘class Eigen::CwiseUnaryOpImpl<Eigen::internal::scalar_square_op<double>, const Eigen::CwiseBinaryOp<Eigen::internal::scalar_difference_op<double, double>, const Eigen::Array<double, -1, 1>, const Eigen::CwiseNullaryOp<Eigen::internal::scalar_constant_op<double>, const Eigen::Array<double, -1, 1> > >, Eigen::Dense>’
/home/u12/darrenc/R/test/RcppEigen/include/Eigen/src/Core/CwiseUnaryOp.h:55:7:   required from ‘class Eigen::CwiseUnaryOp<Eigen::internal::scalar_square_op<double>, const Eigen::CwiseBinaryOp<Eigen::internal::scalar_difference_op<double, double>, const Eigen::Array<double, -1, 1>, const Eigen::CwiseNullaryOp<Eigen::internal::scalar_constant_op<double>, const Eigen::Array<double, -1, 1> > > >’
data_manipulation.cpp:138:48:   required from here
/home/u12/darrenc/R/test/RcppEigen/include/Eigen/src/Core/DenseCoeffsBase.h:56:30: warning: ignoring attributes on template argument ‘Eigen::internal::packet_traits<double>::type’ {aka ‘__vector(2) double’} [-Wignored-attributes]
In file included from /home/u12/darrenc/R/test/RcppEigen/include/Eigen/SparseCore:37,
                 from /home/u12/darrenc/R/test/RcppEigen/include/Eigen/Sparse:26,
                 from /home/u12/darrenc/R/test/RcppEigen/include/RcppEigenForward.h:29,
                 from /home/u12/darrenc/R/test/RcppEigen/include/RcppEigen.h:25,
                 from data_manipulation.cpp:1:
/home/u12/darrenc/R/test/RcppEigen/include/Eigen/src/SparseCore/SparseMatrixBase.h: In instantiation of ‘class Eigen::SparseMatrixBase<Eigen::Block<Eigen::SparseMatrix<double, 0, int>, -1, 1, true> >’:
/home/u12/darrenc/R/test/RcppEigen/include/Eigen/src/SparseCore/SparseCompressedBase.h:36:7:   required from ‘class Eigen::SparseCompressedBase<Eigen::Block<Eigen::SparseMatrix<double, 0, int>, -1, 1, true> >’
/home/u12/darrenc/R/test/RcppEigen/include/Eigen/src/SparseCore/SparseBlock.h:96:7:   required from ‘class Eigen::internal::sparse_matrix_block_impl<Eigen::SparseMatrix<double, 0, int>, -1, 1>’
/home/u12/darrenc/R/test/RcppEigen/include/Eigen/src/SparseCore/SparseBlock.h:287:7:   required from ‘class Eigen::BlockImpl<Eigen::SparseMatrix<double, 0, int>, -1, 1, true, Eigen::Sparse>’
/home/u12/darrenc/R/test/RcppEigen/include/Eigen/src/Core/Block.h:103:81:   required from ‘class Eigen::Block<Eigen::SparseMatrix<double, 0, int>, -1, 1, true>’
data_manipulation.cpp:186:52:   required from here
/home/u12/darrenc/R/test/RcppEigen/include/Eigen/src/SparseCore/SparseMatrixBase.h:47:30: warning: ignoring attributes on template argument ‘Eigen::internal::packet_traits<double>::type’ {aka ‘__vector(2) double’} [-Wignored-attributes]
                      >::type PacketReturnType;
                              ^~~~~~~~~~~~~~~~
In file included from /home/u12/darrenc/R/test/RcppEigen/include/Eigen/Core:271,
                 from /home/u12/darrenc/R/test/RcppEigen/include/Eigen/Dense:1,
                 from /home/u12/darrenc/R/test/RcppEigen/include/RcppEigenForward.h:28,
                 from /home/u12/darrenc/R/test/RcppEigen/include/RcppEigen.h:25,
                 from data_manipulation.cpp:1:
/home/u12/darrenc/R/test/RcppEigen/include/Eigen/src/Core/DenseCoeffsBase.h: In instantiation of ‘class Eigen::DenseCoeffsBase<Eigen::Block<Eigen::Matrix<double, -1, -1>, -1, 1, true>, 0>’:
/home/u12/darrenc/R/test/RcppEigen/include/Eigen/src/Core/DenseCoeffsBase.h:302:7:   required from ‘class Eigen::DenseCoeffsBase<Eigen::Block<Eigen::Matrix<double, -1, -1>, -1, 1, true>, 1>’
/home/u12/darrenc/R/test/RcppEigen/include/Eigen/src/Core/DenseCoeffsBase.h:555:7:   required from ‘class Eigen::DenseCoeffsBase<Eigen::Block<Eigen::Matrix<double, -1, -1>, -1, 1, true>, 3>’
/home/u12/darrenc/R/test/RcppEigen/include/Eigen/src/Core/DenseBase.h:41:34:   required from ‘class Eigen::DenseBase<Eigen::Block<Eigen::Matrix<double, -1, -1>, -1, 1, true> >’
/home/u12/darrenc/R/test/RcppEigen/include/Eigen/src/Core/MatrixBase.h:48:34:   required from ‘class Eigen::MatrixBase<Eigen::Block<Eigen::Matrix<double, -1, -1>, -1, 1, true> >’
/home/u12/darrenc/R/test/RcppEigen/include/Eigen/src/Core/MapBase.h:37:34:   required from ‘class Eigen::MapBase<Eigen::Block<Eigen::Matrix<double, -1, -1>, -1, 1, true>, 0>’
/home/u12/darrenc/R/test/RcppEigen/include/Eigen/src/Core/MapBase.h:223:34:   required from ‘class Eigen::MapBase<Eigen::Block<Eigen::Matrix<double, -1, -1>, -1, 1, true>, 1>’
/home/u12/darrenc/R/test/RcppEigen/include/Eigen/src/Core/Block.h:329:7:   required from ‘class Eigen::internal::BlockImpl_dense<Eigen::Matrix<double, -1, -1>, -1, 1, true, true>’
/home/u12/darrenc/R/test/RcppEigen/include/Eigen/src/Core/Block.h:154:7:   required from ‘class Eigen::BlockImpl<Eigen::Matrix<double, -1, -1>, -1, 1, true, Eigen::Dense>’
/home/u12/darrenc/R/test/RcppEigen/include/Eigen/src/Core/Block.h:103:81:   required from ‘class Eigen::Block<Eigen::Matrix<double, -1, -1>, -1, 1, true>’
data_manipulation.cpp:187:21:   required from here
/home/u12/darrenc/R/test/RcppEigen/include/Eigen/src/Core/DenseCoeffsBase.h:56:30: warning: ignoring attributes on template argument ‘Eigen::internal::packet_traits<double>::type’ {aka ‘__vector(2) double’} [-Wignored-attributes]
                      >::type PacketReturnType;
                              ^~~~~~~~~~~~~~~~
/home/u12/darrenc/R/test/RcppEigen/include/Eigen/src/Core/DenseCoeffsBase.h: In instantiation of ‘class Eigen::DenseCoeffsBase<Eigen::ArrayWrapper<Eigen::Matrix<double, -1, 1> >, 0>’:
/home/u12/darrenc/R/test/RcppEigen/include/Eigen/src/Core/DenseCoeffsBase.h:302:7:   required from ‘class Eigen::DenseCoeffsBase<Eigen::ArrayWrapper<Eigen::Matrix<double, -1, 1> >, 1>’
/home/u12/darrenc/R/test/RcppEigen/include/Eigen/src/Core/DenseCoeffsBase.h:555:7:   required from ‘class Eigen::DenseCoeffsBase<Eigen::ArrayWrapper<Eigen::Matrix<double, -1, 1> >, 3>’
/home/u12/darrenc/R/test/RcppEigen/include/Eigen/src/Core/DenseBase.h:41:34:   required from ‘class Eigen::DenseBase<Eigen::ArrayWrapper<Eigen::Matrix<double, -1, 1> > >’
/home/u12/darrenc/R/test/RcppEigen/include/Eigen/src/Core/ArrayBase.h:39:34:   required from ‘class Eigen::ArrayBase<Eigen::ArrayWrapper<Eigen::Matrix<double, -1, 1> > >’
/home/u12/darrenc/R/test/RcppEigen/include/Eigen/src/Core/ArrayWrapper.h:42:7:   required from ‘class Eigen::ArrayWrapper<Eigen::Matrix<double, -1, 1> >’
data_manipulation.cpp:187:36:   required from here
/home/u12/darrenc/R/test/RcppEigen/include/Eigen/src/Core/DenseCoeffsBase.h:56:30: warning: ignoring attributes on template argument ‘Eigen::internal::packet_traits<double>::type’ {aka ‘__vector(2) double’} [-Wignored-attributes]
/home/u12/darrenc/R/test/RcppEigen/include/Eigen/src/Core/DenseCoeffsBase.h: In instantiation of ‘class Eigen::DenseCoeffsBase<Eigen::CwiseBinaryOp<Eigen::internal::scalar_difference_op<double, double>, const Eigen::ArrayWrapper<Eigen::Matrix<double, -1, 1> >, const Eigen::CwiseNullaryOp<Eigen::internal::scalar_constant_op<double>, const Eigen::Array<double, -1, 1> > >, 0>’:
/home/u12/darrenc/R/test/RcppEigen/include/Eigen/src/Core/DenseBase.h:41:34:   required from ‘class Eigen::DenseBase<Eigen::CwiseBinaryOp<Eigen::internal::scalar_difference_op<double, double>, const Eigen::ArrayWrapper<Eigen::Matrix<double, -1, 1> >, const Eigen::CwiseNullaryOp<Eigen::internal::scalar_constant_op<double>, const Eigen::Array<double, -1, 1> > > >’
/home/u12/darrenc/R/test/RcppEigen/include/Eigen/src/Core/ArrayBase.h:39:34:   required from ‘class Eigen::ArrayBase<Eigen::CwiseBinaryOp<Eigen::internal::scalar_difference_op<double, double>, const Eigen::ArrayWrapper<Eigen::Matrix<double, -1, 1> >, const Eigen::CwiseNullaryOp<Eigen::internal::scalar_constant_op<double>, const Eigen::Array<double, -1, 1> > > >’
/home/u12/darrenc/R/test/RcppEigen/include/Eigen/src/Core/CwiseBinaryOp.h:148:7:   required from ‘class Eigen::CwiseBinaryOpImpl<Eigen::internal::scalar_difference_op<double, double>, const Eigen::ArrayWrapper<Eigen::Matrix<double, -1, 1> >, const Eigen::CwiseNullaryOp<Eigen::internal::scalar_constant_op<double>, const Eigen::Array<double, -1, 1> >, Eigen::Dense>’
/home/u12/darrenc/R/test/RcppEigen/include/Eigen/src/Core/CwiseBinaryOp.h:77:7:   required from ‘class Eigen::CwiseBinaryOp<Eigen::internal::scalar_difference_op<double, double>, const Eigen::ArrayWrapper<Eigen::Matrix<double, -1, 1> >, const Eigen::CwiseNullaryOp<Eigen::internal::scalar_constant_op<double>, const Eigen::Array<double, -1, 1> > >’
data_manipulation.cpp:187:40:   required from here
/home/u12/darrenc/R/test/RcppEigen/include/Eigen/src/Core/DenseCoeffsBase.h:56:30: warning: ignoring attributes on template argument ‘Eigen::internal::packet_traits<double>::type’ {aka ‘__vector(2) double’} [-Wignored-attributes]
/home/u12/darrenc/R/test/RcppEigen/include/Eigen/src/Core/DenseCoeffsBase.h: In instantiation of ‘class Eigen::DenseCoeffsBase<Eigen::CwiseBinaryOp<Eigen::internal::scalar_quotient_op<double, double>, const Eigen::CwiseBinaryOp<Eigen::internal::scalar_difference_op<double, double>, const Eigen::ArrayWrapper<Eigen::Matrix<double, -1, 1> >, const Eigen::CwiseNullaryOp<Eigen::internal::scalar_constant_op<double>, const Eigen::Array<double, -1, 1> > >, const Eigen::CwiseNullaryOp<Eigen::internal::scalar_constant_op<double>, const Eigen::Array<double, -1, 1> > >, 0>’:
/home/u12/darrenc/R/test/RcppEigen/include/Eigen/src/Core/DenseBase.h:41:34:   required from ‘class Eigen::DenseBase<Eigen::CwiseBinaryOp<Eigen::internal::scalar_quotient_op<double, double>, const Eigen::CwiseBinaryOp<Eigen::internal::scalar_difference_op<double, double>, const Eigen::ArrayWrapper<Eigen::Matrix<double, -1, 1> >, const Eigen::CwiseNullaryOp<Eigen::internal::scalar_constant_op<double>, const Eigen::Array<double, -1, 1> > >, const Eigen::CwiseNullaryOp<Eigen::internal::scalar_constant_op<double>, const Eigen::Array<double, -1, 1> > > >’
/home/u12/darrenc/R/test/RcppEigen/include/Eigen/src/Core/ArrayBase.h:39:34:   required from ‘class Eigen::ArrayBase<Eigen::CwiseBinaryOp<Eigen::internal::scalar_quotient_op<double, double>, const Eigen::CwiseBinaryOp<Eigen::internal::scalar_difference_op<double, double>, const Eigen::ArrayWrapper<Eigen::Matrix<double, -1, 1> >, const Eigen::CwiseNullaryOp<Eigen::internal::scalar_constant_op<double>, const Eigen::Array<double, -1, 1> > >, const Eigen::CwiseNullaryOp<Eigen::internal::scalar_constant_op<double>, const Eigen::Array<double, -1, 1> > > >’
/home/u12/darrenc/R/test/RcppEigen/include/Eigen/src/Core/CwiseBinaryOp.h:148:7:   required from ‘class Eigen::CwiseBinaryOpImpl<Eigen::internal::scalar_quotient_op<double, double>, const Eigen::CwiseBinaryOp<Eigen::internal::scalar_difference_op<double, double>, const Eigen::ArrayWrapper<Eigen::Matrix<double, -1, 1> >, const Eigen::CwiseNullaryOp<Eigen::internal::scalar_constant_op<double>, const Eigen::Array<double, -1, 1> > >, const Eigen::CwiseNullaryOp<Eigen::internal::scalar_constant_op<double>, const Eigen::Array<double, -1, 1> >, Eigen::Dense>’
/home/u12/darrenc/R/test/RcppEigen/include/Eigen/src/Core/CwiseBinaryOp.h:77:7:   required from ‘class Eigen::CwiseBinaryOp<Eigen::internal::scalar_quotient_op<double, double>, const Eigen::CwiseBinaryOp<Eigen::internal::scalar_difference_op<double, double>, const Eigen::ArrayWrapper<Eigen::Matrix<double, -1, 1> >, const Eigen::CwiseNullaryOp<Eigen::internal::scalar_constant_op<double>, const Eigen::Array<double, -1, 1> > >, const Eigen::CwiseNullaryOp<Eigen::internal::scalar_constant_op<double>, const Eigen::Array<double, -1, 1> > >’
data_manipulation.cpp:187:51:   required from here
/home/u12/darrenc/R/test/RcppEigen/include/Eigen/src/Core/DenseCoeffsBase.h:56:30: warning: ignoring attributes on template argument ‘Eigen::internal::packet_traits<double>::type’ {aka ‘__vector(2) double’} [-Wignored-attributes]
/home/u12/darrenc/R/test/RcppEigen/include/Eigen/src/Core/DenseCoeffsBase.h: In instantiation of ‘class Eigen::DenseCoeffsBase<Eigen::Transpose<Eigen::Matrix<double, -1, -1> >, 0>’:
/home/u12/darrenc/R/test/RcppEigen/include/Eigen/src/Core/DenseCoeffsBase.h:302:7:   required from ‘class Eigen::DenseCoeffsBase<Eigen::Transpose<Eigen::Matrix<double, -1, -1> >, 1>’
/home/u12/darrenc/R/test/RcppEigen/include/Eigen/src/Core/DenseCoeffsBase.h:555:7:   required from ‘class Eigen::DenseCoeffsBase<Eigen::Transpose<Eigen::Matrix<double, -1, -1> >, 3>’
/home/u12/darrenc/R/test/RcppEigen/include/Eigen/src/Core/DenseBase.h:41:34:   required from ‘class Eigen::DenseBase<Eigen::Transpose<Eigen::Matrix<double, -1, -1> > >’
/home/u12/darrenc/R/test/RcppEigen/include/Eigen/src/Core/MatrixBase.h:48:34:   required from ‘class Eigen::MatrixBase<Eigen::Transpose<Eigen::Matrix<double, -1, -1> > >’
/home/u12/darrenc/R/test/RcppEigen/include/Eigen/src/Core/Transpose.h:118:37:   required from ‘class Eigen::TransposeImpl<Eigen::Matrix<double, -1, -1>, Eigen::Dense>’
/home/u12/darrenc/R/test/RcppEigen/include/Eigen/src/Core/Transpose.h:52:37:   required from ‘class Eigen::Transpose<Eigen::Matrix<double, -1, -1> >’
data_manipulation.cpp:194:31:   required from here
/home/u12/darrenc/R/test/RcppEigen/include/Eigen/src/Core/DenseCoeffsBase.h:56:30: warning: ignoring attributes on template argument ‘Eigen::internal::packet_traits<double>::type’ {aka ‘__vector(2) double’} [-Wignored-attributes]
/home/u12/darrenc/R/test/RcppEigen/include/Eigen/src/Core/DenseCoeffsBase.h: In instantiation of ‘class Eigen::DenseCoeffsBase<Eigen::CwiseNullaryOp<Eigen::internal::scalar_constant_op<double>, const Eigen::Matrix<double, 1, -1> >, 0>’:
/home/u12/darrenc/R/test/RcppEigen/include/Eigen/src/Core/DenseBase.h:41:34:   required from ‘class Eigen::DenseBase<Eigen::CwiseNullaryOp<Eigen::internal::scalar_constant_op<double>, const Eigen::Matrix<double, 1, -1> > >’
/home/u12/darrenc/R/test/RcppEigen/include/Eigen/src/Core/MatrixBase.h:48:34:   required from ‘class Eigen::MatrixBase<Eigen::CwiseNullaryOp<Eigen::internal::scalar_constant_op<double>, const Eigen::Matrix<double, 1, -1> > >’
/home/u12/darrenc/R/test/RcppEigen/include/Eigen/src/Core/CwiseNullaryOp.h:60:7:   required from ‘class Eigen::CwiseNullaryOp<Eigen::internal::scalar_constant_op<double>, const Eigen::Matrix<double, 1, -1> >’
/home/u12/darrenc/R/test/RcppEigen/include/Eigen/src/Core/CwiseBinaryOp.h:38:28:   required from ‘struct Eigen::internal::traits<Eigen::CwiseBinaryOp<Eigen::internal::scalar_quotient_op<double, double>, const Eigen::PartialReduxExpr<Eigen::Matrix<double, -1, -1>, Eigen::internal::member_sum<double, double>, 0>, const Eigen::CwiseNullaryOp<Eigen::internal::scalar_constant_op<double>, const Eigen::Matrix<double, 1, -1> > > >’
/home/u12/darrenc/R/test/RcppEigen/include/Eigen/src/Core/CwiseBinaryOp.h:148:7:   required from ‘class Eigen::CwiseBinaryOpImpl<Eigen::internal::scalar_quotient_op<double, double>, const Eigen::PartialReduxExpr<Eigen::Matrix<double, -1, -1>, Eigen::internal::member_sum<double, double>, 0>, const Eigen::CwiseNullaryOp<Eigen::internal::scalar_constant_op<double>, const Eigen::Matrix<double, 1, -1> >, Eigen::Dense>’
/home/u12/darrenc/R/test/RcppEigen/include/Eigen/src/Core/CwiseBinaryOp.h:77:7:   required from ‘class Eigen::CwiseBinaryOp<Eigen::internal::scalar_quotient_op<double, double>, const Eigen::PartialReduxExpr<Eigen::Matrix<double, -1, -1>, Eigen::internal::member_sum<double, double>, 0>, const Eigen::CwiseNullaryOp<Eigen::internal::scalar_constant_op<double>, const Eigen::Matrix<double, 1, -1> > >’
data_manipulation.cpp:229:46:   required from here
/home/u12/darrenc/R/test/RcppEigen/include/Eigen/src/Core/DenseCoeffsBase.h:56:30: warning: ignoring attributes on template argument ‘Eigen::internal::packet_traits<double>::type’ {aka ‘__vector(2) double’} [-Wignored-attributes]
/home/u12/darrenc/R/test/RcppEigen/include/Eigen/src/Core/DenseCoeffsBase.h: In instantiation of ‘class Eigen::DenseCoeffsBase<Eigen::PartialReduxExpr<Eigen::Matrix<double, -1, -1>, Eigen::internal::member_sum<double, double>, 0>, 0>’:
/home/u12/darrenc/R/test/RcppEigen/include/Eigen/src/Core/DenseBase.h:41:34:   required from ‘class Eigen::DenseBase<Eigen::PartialReduxExpr<Eigen::Matrix<double, -1, -1>, Eigen::internal::member_sum<double, double>, 0> >’
/home/u12/darrenc/R/test/RcppEigen/include/Eigen/src/Core/MatrixBase.h:48:34:   required from ‘class Eigen::MatrixBase<Eigen::PartialReduxExpr<Eigen::Matrix<double, -1, -1>, Eigen::internal::member_sum<double, double>, 0> >’
/home/u12/darrenc/R/test/RcppEigen/include/Eigen/src/Core/VectorwiseOp.h:56:7:   required from ‘class Eigen::PartialReduxExpr<Eigen::Matrix<double, -1, -1>, Eigen::internal::member_sum<double, double>, 0>’
/home/u12/darrenc/R/test/RcppEigen/include/Eigen/src/Core/CwiseBinaryOp.h:38:28:   required from ‘struct Eigen::internal::traits<Eigen::CwiseBinaryOp<Eigen::internal::scalar_quotient_op<double, double>, const Eigen::PartialReduxExpr<Eigen::Matrix<double, -1, -1>, Eigen::internal::member_sum<double, double>, 0>, const Eigen::CwiseNullaryOp<Eigen::internal::scalar_constant_op<double>, const Eigen::Matrix<double, 1, -1> > > >’
/home/u12/darrenc/R/test/RcppEigen/include/Eigen/src/Core/CwiseBinaryOp.h:148:7:   required from ‘class Eigen::CwiseBinaryOpImpl<Eigen::internal::scalar_quotient_op<double, double>, const Eigen::PartialReduxExpr<Eigen::Matrix<double, -1, -1>, Eigen::internal::member_sum<double, double>, 0>, const Eigen::CwiseNullaryOp<Eigen::internal::scalar_constant_op<double>, const Eigen::Matrix<double, 1, -1> >, Eigen::Dense>’
/home/u12/darrenc/R/test/RcppEigen/include/Eigen/src/Core/CwiseBinaryOp.h:77:7:   required from ‘class Eigen::CwiseBinaryOp<Eigen::internal::scalar_quotient_op<double, double>, const Eigen::PartialReduxExpr<Eigen::Matrix<double, -1, -1>, Eigen::internal::member_sum<double, double>, 0>, const Eigen::CwiseNullaryOp<Eigen::internal::scalar_constant_op<double>, const Eigen::Matrix<double, 1, -1> > >’
data_manipulation.cpp:229:46:   required from here
/home/u12/darrenc/R/test/RcppEigen/include/Eigen/src/Core/DenseCoeffsBase.h:56:30: warning: ignoring attributes on template argument ‘Eigen::internal::packet_traits<double>::type’ {aka ‘__vector(2) double’} [-Wignored-attributes]
/home/u12/darrenc/R/test/RcppEigen/include/Eigen/src/Core/DenseCoeffsBase.h: In instantiation of ‘class Eigen::DenseCoeffsBase<Eigen::CwiseBinaryOp<Eigen::internal::scalar_quotient_op<double, double>, const Eigen::PartialReduxExpr<Eigen::Matrix<double, -1, -1>, Eigen::internal::member_sum<double, double>, 0>, const Eigen::CwiseNullaryOp<Eigen::internal::scalar_constant_op<double>, const Eigen::Matrix<double, 1, -1> > >, 0>’:
/home/u12/darrenc/R/test/RcppEigen/include/Eigen/src/Core/DenseBase.h:41:34:   required from ‘class Eigen::DenseBase<Eigen::CwiseBinaryOp<Eigen::internal::scalar_quotient_op<double, double>, const Eigen::PartialReduxExpr<Eigen::Matrix<double, -1, -1>, Eigen::internal::member_sum<double, double>, 0>, const Eigen::CwiseNullaryOp<Eigen::internal::scalar_constant_op<double>, const Eigen::Matrix<double, 1, -1> > > >’
/home/u12/darrenc/R/test/RcppEigen/include/Eigen/src/Core/MatrixBase.h:48:34:   required from ‘class Eigen::MatrixBase<Eigen::CwiseBinaryOp<Eigen::internal::scalar_quotient_op<double, double>, const Eigen::PartialReduxExpr<Eigen::Matrix<double, -1, -1>, Eigen::internal::member_sum<double, double>, 0>, const Eigen::CwiseNullaryOp<Eigen::internal::scalar_constant_op<double>, const Eigen::Matrix<double, 1, -1> > > >’
/home/u12/darrenc/R/test/RcppEigen/include/Eigen/src/Core/CwiseBinaryOp.h:148:7:   required from ‘class Eigen::CwiseBinaryOpImpl<Eigen::internal::scalar_quotient_op<double, double>, const Eigen::PartialReduxExpr<Eigen::Matrix<double, -1, -1>, Eigen::internal::member_sum<double, double>, 0>, const Eigen::CwiseNullaryOp<Eigen::internal::scalar_constant_op<double>, const Eigen::Matrix<double, 1, -1> >, Eigen::Dense>’
/home/u12/darrenc/R/test/RcppEigen/include/Eigen/src/Core/CwiseBinaryOp.h:77:7:   required from ‘class Eigen::CwiseBinaryOp<Eigen::internal::scalar_quotient_op<double, double>, const Eigen::PartialReduxExpr<Eigen::Matrix<double, -1, -1>, Eigen::internal::member_sum<double, double>, 0>, const Eigen::CwiseNullaryOp<Eigen::internal::scalar_constant_op<double>, const Eigen::Matrix<double, 1, -1> > >’
data_manipulation.cpp:229:46:   required from here
/home/u12/darrenc/R/test/RcppEigen/include/Eigen/src/Core/DenseCoeffsBase.h:56:30: warning: ignoring attributes on template argument ‘Eigen::internal::packet_traits<double>::type’ {aka ‘__vector(2) double’} [-Wignored-attributes]
/home/u12/darrenc/R/test/RcppEigen/include/Eigen/src/Core/DenseCoeffsBase.h: In instantiation of ‘class Eigen::DenseCoeffsBase<Eigen::Matrix<double, 1, -1>, 0>’:
/home/u12/darrenc/R/test/RcppEigen/include/Eigen/src/Core/DenseCoeffsBase.h:302:7:   required from ‘class Eigen::DenseCoeffsBase<Eigen::Matrix<double, 1, -1>, 1>’
/home/u12/darrenc/R/test/RcppEigen/include/Eigen/src/Core/DenseCoeffsBase.h:555:7:   required from ‘class Eigen::DenseCoeffsBase<Eigen::Matrix<double, 1, -1>, 3>’
/home/u12/darrenc/R/test/RcppEigen/include/Eigen/src/Core/DenseBase.h:41:34:   required from ‘class Eigen::DenseBase<Eigen::Matrix<double, 1, -1> >’
/home/u12/darrenc/R/test/RcppEigen/include/Eigen/src/Core/MatrixBase.h:48:34:   required from ‘class Eigen::MatrixBase<Eigen::Matrix<double, 1, -1> >’
/home/u12/darrenc/R/test/RcppEigen/include/Eigen/src/Core/PlainObjectBase.h:98:7:   required from ‘class Eigen::PlainObjectBase<Eigen::Matrix<double, 1, -1> >’
/home/u12/darrenc/R/test/RcppEigen/include/Eigen/src/Core/Matrix.h:178:7:   required from ‘class Eigen::Matrix<double, 1, -1>’
data_manipulation.cpp:229:46:   required from here
/home/u12/darrenc/R/test/RcppEigen/include/Eigen/src/Core/DenseCoeffsBase.h:56:30: warning: ignoring attributes on template argument ‘Eigen::internal::packet_traits<double>::type’ {aka ‘__vector(2) double’} [-Wignored-attributes]
/home/u12/darrenc/R/test/RcppEigen/include/Eigen/src/Core/DenseCoeffsBase.h: In instantiation of ‘class Eigen::DenseCoeffsBase<Eigen::Replicate<Eigen::CwiseBinaryOp<Eigen::internal::scalar_quotient_op<double, double>, const Eigen::PartialReduxExpr<Eigen::Matrix<double, -1, -1>, Eigen::internal::member_sum<double, double>, 0>, const Eigen::CwiseNullaryOp<Eigen::internal::scalar_constant_op<double>, const Eigen::Matrix<double, 1, -1> > >, -1, 1>, 0>’:
/home/u12/darrenc/R/test/RcppEigen/include/Eigen/src/Core/DenseBase.h:41:34:   required from ‘class Eigen::DenseBase<Eigen::Replicate<Eigen::CwiseBinaryOp<Eigen::internal::scalar_quotient_op<double, double>, const Eigen::PartialReduxExpr<Eigen::Matrix<double, -1, -1>, Eigen::internal::member_sum<double, double>, 0>, const Eigen::CwiseNullaryOp<Eigen::internal::scalar_constant_op<double>, const Eigen::Matrix<double, 1, -1> > >, -1, 1> >’
/home/u12/darrenc/R/test/RcppEigen/include/Eigen/src/Core/MatrixBase.h:48:34:   required from ‘class Eigen::MatrixBase<Eigen::Replicate<Eigen::CwiseBinaryOp<Eigen::internal::scalar_quotient_op<double, double>, const Eigen::PartialReduxExpr<Eigen::Matrix<double, -1, -1>, Eigen::internal::member_sum<double, double>, 0>, const Eigen::CwiseNullaryOp<Eigen::internal::scalar_constant_op<double>, const Eigen::Matrix<double, 1, -1> > >, -1, 1> >’
/home/u12/darrenc/R/test/RcppEigen/include/Eigen/src/Core/Replicate.h:61:65:   required from ‘class Eigen::Replicate<Eigen::CwiseBinaryOp<Eigen::internal::scalar_quotient_op<double, double>, const Eigen::PartialReduxExpr<Eigen::Matrix<double, -1, -1>, Eigen::internal::member_sum<double, double>, 0>, const Eigen::CwiseNullaryOp<Eigen::internal::scalar_constant_op<double>, const Eigen::Matrix<double, 1, -1> > >, -1, 1>’
/home/u12/darrenc/R/test/RcppEigen/include/Eigen/src/Core/CwiseBinaryOp.h:38:28:   required from ‘struct Eigen::internal::traits<Eigen::CwiseBinaryOp<Eigen::internal::scalar_difference_op<double, double>, const Eigen::Matrix<double, -1, -1>, const Eigen::Replicate<Eigen::CwiseBinaryOp<Eigen::internal::scalar_quotient_op<double, double>, const Eigen::PartialReduxExpr<Eigen::Matrix<double, -1, -1>, Eigen::internal::member_sum<double, double>, 0>, const Eigen::CwiseNullaryOp<Eigen::internal::scalar_constant_op<double>, const Eigen::Matrix<double, 1, -1> > >, -1, 1> > >’
/home/u12/darrenc/R/test/RcppEigen/include/Eigen/src/Core/CwiseBinaryOp.h:148:7:   required from ‘class Eigen::CwiseBinaryOpImpl<Eigen::internal::scalar_difference_op<double, double>, const Eigen::Matrix<double, -1, -1>, const Eigen::Replicate<Eigen::CwiseBinaryOp<Eigen::internal::scalar_quotient_op<double, double>, const Eigen::PartialReduxExpr<Eigen::Matrix<double, -1, -1>, Eigen::internal::member_sum<double, double>, 0>, const Eigen::CwiseNullaryOp<Eigen::internal::scalar_constant_op<double>, const Eigen::Matrix<double, 1, -1> > >, -1, 1>, Eigen::Dense>’
/home/u12/darrenc/R/test/RcppEigen/include/Eigen/src/Core/CwiseBinaryOp.h:77:7:   required from ‘class Eigen::CwiseBinaryOp<Eigen::internal::scalar_difference_op<double, double>, const Eigen::Matrix<double, -1, -1>, const Eigen::Replicate<Eigen::CwiseBinaryOp<Eigen::internal::scalar_quotient_op<double, double>, const Eigen::PartialReduxExpr<Eigen::Matrix<double, -1, -1>, Eigen::internal::member_sum<double, double>, 0>, const Eigen::CwiseNullaryOp<Eigen::internal::scalar_constant_op<double>, const Eigen::Matrix<double, 1, -1> > >, -1, 1> >’
data_manipulation.cpp:229:46:   required from here
/home/u12/darrenc/R/test/RcppEigen/include/Eigen/src/Core/DenseCoeffsBase.h:56:30: warning: ignoring attributes on template argument ‘Eigen::internal::packet_traits<double>::type’ {aka ‘__vector(2) double’} [-Wignored-attributes]
/home/u12/darrenc/R/test/RcppEigen/include/Eigen/src/Core/DenseCoeffsBase.h: In instantiation of ‘class Eigen::DenseCoeffsBase<Eigen::CwiseBinaryOp<Eigen::internal::scalar_difference_op<double, double>, const Eigen::Matrix<double, -1, -1>, const Eigen::Replicate<Eigen::CwiseBinaryOp<Eigen::internal::scalar_quotient_op<double, double>, const Eigen::PartialReduxExpr<Eigen::Matrix<double, -1, -1>, Eigen::internal::member_sum<double, double>, 0>, const Eigen::CwiseNullaryOp<Eigen::internal::scalar_constant_op<double>, const Eigen::Matrix<double, 1, -1> > >, -1, 1> >, 0>’:
/home/u12/darrenc/R/test/RcppEigen/include/Eigen/src/Core/DenseBase.h:41:34:   required from ‘class Eigen::DenseBase<Eigen::CwiseBinaryOp<Eigen::internal::scalar_difference_op<double, double>, const Eigen::Matrix<double, -1, -1>, const Eigen::Replicate<Eigen::CwiseBinaryOp<Eigen::internal::scalar_quotient_op<double, double>, const Eigen::PartialReduxExpr<Eigen::Matrix<double, -1, -1>, Eigen::internal::member_sum<double, double>, 0>, const Eigen::CwiseNullaryOp<Eigen::internal::scalar_constant_op<double>, const Eigen::Matrix<double, 1, -1> > >, -1, 1> > >’
/home/u12/darrenc/R/test/RcppEigen/include/Eigen/src/Core/MatrixBase.h:48:34:   required from ‘class Eigen::MatrixBase<Eigen::CwiseBinaryOp<Eigen::internal::scalar_difference_op<double, double>, const Eigen::Matrix<double, -1, -1>, const Eigen::Replicate<Eigen::CwiseBinaryOp<Eigen::internal::scalar_quotient_op<double, double>, const Eigen::PartialReduxExpr<Eigen::Matrix<double, -1, -1>, Eigen::internal::member_sum<double, double>, 0>, const Eigen::CwiseNullaryOp<Eigen::internal::scalar_constant_op<double>, const Eigen::Matrix<double, 1, -1> > >, -1, 1> > >’
/home/u12/darrenc/R/test/RcppEigen/include/Eigen/src/Core/CwiseBinaryOp.h:148:7:   required from ‘class Eigen::CwiseBinaryOpImpl<Eigen::internal::scalar_difference_op<double, double>, const Eigen::Matrix<double, -1, -1>, const Eigen::Replicate<Eigen::CwiseBinaryOp<Eigen::internal::scalar_quotient_op<double, double>, const Eigen::PartialReduxExpr<Eigen::Matrix<double, -1, -1>, Eigen::internal::member_sum<double, double>, 0>, const Eigen::CwiseNullaryOp<Eigen::internal::scalar_constant_op<double>, const Eigen::Matrix<double, 1, -1> > >, -1, 1>, Eigen::Dense>’
/home/u12/darrenc/R/test/RcppEigen/include/Eigen/src/Core/CwiseBinaryOp.h:77:7:   required from ‘class Eigen::CwiseBinaryOp<Eigen::internal::scalar_difference_op<double, double>, const Eigen::Matrix<double, -1, -1>, const Eigen::Replicate<Eigen::CwiseBinaryOp<Eigen::internal::scalar_quotient_op<double, double>, const Eigen::PartialReduxExpr<Eigen::Matrix<double, -1, -1>, Eigen::internal::member_sum<double, double>, 0>, const Eigen::CwiseNullaryOp<Eigen::internal::scalar_constant_op<double>, const Eigen::Matrix<double, 1, -1> > >, -1, 1> >’
data_manipulation.cpp:229:46:   required from here
/home/u12/darrenc/R/test/RcppEigen/include/Eigen/src/Core/DenseCoeffsBase.h:56:30: warning: ignoring attributes on template argument ‘Eigen::internal::packet_traits<double>::type’ {aka ‘__vector(2) double’} [-Wignored-attributes]
/home/u12/darrenc/R/test/RcppEigen/include/Eigen/src/Core/DenseCoeffsBase.h: In instantiation of ‘class Eigen::DenseCoeffsBase<Eigen::Transpose<const Eigen::Matrix<double, -1, -1> >, 0>’:
/home/u12/darrenc/R/test/RcppEigen/include/Eigen/src/Core/DenseCoeffsBase.h:481:7:   required from ‘class Eigen::DenseCoeffsBase<Eigen::Transpose<const Eigen::Matrix<double, -1, -1> >, 2>’
/home/u12/darrenc/R/test/RcppEigen/include/Eigen/src/Core/DenseBase.h:41:34:   required from ‘class Eigen::DenseBase<Eigen::Transpose<const Eigen::Matrix<double, -1, -1> > >’
/home/u12/darrenc/R/test/RcppEigen/include/Eigen/src/Core/MatrixBase.h:48:34:   required from ‘class Eigen::MatrixBase<Eigen::Transpose<const Eigen::Matrix<double, -1, -1> > >’
/home/u12/darrenc/R/test/RcppEigen/include/Eigen/src/Core/Transpose.h:118:37:   required from ‘class Eigen::TransposeImpl<const Eigen::Matrix<double, -1, -1>, Eigen::Dense>’
/home/u12/darrenc/R/test/RcppEigen/include/Eigen/src/Core/Transpose.h:52:37:   required from ‘class Eigen::Transpose<const Eigen::Matrix<double, -1, -1> >’
data_manipulation.cpp:231:38:   required from here
/home/u12/darrenc/R/test/RcppEigen/include/Eigen/src/Core/DenseCoeffsBase.h:56:30: warning: ignoring attributes on template argument ‘Eigen::internal::packet_traits<double>::type’ {aka ‘__vector(2) double’} [-Wignored-attributes]
/home/u12/darrenc/R/test/RcppEigen/include/Eigen/src/Core/DenseCoeffsBase.h: In instantiation of ‘class Eigen::DenseCoeffsBase<Eigen::Product<Eigen::Transpose<const Eigen::Matrix<double, -1, -1> >, Eigen::Matrix<double, -1, -1>, 0>, 0>’:
/home/u12/darrenc/R/test/RcppEigen/include/Eigen/src/Core/DenseBase.h:41:34:   required from ‘class Eigen::DenseBase<Eigen::Product<Eigen::Transpose<const Eigen::Matrix<double, -1, -1> >, Eigen::Matrix<double, -1, -1>, 0> >’
/home/u12/darrenc/R/test/RcppEigen/include/Eigen/src/Core/MatrixBase.h:48:34:   required from ‘class Eigen::MatrixBase<Eigen::Product<Eigen::Transpose<const Eigen::Matrix<double, -1, -1> >, Eigen::Matrix<double, -1, -1>, 0> >’
/home/u12/darrenc/R/test/RcppEigen/include/Eigen/src/Core/Product.h:120:7:   required from ‘class Eigen::internal::dense_product_base<Eigen::Transpose<const Eigen::Matrix<double, -1, -1> >, Eigen::Matrix<double, -1, -1>, 0, 8>’
/home/u12/darrenc/R/test/RcppEigen/include/Eigen/src/Core/Product.h:152:7:   required from ‘class Eigen::ProductImpl<Eigen::Transpose<const Eigen::Matrix<double, -1, -1> >, Eigen::Matrix<double, -1, -1>, 0, Eigen::Dense>’
/home/u12/darrenc/R/test/RcppEigen/include/Eigen/src/Core/Product.h:71:7:   required from ‘class Eigen::Product<Eigen::Transpose<const Eigen::Matrix<double, -1, -1> >, Eigen::Matrix<double, -1, -1>, 0>’
data_manipulation.cpp:231:42:   required from here
/home/u12/darrenc/R/test/RcppEigen/include/Eigen/src/Core/DenseCoeffsBase.h:56:30: warning: ignoring attributes on template argument ‘Eigen::internal::packet_traits<double>::type’ {aka ‘__vector(2) double’} [-Wignored-attributes]
/home/u12/darrenc/R/test/RcppEigen/include/Eigen/src/Core/DenseCoeffsBase.h: In instantiation of ‘class Eigen::DenseCoeffsBase<Eigen::CwiseNullaryOp<Eigen::internal::scalar_constant_op<double>, const Eigen::Matrix<double, -1, -1> >, 0>’:
/home/u12/darrenc/R/test/RcppEigen/include/Eigen/src/Core/DenseBase.h:41:34:   required from ‘class Eigen::DenseBase<Eigen::CwiseNullaryOp<Eigen::internal::scalar_constant_op<double>, const Eigen::Matrix<double, -1, -1> > >’
/home/u12/darrenc/R/test/RcppEigen/include/Eigen/src/Core/MatrixBase.h:48:34:   required from ‘class Eigen::MatrixBase<Eigen::CwiseNullaryOp<Eigen::internal::scalar_constant_op<double>, const Eigen::Matrix<double, -1, -1> > >’
/home/u12/darrenc/R/test/RcppEigen/include/Eigen/src/Core/CwiseNullaryOp.h:60:7:   required from ‘class Eigen::CwiseNullaryOp<Eigen::internal::scalar_constant_op<double>, const Eigen::Matrix<double, -1, -1> >’
/home/u12/darrenc/R/test/RcppEigen/include/Eigen/src/Core/CwiseBinaryOp.h:38:28:   required from ‘struct Eigen::internal::traits<Eigen::CwiseBinaryOp<Eigen::internal::scalar_quotient_op<double, double>, const Eigen::Product<Eigen::Transpose<const Eigen::Matrix<double, -1, -1> >, Eigen::Matrix<double, -1, -1>, 0>, const Eigen::CwiseNullaryOp<Eigen::internal::scalar_constant_op<double>, const Eigen::Matrix<double, -1, -1> > > >’
/home/u12/darrenc/R/test/RcppEigen/include/Eigen/src/Core/CwiseBinaryOp.h:148:7:   required from ‘class Eigen::CwiseBinaryOpImpl<Eigen::internal::scalar_quotient_op<double, double>, const Eigen::Product<Eigen::Transpose<const Eigen::Matrix<double, -1, -1> >, Eigen::Matrix<double, -1, -1>, 0>, const Eigen::CwiseNullaryOp<Eigen::internal::scalar_constant_op<double>, const Eigen::Matrix<double, -1, -1> >, Eigen::Dense>’
/home/u12/darrenc/R/test/RcppEigen/include/Eigen/src/Core/CwiseBinaryOp.h:77:7:   required from ‘class Eigen::CwiseBinaryOp<Eigen::internal::scalar_quotient_op<double, double>, const Eigen::Product<Eigen::Transpose<const Eigen::Matrix<double, -1, -1> >, Eigen::Matrix<double, -1, -1>, 0>, const Eigen::CwiseNullaryOp<Eigen::internal::scalar_constant_op<double>, const Eigen::Matrix<double, -1, -1> > >’
data_manipulation.cpp:231:70:   required from here
/home/u12/darrenc/R/test/RcppEigen/include/Eigen/src/Core/DenseCoeffsBase.h:56:30: warning: ignoring attributes on template argument ‘Eigen::internal::packet_traits<double>::type’ {aka ‘__vector(2) double’} [-Wignored-attributes]
/home/u12/darrenc/R/test/RcppEigen/include/Eigen/src/Core/DenseCoeffsBase.h: In instantiation of ‘class Eigen::DenseCoeffsBase<Eigen::CwiseBinaryOp<Eigen::internal::scalar_quotient_op<double, double>, const Eigen::Product<Eigen::Transpose<const Eigen::Matrix<double, -1, -1> >, Eigen::Matrix<double, -1, -1>, 0>, const Eigen::CwiseNullaryOp<Eigen::internal::scalar_constant_op<double>, const Eigen::Matrix<double, -1, -1> > >, 0>’:
/home/u12/darrenc/R/test/RcppEigen/include/Eigen/src/Core/DenseBase.h:41:34:   required from ‘class Eigen::DenseBase<Eigen::CwiseBinaryOp<Eigen::internal::scalar_quotient_op<double, double>, const Eigen::Product<Eigen::Transpose<const Eigen::Matrix<double, -1, -1> >, Eigen::Matrix<double, -1, -1>, 0>, const Eigen::CwiseNullaryOp<Eigen::internal::scalar_constant_op<double>, const Eigen::Matrix<double, -1, -1> > > >’
/home/u12/darrenc/R/test/RcppEigen/include/Eigen/src/Core/MatrixBase.h:48:34:   required from ‘class Eigen::MatrixBase<Eigen::CwiseBinaryOp<Eigen::internal::scalar_quotient_op<double, double>, const Eigen::Product<Eigen::Transpose<const Eigen::Matrix<double, -1, -1> >, Eigen::Matrix<double, -1, -1>, 0>, const Eigen::CwiseNullaryOp<Eigen::internal::scalar_constant_op<double>, const Eigen::Matrix<double, -1, -1> > > >’
/home/u12/darrenc/R/test/RcppEigen/include/Eigen/src/Core/CwiseBinaryOp.h:148:7:   required from ‘class Eigen::CwiseBinaryOpImpl<Eigen::internal::scalar_quotient_op<double, double>, const Eigen::Product<Eigen::Transpose<const Eigen::Matrix<double, -1, -1> >, Eigen::Matrix<double, -1, -1>, 0>, const Eigen::CwiseNullaryOp<Eigen::internal::scalar_constant_op<double>, const Eigen::Matrix<double, -1, -1> >, Eigen::Dense>’
/home/u12/darrenc/R/test/RcppEigen/include/Eigen/src/Core/CwiseBinaryOp.h:77:7:   required from ‘class Eigen::CwiseBinaryOp<Eigen::internal::scalar_quotient_op<double, double>, const Eigen::Product<Eigen::Transpose<const Eigen::Matrix<double, -1, -1> >, Eigen::Matrix<double, -1, -1>, 0>, const Eigen::CwiseNullaryOp<Eigen::internal::scalar_constant_op<double>, const Eigen::Matrix<double, -1, -1> > >’
data_manipulation.cpp:231:70:   required from here
/home/u12/darrenc/R/test/RcppEigen/include/Eigen/src/Core/DenseCoeffsBase.h:56:30: warning: ignoring attributes on template argument ‘Eigen::internal::packet_traits<double>::type’ {aka ‘__vector(2) double’} [-Wignored-attributes]
/home/u12/darrenc/R/test/RcppEigen/include/Eigen/src/Core/DenseCoeffsBase.h: In instantiation of ‘class Eigen::DenseCoeffsBase<Eigen::Block<Eigen::Map<Eigen::Matrix<double, -1, -1> >, 1, -1, false>, 0>’:
/home/u12/darrenc/R/test/RcppEigen/include/Eigen/src/Core/DenseCoeffsBase.h:302:7:   required from ‘class Eigen::DenseCoeffsBase<Eigen::Block<Eigen::Map<Eigen::Matrix<double, -1, -1> >, 1, -1, false>, 1>’
/home/u12/darrenc/R/test/RcppEigen/include/Eigen/src/Core/DenseCoeffsBase.h:555:7:   required from ‘class Eigen::DenseCoeffsBase<Eigen::Block<Eigen::Map<Eigen::Matrix<double, -1, -1> >, 1, -1, false>, 3>’
/home/u12/darrenc/R/test/RcppEigen/include/Eigen/src/Core/DenseBase.h:41:34:   required from ‘class Eigen::DenseBase<Eigen::Block<Eigen::Map<Eigen::Matrix<double, -1, -1> >, 1, -1, false> >’
/home/u12/darrenc/R/test/RcppEigen/include/Eigen/src/Core/MatrixBase.h:48:34:   required from ‘class Eigen::MatrixBase<Eigen::Block<Eigen::Map<Eigen::Matrix<double, -1, -1> >, 1, -1, false> >’
/home/u12/darrenc/R/test/RcppEigen/include/Eigen/src/Core/MapBase.h:37:34:   required from ‘class Eigen::MapBase<Eigen::Block<Eigen::Map<Eigen::Matrix<double, -1, -1> >, 1, -1, false>, 0>’
/home/u12/darrenc/R/test/RcppEigen/include/Eigen/src/Core/MapBase.h:223:34:   required from ‘class Eigen::MapBase<Eigen::Block<Eigen::Map<Eigen::Matrix<double, -1, -1> >, 1, -1, false>, 1>’
/home/u12/darrenc/R/test/RcppEigen/include/Eigen/src/Core/Block.h:329:7:   required from ‘class Eigen::internal::BlockImpl_dense<Eigen::Map<Eigen::Matrix<double, -1, -1> >, 1, -1, false, true>’
/home/u12/darrenc/R/test/RcppEigen/include/Eigen/src/Core/Block.h:154:7:   required from ‘class Eigen::BlockImpl<Eigen::Map<Eigen::Matrix<double, -1, -1> >, 1, -1, false, Eigen::Dense>’
/home/u12/darrenc/R/test/RcppEigen/include/Eigen/src/Core/Block.h:103:81:   required from ‘class Eigen::Block<Eigen::Map<Eigen::Matrix<double, -1, -1> >, 1, -1, false>’
data_manipulation.cpp:368:31:   required from here
/home/u12/darrenc/R/test/RcppEigen/include/Eigen/src/Core/DenseCoeffsBase.h:56:30: warning: ignoring attributes on template argument ‘Eigen::internal::packet_traits<double>::type’ {aka ‘__vector(2) double’} [-Wignored-attributes]
/home/u12/darrenc/R/test/RcppEigen/include/Eigen/src/Core/DenseCoeffsBase.h: In instantiation of ‘class Eigen::DenseCoeffsBase<Eigen::ArrayWrapper<Eigen::Block<Eigen::Map<Eigen::Matrix<double, -1, -1> >, 1, -1, false> >, 0>’:
/home/u12/darrenc/R/test/RcppEigen/include/Eigen/src/Core/DenseCoeffsBase.h:302:7:   required from ‘class Eigen::DenseCoeffsBase<Eigen::ArrayWrapper<Eigen::Block<Eigen::Map<Eigen::Matrix<double, -1, -1> >, 1, -1, false> >, 1>’
/home/u12/darrenc/R/test/RcppEigen/include/Eigen/src/Core/DenseCoeffsBase.h:555:7:   required from ‘class Eigen::DenseCoeffsBase<Eigen::ArrayWrapper<Eigen::Block<Eigen::Map<Eigen::Matrix<double, -1, -1> >, 1, -1, false> >, 3>’
/home/u12/darrenc/R/test/RcppEigen/include/Eigen/src/Core/DenseBase.h:41:34:   required from ‘class Eigen::DenseBase<Eigen::ArrayWrapper<Eigen::Block<Eigen::Map<Eigen::Matrix<double, -1, -1> >, 1, -1, false> > >’
/home/u12/darrenc/R/test/RcppEigen/include/Eigen/src/Core/ArrayBase.h:39:34:   required from ‘class Eigen::ArrayBase<Eigen::ArrayWrapper<Eigen::Block<Eigen::Map<Eigen::Matrix<double, -1, -1> >, 1, -1, false> > >’
/home/u12/darrenc/R/test/RcppEigen/include/Eigen/src/Core/ArrayWrapper.h:42:7:   required from ‘class Eigen::ArrayWrapper<Eigen::Block<Eigen::Map<Eigen::Matrix<double, -1, -1> >, 1, -1, false> >’
data_manipulation.cpp:368:39:   required from here
/home/u12/darrenc/R/test/RcppEigen/include/Eigen/src/Core/DenseCoeffsBase.h:56:30: warning: ignoring attributes on template argument ‘Eigen::internal::packet_traits<double>::type’ {aka ‘__vector(2) double’} [-Wignored-attributes]
/home/u12/darrenc/R/test/RcppEigen/include/Eigen/src/Core/DenseCoeffsBase.h: In instantiation of ‘class Eigen::DenseCoeffsBase<Eigen::SparseMatrix<double, 0, int>, 0>’:
/home/u12/darrenc/R/test/RcppEigen/include/Eigen/src/SparseCore/SparseCompressedBase.h:336:80:   required from ‘struct Eigen::internal::evaluator<Eigen::SparseCompressedBase<Eigen::SparseMatrix<double, 0, int> > >’
/home/u12/darrenc/R/test/RcppEigen/include/Eigen/src/SparseCore/SparseMatrix.h:1505:8:   required from ‘struct Eigen::internal::evaluator<Eigen::SparseMatrix<double, 0, int> >’
/home/u12/darrenc/R/test/RcppEigen/include/Eigen/src/SparseCore/SparseTranspose.h:58:63:   required from ‘struct Eigen::internal::unary_evaluator<Eigen::Transpose<Eigen::SparseMatrix<double, 0, int> >, Eigen::internal::IteratorBased, double>’
/home/u12/darrenc/R/test/RcppEigen/include/Eigen/src/Core/CoreEvaluators.h:90:8:   required from ‘struct Eigen::internal::evaluator<Eigen::Transpose<Eigen::SparseMatrix<double, 0, int> > >’
/home/u12/darrenc/R/test/RcppEigen/include/Eigen/src/SparseCore/SparseMatrix.h:1181:99:   required from ‘Eigen::SparseMatrix<_Scalar, _Options, _StorageIndex>& Eigen::SparseMatrix<_Scalar, _Flags, _StorageIndex>::operator=(const Eigen::SparseMatrixBase<OtherDerived>&) [with OtherDerived = Eigen::Transpose<Eigen::SparseMatrix<double, 0, int> >; _Scalar = double; int _Options = 0; _StorageIndex = int]’
data_manipulation.cpp:150:23:   required from here
/home/u12/darrenc/R/test/RcppEigen/include/Eigen/src/Core/DenseCoeffsBase.h:56:30: warning: ignoring attributes on template argument ‘Eigen::internal::packet_traits<double>::type’ {aka ‘__vector(2) double’} [-Wignored-attributes]
/home/u12/darrenc/R/test/RcppEigen/include/Eigen/src/Core/DenseCoeffsBase.h: In instantiation of ‘class Eigen::DenseCoeffsBase<Eigen::Block<Eigen::Matrix<double, -1, -1>, -1, -1, false>, 0>’:
/home/u12/darrenc/R/test/RcppEigen/include/Eigen/src/Core/DenseCoeffsBase.h:302:7:   required from ‘class Eigen::DenseCoeffsBase<Eigen::Block<Eigen::Matrix<double, -1, -1>, -1, -1, false>, 1>’
/home/u12/darrenc/R/test/RcppEigen/include/Eigen/src/Core/DenseCoeffsBase.h:555:7:   required from ‘class Eigen::DenseCoeffsBase<Eigen::Block<Eigen::Matrix<double, -1, -1>, -1, -1, false>, 3>’
/home/u12/darrenc/R/test/RcppEigen/include/Eigen/src/Core/DenseBase.h:41:34:   required from ‘class Eigen::DenseBase<Eigen::Block<Eigen::Matrix<double, -1, -1>, -1, -1, false> >’
/home/u12/darrenc/R/test/RcppEigen/include/Eigen/src/Core/MatrixBase.h:48:34:   required from ‘class Eigen::MatrixBase<Eigen::Block<Eigen::Matrix<double, -1, -1>, -1, -1, false> >’
/home/u12/darrenc/R/test/RcppEigen/include/Eigen/src/Core/MapBase.h:37:34:   required from ‘class Eigen::MapBase<Eigen::Block<Eigen::Matrix<double, -1, -1>, -1, -1, false>, 0>’
/home/u12/darrenc/R/test/RcppEigen/include/Eigen/src/Core/MapBase.h:223:34:   required from ‘class Eigen::MapBase<Eigen::Block<Eigen::Matrix<double, -1, -1>, -1, -1, false>, 1>’
/home/u12/darrenc/R/test/RcppEigen/include/Eigen/src/Core/Block.h:329:7:   required from ‘class Eigen::internal::BlockImpl_dense<Eigen::Matrix<double, -1, -1>, -1, -1, false, true>’
/home/u12/darrenc/R/test/RcppEigen/include/Eigen/src/Core/Block.h:154:7:   required from ‘class Eigen::BlockImpl<Eigen::Matrix<double, -1, -1>, -1, -1, false, Eigen::Dense>’
/home/u12/darrenc/R/test/RcppEigen/include/Eigen/src/Core/Block.h:103:81:   required from ‘class Eigen::Block<Eigen::Matrix<double, -1, -1>, -1, -1, false>’
/home/u12/darrenc/R/test/RcppEigen/include/Eigen/src/Core/CommaInitializer.h:99:64:   required from ‘Eigen::CommaInitializer<MatrixType>& Eigen::CommaInitializer<MatrixType>::operator,(const Eigen::DenseBase<OtherDerived>&) [with OtherDerived = Eigen::Matrix<double, -1, -1>; XprType = Eigen::Matrix<double, -1, -1>]’
data_manipulation.cpp:249:17:   required from here
/home/u12/darrenc/R/test/RcppEigen/include/Eigen/src/Core/DenseCoeffsBase.h:56:30: warning: ignoring attributes on template argument ‘Eigen::internal::packet_traits<double>::type’ {aka ‘__vector(2) double’} [-Wignored-attributes]
/home/u12/darrenc/R/test/RcppEigen/include/Eigen/src/Core/DenseCoeffsBase.h: In instantiation of ‘class Eigen::DenseCoeffsBase<Eigen::SparseMatrix<double, 1, int>, 0>’:
/home/u12/darrenc/R/test/RcppEigen/include/Eigen/src/SparseCore/SparseCompressedBase.h:336:80:   required from ‘struct Eigen::internal::evaluator<Eigen::SparseCompressedBase<Eigen::SparseMatrix<double, 1, int> > >’
/home/u12/darrenc/R/test/RcppEigen/include/Eigen/src/SparseCore/SparseMatrix.h:1505:8:   required from ‘struct Eigen::internal::evaluator<Eigen::SparseMatrix<double, 1, int> >’
/home/u12/darrenc/R/test/RcppEigen/include/Eigen/src/SparseCore/SparseMatrix.h:1181:99:   required from ‘Eigen::SparseMatrix<_Scalar, _Options, _StorageIndex>& Eigen::SparseMatrix<_Scalar, _Flags, _StorageIndex>::operator=(const Eigen::SparseMatrixBase<OtherDerived>&) [with OtherDerived = Eigen::SparseMatrix<double, 1, int>; _Scalar = double; int _Options = 0; _StorageIndex = int]’
/home/u12/darrenc/R/test/RcppEigen/include/Eigen/src/SparseCore/SparseMatrix.h:1063:7:   required from ‘void Eigen::internal::set_from_triplets(const InputIterator&, const InputIterator&, SparseMatrixType&, DupFunctor) [with InputIterator = __gnu_cxx::__normal_iterator<Eigen::Triplet<double>*, std::vector<Eigen::Triplet<double> > >; SparseMatrixType = Eigen::SparseMatrix<double, 0, int>; DupFunctor = Eigen::internal::scalar_sum_op<double, double>]’
/home/u12/darrenc/R/test/RcppEigen/include/Eigen/src/SparseCore/SparseMatrix.h:1110:92:   required from ‘void Eigen::SparseMatrix<_Scalar, _Flags, _StorageIndex>::setFromTriplets(const InputIterators&, const InputIterators&) [with InputIterators = __gnu_cxx::__normal_iterator<Eigen::Triplet<double>*, std::vector<Eigen::Triplet<double> > >; _Scalar = double; int _Options = 0; _StorageIndex = int]’
data_manipulation.cpp:110:70:   required from here
/home/u12/darrenc/R/test/RcppEigen/include/Eigen/src/Core/DenseCoeffsBase.h:56:30: warning: ignoring attributes on template argument ‘Eigen::internal::packet_traits<double>::type’ {aka ‘__vector(2) double’} [-Wignored-attributes]
In file included from /home/u12/darrenc/R/test/RcppEigen/include/Eigen/SparseCore:37,
                 from /home/u12/darrenc/R/test/RcppEigen/include/Eigen/Sparse:26,
                 from /home/u12/darrenc/R/test/RcppEigen/include/RcppEigenForward.h:29,
                 from /home/u12/darrenc/R/test/RcppEigen/include/RcppEigen.h:25,
                 from data_manipulation.cpp:1:
/home/u12/darrenc/R/test/RcppEigen/include/Eigen/src/SparseCore/SparseMatrixBase.h: In instantiation of ‘class Eigen::SparseMatrixBase<Eigen::Ref<const Eigen::SparseMatrix<double, 0, int>, 0, Eigen::OuterStride<> > >’:
/home/u12/darrenc/R/test/RcppEigen/include/Eigen/src/SparseCore/SparseCompressedBase.h:36:7:   required from ‘class Eigen::SparseCompressedBase<Eigen::Ref<const Eigen::SparseMatrix<double, 0, int>, 0, Eigen::OuterStride<> > >’
/home/u12/darrenc/R/test/RcppEigen/include/Eigen/src/SparseCore/SparseMap.h:50:7:   required from ‘class Eigen::SparseMapBase<Eigen::Ref<const Eigen::SparseMatrix<double, 0, int>, 0, Eigen::OuterStride<> >, 0>’
/home/u12/darrenc/R/test/RcppEigen/include/Eigen/src/SparseCore/SparseRef.h:83:34:   required from ‘class Eigen::internal::SparseRefBase<Eigen::Ref<const Eigen::SparseMatrix<double, 0, int>, 0, Eigen::OuterStride<> > >’
/home/u12/darrenc/R/test/RcppEigen/include/Eigen/src/SparseCore/SparseRef.h:177:7:   required from ‘class Eigen::Ref<const Eigen::SparseMatrix<double, 0, int>, 0, Eigen::OuterStride<> >’
/home/u12/darrenc/R/test/RcppEigen/include/Eigen/src/SparseCore/SparseBlock.h:128:88:   required from ‘Eigen::internal::sparse_matrix_block_impl<SparseMatrixType, BlockRows, BlockCols>::BlockType& Eigen::internal::sparse_matrix_block_impl<SparseMatrixType, BlockRows, BlockCols>::operator=(const Eigen::SparseMatrixBase<OtherDerived>&) [with OtherDerived = Eigen::Block<Eigen::SparseMatrix<double, 0, int>, -1, 1, true>; SparseMatrixType = Eigen::SparseMatrix<double, 0, int>; int BlockRows = -1; int BlockCols = 1; Eigen::internal::sparse_matrix_block_impl<SparseMatrixType, BlockRows, BlockCols>::BlockType = Eigen::Block<Eigen::SparseMatrix<double, 0, int>, -1, 1, true>]’
/home/u12/darrenc/R/test/RcppEigen/include/Eigen/src/SparseCore/SparseBlock.h:216:34:   required from ‘Eigen::internal::sparse_matrix_block_impl<SparseMatrixType, BlockRows, BlockCols>::BlockType& Eigen::internal::sparse_matrix_block_impl<SparseMatrixType, BlockRows, BlockCols>::operator=(const BlockType&) [with SparseMatrixType = Eigen::SparseMatrix<double, 0, int>; int BlockRows = -1; int BlockCols = 1; Eigen::internal::sparse_matrix_block_impl<SparseMatrixType, BlockRows, BlockCols>::BlockType = Eigen::Block<Eigen::SparseMatrix<double, 0, int>, -1, 1, true>]’
/home/u12/darrenc/R/test/RcppEigen/include/Eigen/src/Core/Block.h:111:5:   required from ‘Eigen::Block<XprType, BlockRows, BlockCols, InnerPanel>& Eigen::Block<XprType, BlockRows, BlockCols, InnerPanel>::operator=(const Eigen::Block<XprType, BlockRows, BlockCols, InnerPanel>&) [with XprType = Eigen::SparseMatrix<double, 0, int>; int BlockRows = -1; int BlockCols = 1; bool InnerPanel = true]’
data_manipulation.cpp:409:42:   required from here
/home/u12/darrenc/R/test/RcppEigen/include/Eigen/src/SparseCore/SparseMatrixBase.h:47:30: warning: ignoring attributes on template argument ‘Eigen::internal::packet_traits<double>::type’ {aka ‘__vector(2) double’} [-Wignored-attributes]
                      >::type PacketReturnType;
                              ^~~~~~~~~~~~~~~~
/home/u12/darrenc/R/test/RcppEigen/include/Eigen/src/SparseCore/SparseMatrixBase.h: In instantiation of ‘class Eigen::SparseMatrixBase<Eigen::Block<Eigen::Ref<const Eigen::SparseMatrix<double, 0, int>, 0, Eigen::OuterStride<> >, -1, 1, true> >’:
/home/u12/darrenc/R/test/RcppEigen/include/Eigen/src/SparseCore/SparseBlock.h:17:7:   required from ‘class Eigen::BlockImpl<Eigen::Ref<const Eigen::SparseMatrix<double, 0, int>, 0, Eigen::OuterStride<> >, -1, 1, true, Eigen::Sparse>’
/home/u12/darrenc/R/test/RcppEigen/include/Eigen/src/Core/Block.h:103:81:   required from ‘class Eigen::Block<Eigen::Ref<const Eigen::SparseMatrix<double, 0, int>, 0, Eigen::OuterStride<> >, -1, 1, true>’
/home/u12/darrenc/R/test/RcppEigen/include/Eigen/src/SparseCore/SparseBlock.h:194:89:   required from ‘Eigen::internal::sparse_matrix_block_impl<SparseMatrixType, BlockRows, BlockCols>::BlockType& Eigen::internal::sparse_matrix_block_impl<SparseMatrixType, BlockRows, BlockCols>::operator=(const Eigen::SparseMatrixBase<OtherDerived>&) [with OtherDerived = Eigen::Block<Eigen::SparseMatrix<double, 0, int>, -1, 1, true>; SparseMatrixType = Eigen::SparseMatrix<double, 0, int>; int BlockRows = -1; int BlockCols = 1; Eigen::internal::sparse_matrix_block_impl<SparseMatrixType, BlockRows, BlockCols>::BlockType = Eigen::Block<Eigen::SparseMatrix<double, 0, int>, -1, 1, true>]’
/home/u12/darrenc/R/test/RcppEigen/include/Eigen/src/SparseCore/SparseBlock.h:216:34:   required from ‘Eigen::internal::sparse_matrix_block_impl<SparseMatrixType, BlockRows, BlockCols>::BlockType& Eigen::internal::sparse_matrix_block_impl<SparseMatrixType, BlockRows, BlockCols>::operator=(const BlockType&) [with SparseMatrixType = Eigen::SparseMatrix<double, 0, int>; int BlockRows = -1; int BlockCols = 1; Eigen::internal::sparse_matrix_block_impl<SparseMatrixType, BlockRows, BlockCols>::BlockType = Eigen::Block<Eigen::SparseMatrix<double, 0, int>, -1, 1, true>]’
/home/u12/darrenc/R/test/RcppEigen/include/Eigen/src/Core/Block.h:111:5:   required from ‘Eigen::Block<XprType, BlockRows, BlockCols, InnerPanel>& Eigen::Block<XprType, BlockRows, BlockCols, InnerPanel>::operator=(const Eigen::Block<XprType, BlockRows, BlockCols, InnerPanel>&) [with XprType = Eigen::SparseMatrix<double, 0, int>; int BlockRows = -1; int BlockCols = 1; bool InnerPanel = true]’
data_manipulation.cpp:409:42:   required from here
/home/u12/darrenc/R/test/RcppEigen/include/Eigen/src/SparseCore/SparseMatrixBase.h:47:30: warning: ignoring attributes on template argument ‘Eigen::internal::packet_traits<double>::type’ {aka ‘__vector(2) double’} [-Wignored-attributes]
In file included from /home/u12/darrenc/R/test/RcppEigen/include/Eigen/Core:271,
                 from /home/u12/darrenc/R/test/RcppEigen/include/Eigen/Dense:1,
                 from /home/u12/darrenc/R/test/RcppEigen/include/RcppEigenForward.h:28,
                 from /home/u12/darrenc/R/test/RcppEigen/include/RcppEigen.h:25,
                 from data_manipulation.cpp:1:
/home/u12/darrenc/R/test/RcppEigen/include/Eigen/src/Core/DenseCoeffsBase.h: In instantiation of ‘Eigen::Index Eigen::internal::first_default_aligned(const Eigen::DenseBase<Derived>&) [with Derived = Eigen::Array<double, -1, 1>; Eigen::Index = long int]’:
/home/u12/darrenc/R/test/RcppEigen/include/Eigen/src/Core/Redux.h:243:63:   required from ‘static Eigen::internal::redux_impl<Func, Evaluator, 3, 0>::Scalar Eigen::internal::redux_impl<Func, Evaluator, 3, 0>::run(const Evaluator&, const Func&, const XprType&) [with XprType = Eigen::Array<double, -1, 1>; Func = Eigen::internal::scalar_sum_op<double, double>; Evaluator = Eigen::internal::redux_evaluator<Eigen::Array<double, -1, 1> >; Eigen::internal::redux_impl<Func, Evaluator, 3, 0>::Scalar = double]’
/home/u12/darrenc/R/test/RcppEigen/include/Eigen/src/Core/Redux.h:418:56:   required from ‘typename Eigen::internal::traits<T>::Scalar Eigen::DenseBase<Derived>::redux(const Func&) const [with BinaryOp = Eigen::internal::scalar_sum_op<double, double>; Derived = Eigen::Array<double, -1, 1>; typename Eigen::internal::traits<T>::Scalar = double]’
/home/u12/darrenc/R/test/RcppEigen/include/Eigen/src/Core/Redux.h:478:10:   required from ‘typename Eigen::internal::traits<T>::Scalar Eigen::DenseBase<Derived>::mean() const [with Derived = Eigen::Array<double, -1, 1>; typename Eigen::internal::traits<T>::Scalar = double]’
data_manipulation.cpp:137:29:   required from here
/home/u12/darrenc/R/test/RcppEigen/include/Eigen/src/Core/DenseCoeffsBase.h:654:34: warning: ignoring attributes on template argument ‘Eigen::internal::packet_traits<double>::type’ {aka ‘__vector(2) double’} [-Wignored-attributes]
   return internal::first_aligned<int(unpacket_traits<DefaultPacketType>::alignment),Derived>(m);
                                  ^~~~~~~~~~~~~~~~~~~~~~~~~~~~~~~~~~~~~~~~~~~~~~~~~~
/home/u12/darrenc/R/test/RcppEigen/include/Eigen/src/Core/DenseCoeffsBase.h: In instantiation of ‘Eigen::Index Eigen::internal::first_default_aligned(const Eigen::DenseBase<Derived>&) [with Derived = Eigen::CwiseUnaryOp<Eigen::internal::scalar_square_op<double>, const Eigen::CwiseBinaryOp<Eigen::internal::scalar_difference_op<double, double>, const Eigen::Array<double, -1, 1>, const Eigen::CwiseNullaryOp<Eigen::internal::scalar_constant_op<double>, const Eigen::Array<double, -1, 1> > > >; Eigen::Index = long int]’:
/home/u12/darrenc/R/test/RcppEigen/include/Eigen/src/Core/Redux.h:243:63:   required from ‘static Eigen::internal::redux_impl<Func, Evaluator, 3, 0>::Scalar Eigen::internal::redux_impl<Func, Evaluator, 3, 0>::run(const Evaluator&, const Func&, const XprType&) [with XprType = Eigen::CwiseUnaryOp<Eigen::internal::scalar_square_op<double>, const Eigen::CwiseBinaryOp<Eigen::internal::scalar_difference_op<double, double>, const Eigen::Array<double, -1, 1>, const Eigen::CwiseNullaryOp<Eigen::internal::scalar_constant_op<double>, const Eigen::Array<double, -1, 1> > > >; Func = Eigen::internal::scalar_sum_op<double, double>; Evaluator = Eigen::internal::redux_evaluator<Eigen::CwiseUnaryOp<Eigen::internal::scalar_square_op<double>, const Eigen::CwiseBinaryOp<Eigen::internal::scalar_difference_op<double, double>, const Eigen::Array<double, -1, 1>, const Eigen::CwiseNullaryOp<Eigen::internal::scalar_constant_op<double>, const Eigen::Array<double, -1, 1> > > > >; Eigen::internal::redux_impl<Func, Evaluator, 3, 0>::Scalar = double]’
/home/u12/darrenc/R/test/RcppEigen/include/Eigen/src/Core/Redux.h:418:56:   required from ‘typename Eigen::internal::traits<T>::Scalar Eigen::DenseBase<Derived>::redux(const Func&) const [with BinaryOp = Eigen::internal::scalar_sum_op<double, double>; Derived = Eigen::CwiseUnaryOp<Eigen::internal::scalar_square_op<double>, const Eigen::CwiseBinaryOp<Eigen::internal::scalar_difference_op<double, double>, const Eigen::Array<double, -1, 1>, const Eigen::CwiseNullaryOp<Eigen::internal::scalar_constant_op<double>, const Eigen::Array<double, -1, 1> > > >; typename Eigen::internal::traits<T>::Scalar = double]’
/home/u12/darrenc/R/test/RcppEigen/include/Eigen/src/Core/Redux.h:463:73:   required from ‘typename Eigen::internal::traits<T>::Scalar Eigen::DenseBase<Derived>::sum() const [with Derived = Eigen::CwiseUnaryOp<Eigen::internal::scalar_square_op<double>, const Eigen::CwiseBinaryOp<Eigen::internal::scalar_difference_op<double, double>, const Eigen::Array<double, -1, 1>, const Eigen::CwiseNullaryOp<Eigen::internal::scalar_constant_op<double>, const Eigen::Array<double, -1, 1> > > >; typename Eigen::internal::traits<T>::Scalar = double]’
data_manipulation.cpp:138:54:   required from here
/home/u12/darrenc/R/test/RcppEigen/include/Eigen/src/Core/DenseCoeffsBase.h:654:34: warning: ignoring attributes on template argument ‘Eigen::internal::packet_traits<double>::type’ {aka ‘__vector(2) double’} [-Wignored-attributes]
/home/u12/darrenc/R/test/RcppEigen/include/Eigen/src/Core/DenseCoeffsBase.h: In instantiation of ‘class Eigen::DenseCoeffsBase<Eigen::Transpose<Eigen::Array<double, -1, 1> >, 0>’:
/home/u12/darrenc/R/test/RcppEigen/include/Eigen/src/Core/DenseCoeffsBase.h:302:7:   required from ‘class Eigen::DenseCoeffsBase<Eigen::Transpose<Eigen::Array<double, -1, 1> >, 1>’
/home/u12/darrenc/R/test/RcppEigen/include/Eigen/src/Core/DenseCoeffsBase.h:555:7:   required from ‘class Eigen::DenseCoeffsBase<Eigen::Transpose<Eigen::Array<double, -1, 1> >, 3>’
/home/u12/darrenc/R/test/RcppEigen/include/Eigen/src/Core/DenseBase.h:41:34:   required from ‘class Eigen::DenseBase<Eigen::Transpose<Eigen::Array<double, -1, 1> > >’
/home/u12/darrenc/R/test/RcppEigen/include/Eigen/src/Core/ArrayBase.h:39:34:   required from ‘class Eigen::ArrayBase<Eigen::Transpose<Eigen::Array<double, -1, 1> > >’
/home/u12/darrenc/R/test/RcppEigen/include/Eigen/src/Core/Transpose.h:118:37:   required from ‘class Eigen::TransposeImpl<Eigen::Array<double, -1, 1>, Eigen::Dense>’
/home/u12/darrenc/R/test/RcppEigen/include/Eigen/src/Core/Transpose.h:52:37:   required from ‘class Eigen::Transpose<Eigen::Array<double, -1, 1> >’
/home/u12/darrenc/R/test/RcppEigen/include/Eigen/src/Core/AssignEvaluator.h:883:17:   required from ‘void Eigen::internal::call_assignment_no_alias(Dst&, const Src&, const Func&) [with Dst = Eigen::Array<double, -1, 1>; Src = Eigen::ArrayWrapper<Eigen::Block<Eigen::Map<Eigen::Matrix<double, -1, -1> >, 1, -1, false> >; Func = Eigen::internal::assign_op<double, double>]’
/home/u12/darrenc/R/test/RcppEigen/include/Eigen/src/Core/PlainObjectBase.h:797:41:   required from ‘Derived& Eigen::PlainObjectBase<Derived>::_set_noalias(const Eigen::DenseBase<OtherDerived>&) [with OtherDerived = Eigen::ArrayWrapper<Eigen::Block<Eigen::Map<Eigen::Matrix<double, -1, -1> >, 1, -1, false> >; Derived = Eigen::Array<double, -1, 1>]’
/home/u12/darrenc/R/test/RcppEigen/include/Eigen/src/Core/PlainObjectBase.h:594:7:   required from ‘Eigen::PlainObjectBase<Derived>::PlainObjectBase(const Eigen::DenseBase<OtherDerived>&) [with OtherDerived = Eigen::ArrayWrapper<Eigen::Block<Eigen::Map<Eigen::Matrix<double, -1, -1> >, 1, -1, false> >; Derived = Eigen::Array<double, -1, 1>]’
/home/u12/darrenc/R/test/RcppEigen/include/Eigen/src/Core/Array.h:288:29:   required from ‘Eigen::Array<_Scalar, _Rows, _Cols, _Options, _MaxRows, _MaxCols>::Array(const Eigen::EigenBase<OtherDerived>&, typename Eigen::internal::enable_if<std::is_convertible<typename OtherDerived::Scalar, typename Eigen::internal::traits<Eigen::Array<_Scalar, _Rows, _Cols, _Options, _MaxRows, _MaxCols> >::Scalar>::value, Eigen::Array<_Scalar, _Rows, _Cols, _Options, _MaxRows, _MaxCols>::PrivateType>::type) [with OtherDerived = Eigen::ArrayWrapper<Eigen::Block<Eigen::Map<Eigen::Matrix<double, -1, -1> >, 1, -1, false> >; _Scalar = double; int _Rows = -1; int _Cols = 1; int _Options = 0; int _MaxRows = -1; int _MaxCols = 1; typename Eigen::internal::enable_if<std::is_convertible<typename OtherDerived::Scalar, typename Eigen::internal::traits<Eigen::Array<_Scalar, _Rows, _Cols, _Options, _MaxRows, _MaxCols> >::Scalar>::value, Eigen::Array<_Scalar, _Rows, _Cols, _Options, _MaxRows, _MaxCols>::PrivateType>::type = Eigen::Array<double, -1, 1>::PrivateType]’
data_manipulation.cpp:368:39:   required from here
/home/u12/darrenc/R/test/RcppEigen/include/Eigen/src/Core/DenseCoeffsBase.h:56:30: warning: ignoring attributes on template argument ‘Eigen::internal::packet_traits<double>::type’ {aka ‘__vector(2) double’} [-Wignored-attributes]
                      >::type PacketReturnType;
                              ^~~~~~~~~~~~~~~~
/home/u12/darrenc/R/test/RcppEigen/include/Eigen/src/Core/DenseCoeffsBase.h: In instantiation of ‘class Eigen::DenseCoeffsBase<Eigen::Ref<const Eigen::SparseMatrix<double, 0, int>, 0, Eigen::OuterStride<> >, 0>’:
/home/u12/darrenc/R/test/RcppEigen/include/Eigen/src/SparseCore/SparseCompressedBase.h:336:80:   required from ‘struct Eigen::internal::evaluator<Eigen::SparseCompressedBase<Eigen::Ref<const Eigen::SparseMatrix<double, 0, int>, 0, Eigen::OuterStride<> > > >’
/home/u12/darrenc/R/test/RcppEigen/include/Eigen/src/SparseCore/SparseRef.h:364:8:   required from ‘struct Eigen::internal::evaluator<Eigen::Ref<const Eigen::SparseMatrix<double, 0, int>, 0, Eigen::OuterStride<> > >’
/home/u12/darrenc/R/test/RcppEigen/include/Eigen/src/SparseCore/SparseBlock.h:45:21:   required from ‘Eigen::Index Eigen::BlockImpl<XprType, BlockRows, BlockCols, true, Eigen::Sparse>::nonZeros() const [with XprType = Eigen::Ref<const Eigen::SparseMatrix<double, 0, int>, 0, Eigen::OuterStride<> >; int BlockRows = -1; int BlockCols = 1; Eigen::Index = long int]’
/home/u12/darrenc/R/test/RcppEigen/include/Eigen/src/SparseCore/SparseBlock.h:194:69:   required from ‘Eigen::internal::sparse_matrix_block_impl<SparseMatrixType, BlockRows, BlockCols>::BlockType& Eigen::internal::sparse_matrix_block_impl<SparseMatrixType, BlockRows, BlockCols>::operator=(const Eigen::SparseMatrixBase<OtherDerived>&) [with OtherDerived = Eigen::Block<Eigen::SparseMatrix<double, 0, int>, -1, 1, true>; SparseMatrixType = Eigen::SparseMatrix<double, 0, int>; int BlockRows = -1; int BlockCols = 1; Eigen::internal::sparse_matrix_block_impl<SparseMatrixType, BlockRows, BlockCols>::BlockType = Eigen::Block<Eigen::SparseMatrix<double, 0, int>, -1, 1, true>]’
/home/u12/darrenc/R/test/RcppEigen/include/Eigen/src/SparseCore/SparseBlock.h:216:34:   required from ‘Eigen::internal::sparse_matrix_block_impl<SparseMatrixType, BlockRows, BlockCols>::BlockType& Eigen::internal::sparse_matrix_block_impl<SparseMatrixType, BlockRows, BlockCols>::operator=(const BlockType&) [with SparseMatrixType = Eigen::SparseMatrix<double, 0, int>; int BlockRows = -1; int BlockCols = 1; Eigen::internal::sparse_matrix_block_impl<SparseMatrixType, BlockRows, BlockCols>::BlockType = Eigen::Block<Eigen::SparseMatrix<double, 0, int>, -1, 1, true>]’
/home/u12/darrenc/R/test/RcppEigen/include/Eigen/src/Core/Block.h:111:5:   required from ‘Eigen::Block<XprType, BlockRows, BlockCols, InnerPanel>& Eigen::Block<XprType, BlockRows, BlockCols, InnerPanel>::operator=(const Eigen::Block<XprType, BlockRows, BlockCols, InnerPanel>&) [with XprType = Eigen::SparseMatrix<double, 0, int>; int BlockRows = -1; int BlockCols = 1; bool InnerPanel = true]’
data_manipulation.cpp:409:42:   required from here
/home/u12/darrenc/R/test/RcppEigen/include/Eigen/src/Core/DenseCoeffsBase.h:56:30: warning: ignoring attributes on template argument ‘Eigen::internal::packet_traits<double>::type’ {aka ‘__vector(2) double’} [-Wignored-attributes]
In file included from /home/u12/darrenc/R/test/RcppEigen/include/Eigen/Core:277,
                 from /home/u12/darrenc/R/test/RcppEigen/include/Eigen/Dense:1,
                 from /home/u12/darrenc/R/test/RcppEigen/include/RcppEigenForward.h:28,
                 from /home/u12/darrenc/R/test/RcppEigen/include/RcppEigen.h:25,
                 from data_manipulation.cpp:1:
/home/u12/darrenc/R/test/RcppEigen/include/Eigen/src/Core/CoreEvaluators.h: In instantiation of ‘struct Eigen::internal::evaluator<Eigen::Block<Eigen::Map<Eigen::Matrix<double, -1, -1> >, -1, 1, true> >’:
/home/u12/darrenc/R/test/RcppEigen/include/Eigen/src/Core/CoreEvaluators.h:1383:8:   required from ‘struct Eigen::internal::evaluator_wrapper_base<Eigen::ArrayWrapper<Eigen::Block<Eigen::Map<Eigen::Matrix<double, -1, -1> >, -1, 1, true> > >’
/home/u12/darrenc/R/test/RcppEigen/include/Eigen/src/Core/CoreEvaluators.h:1464:8:   required from ‘struct Eigen::internal::unary_evaluator<Eigen::ArrayWrapper<Eigen::Block<Eigen::Map<Eigen::Matrix<double, -1, -1> >, -1, 1, true> >, Eigen::internal::IndexBased, double>’
/home/u12/darrenc/R/test/RcppEigen/include/Eigen/src/Core/CoreEvaluators.h:90:8:   required from ‘struct Eigen::internal::evaluator<Eigen::ArrayWrapper<Eigen::Block<Eigen::Map<Eigen::Matrix<double, -1, -1> >, -1, 1, true> > >’
/home/u12/darrenc/R/test/RcppEigen/include/Eigen/src/Core/AssignEvaluator.h:774:20:   required from ‘void Eigen::internal::call_dense_assignment_loop(DstXprType&, const SrcXprType&, const Functor&) [with DstXprType = Eigen::Array<double, -1, 1>; SrcXprType = Eigen::ArrayWrapper<Eigen::Block<Eigen::Map<Eigen::Matrix<double, -1, -1> >, -1, 1, true> >; Functor = Eigen::internal::assign_op<double, double>]’
/home/u12/darrenc/R/test/RcppEigen/include/Eigen/src/Core/AssignEvaluator.h:954:31:   required from ‘static void Eigen::internal::Assignment<DstXprType, SrcXprType, Functor, Eigen::internal::Dense2Dense, Weak>::run(DstXprType&, const SrcXprType&, const Functor&) [with DstXprType = Eigen::Array<double, -1, 1>; SrcXprType = Eigen::ArrayWrapper<Eigen::Block<Eigen::Map<Eigen::Matrix<double, -1, -1> >, -1, 1, true> >; Functor = Eigen::internal::assign_op<double, double>; Weak = void]’
/home/u12/darrenc/R/test/RcppEigen/include/Eigen/src/Core/AssignEvaluator.h:890:49:   required from ‘void Eigen::internal::call_assignment_no_alias(Dst&, const Src&, const Func&) [with Dst = Eigen::Array<double, -1, 1>; Src = Eigen::ArrayWrapper<Eigen::Block<Eigen::Map<Eigen::Matrix<double, -1, -1> >, -1, 1, true> >; Func = Eigen::internal::assign_op<double, double>]’
/home/u12/darrenc/R/test/RcppEigen/include/Eigen/src/Core/PlainObjectBase.h:797:41:   required from ‘Derived& Eigen::PlainObjectBase<Derived>::_set_noalias(const Eigen::DenseBase<OtherDerived>&) [with OtherDerived = Eigen::ArrayWrapper<Eigen::Block<Eigen::Map<Eigen::Matrix<double, -1, -1> >, -1, 1, true> >; Derived = Eigen::Array<double, -1, 1>]’
/home/u12/darrenc/R/test/RcppEigen/include/Eigen/src/Core/PlainObjectBase.h:594:7:   required from ‘Eigen::PlainObjectBase<Derived>::PlainObjectBase(const Eigen::DenseBase<OtherDerived>&) [with OtherDerived = Eigen::ArrayWrapper<Eigen::Block<Eigen::Map<Eigen::Matrix<double, -1, -1> >, -1, 1, true> >; Derived = Eigen::Array<double, -1, 1>]’
/home/u12/darrenc/R/test/RcppEigen/include/Eigen/src/Core/Array.h:288:29:   required from ‘Eigen::Array<_Scalar, _Rows, _Cols, _Options, _MaxRows, _MaxCols>::Array(const Eigen::EigenBase<OtherDerived>&, typename Eigen::internal::enable_if<std::is_convertible<typename OtherDerived::Scalar, typename Eigen::internal::traits<Eigen::Array<_Scalar, _Rows, _Cols, _Options, _MaxRows, _MaxCols> >::Scalar>::value, Eigen::Array<_Scalar, _Rows, _Cols, _Options, _MaxRows, _MaxCols>::PrivateType>::type) [with OtherDerived = Eigen::ArrayWrapper<Eigen::Block<Eigen::Map<Eigen::Matrix<double, -1, -1> >, -1, 1, true> >; _Scalar = double; int _Rows = -1; int _Cols = 1; int _Options = 0; int _MaxRows = -1; int _MaxCols = 1; typename Eigen::internal::enable_if<std::is_convertible<typename OtherDerived::Scalar, typename Eigen::internal::traits<Eigen::Array<_Scalar, _Rows, _Cols, _Options, _MaxRows, _MaxCols> >::Scalar>::value, Eigen::Array<_Scalar, _Rows, _Cols, _Options, _MaxRows, _MaxCols>::PrivateType>::type = Eigen::Array<double, -1, 1>::PrivateType]’
data_manipulation.cpp:136:41:   required from here
/home/u12/darrenc/R/test/RcppEigen/include/Eigen/src/Core/CoreEvaluators.h:1042:8: warning: ignoring attributes on template argument ‘Eigen::internal::packet_traits<double>::type’ {aka ‘__vector(2) double’} [-Wignored-attributes]
   enum {
        ^
/home/u12/darrenc/R/test/RcppEigen/include/Eigen/src/Core/CoreEvaluators.h: In instantiation of ‘struct Eigen::internal::evaluator<Eigen::Block<Eigen::Matrix<double, -1, -1>, -1, 1, true> >’:
/home/u12/darrenc/R/test/RcppEigen/include/Eigen/src/Core/AssignEvaluator.h:780:20:   required from ‘void Eigen::internal::call_dense_assignment_loop(DstXprType&, const SrcXprType&, const Functor&) [with DstXprType = Eigen::Block<Eigen::Matrix<double, -1, -1>, -1, 1, true>; SrcXprType = Eigen::CwiseBinaryOp<Eigen::internal::scalar_quotient_op<double, double>, const Eigen::CwiseBinaryOp<Eigen::internal::scalar_difference_op<double, double>, const Eigen::ArrayWrapper<Eigen::Matrix<double, -1, 1> >, const Eigen::CwiseNullaryOp<Eigen::internal::scalar_constant_op<double>, const Eigen::Array<double, -1, 1> > >, const Eigen::CwiseNullaryOp<Eigen::internal::scalar_constant_op<double>, const Eigen::Array<double, -1, 1> > >; Functor = Eigen::internal::assign_op<double, double>]’
/home/u12/darrenc/R/test/RcppEigen/include/Eigen/src/Core/AssignEvaluator.h:954:31:   required from ‘static void Eigen::internal::Assignment<DstXprType, SrcXprType, Functor, Eigen::internal::Dense2Dense, Weak>::run(DstXprType&, const SrcXprType&, const Functor&) [with DstXprType = Eigen::Block<Eigen::Matrix<double, -1, -1>, -1, 1, true>; SrcXprType = Eigen::CwiseBinaryOp<Eigen::internal::scalar_quotient_op<double, double>, const Eigen::CwiseBinaryOp<Eigen::internal::scalar_difference_op<double, double>, const Eigen::ArrayWrapper<Eigen::Matrix<double, -1, 1> >, const Eigen::CwiseNullaryOp<Eigen::internal::scalar_constant_op<double>, const Eigen::Array<double, -1, 1> > >, const Eigen::CwiseNullaryOp<Eigen::internal::scalar_constant_op<double>, const Eigen::Array<double, -1, 1> > >; Functor = Eigen::internal::assign_op<double, double>; Weak = void]’
/home/u12/darrenc/R/test/RcppEigen/include/Eigen/src/Core/AssignEvaluator.h:890:49:   required from ‘void Eigen::internal::call_assignment_no_alias(Dst&, const Src&, const Func&) [with Dst = Eigen::Block<Eigen::Matrix<double, -1, -1>, -1, 1, true>; Src = Eigen::CwiseBinaryOp<Eigen::internal::scalar_quotient_op<double, double>, const Eigen::CwiseBinaryOp<Eigen::internal::scalar_difference_op<double, double>, const Eigen::ArrayWrapper<Eigen::Matrix<double, -1, 1> >, const Eigen::CwiseNullaryOp<Eigen::internal::scalar_constant_op<double>, const Eigen::Array<double, -1, 1> > >, const Eigen::CwiseNullaryOp<Eigen::internal::scalar_constant_op<double>, const Eigen::Array<double, -1, 1> > >; Func = Eigen::internal::assign_op<double, double>]’
/home/u12/darrenc/R/test/RcppEigen/include/Eigen/src/Core/AssignEvaluator.h:858:27:   required from ‘void Eigen::internal::call_assignment(Dst&, const Src&, const Func&, typename Eigen::internal::enable_if<(! Eigen::internal::evaluator_assume_aliasing<Src>::value), void*>::type) [with Dst = Eigen::Block<Eigen::Matrix<double, -1, -1>, -1, 1, true>; Src = Eigen::CwiseBinaryOp<Eigen::internal::scalar_quotient_op<double, double>, const Eigen::CwiseBinaryOp<Eigen::internal::scalar_difference_op<double, double>, const Eigen::ArrayWrapper<Eigen::Matrix<double, -1, 1> >, const Eigen::CwiseNullaryOp<Eigen::internal::scalar_constant_op<double>, const Eigen::Array<double, -1, 1> > >, const Eigen::CwiseNullaryOp<Eigen::internal::scalar_constant_op<double>, const Eigen::Array<double, -1, 1> > >; Func = Eigen::internal::assign_op<double, double>; typename Eigen::internal::enable_if<(! Eigen::internal::evaluator_assume_aliasing<Src>::value), void*>::type = void*]’
/home/u12/darrenc/R/test/RcppEigen/include/Eigen/src/Core/AssignEvaluator.h:836:18:   required from ‘void Eigen::internal::call_assignment(Dst&, const Src&) [with Dst = Eigen::Block<Eigen::Matrix<double, -1, -1>, -1, 1, true>; Src = Eigen::CwiseBinaryOp<Eigen::internal::scalar_quotient_op<double, double>, const Eigen::CwiseBinaryOp<Eigen::internal::scalar_difference_op<double, double>, const Eigen::ArrayWrapper<Eigen::Matrix<double, -1, 1> >, const Eigen::CwiseNullaryOp<Eigen::internal::scalar_constant_op<double>, const Eigen::Array<double, -1, 1> > >, const Eigen::CwiseNullaryOp<Eigen::internal::scalar_constant_op<double>, const Eigen::Array<double, -1, 1> > >]’
/home/u12/darrenc/R/test/RcppEigen/include/Eigen/src/Core/Assign.h:66:28:   required from ‘Derived& Eigen::MatrixBase<Derived>::operator=(const Eigen::DenseBase<OtherDerived>&) [with OtherDerived = Eigen::CwiseBinaryOp<Eigen::internal::scalar_quotient_op<double, double>, const Eigen::CwiseBinaryOp<Eigen::internal::scalar_difference_op<double, double>, const Eigen::ArrayWrapper<Eigen::Matrix<double, -1, 1> >, const Eigen::CwiseNullaryOp<Eigen::internal::scalar_constant_op<double>, const Eigen::Array<double, -1, 1> > >, const Eigen::CwiseNullaryOp<Eigen::internal::scalar_constant_op<double>, const Eigen::Array<double, -1, 1> > >; Derived = Eigen::Block<Eigen::Matrix<double, -1, -1>, -1, 1, true>]’
data_manipulation.cpp:187:51:   required from here
/home/u12/darrenc/R/test/RcppEigen/include/Eigen/src/Core/CoreEvaluators.h:1042:8: warning: ignoring attributes on template argument ‘Eigen::internal::packet_traits<double>::type’ {aka ‘__vector(2) double’} [-Wignored-attributes]
/home/u12/darrenc/R/test/RcppEigen/include/Eigen/src/Core/CoreEvaluators.h: In instantiation of ‘struct Eigen::internal::evaluator<Eigen::Block<Eigen::Map<Eigen::Matrix<double, -1, -1> >, 1, -1, false> >’:
/home/u12/darrenc/R/test/RcppEigen/include/Eigen/src/Core/CoreEvaluators.h:1383:8:   required from ‘struct Eigen::internal::evaluator_wrapper_base<Eigen::ArrayWrapper<Eigen::Block<Eigen::Map<Eigen::Matrix<double, -1, -1> >, 1, -1, false> > >’
/home/u12/darrenc/R/test/RcppEigen/include/Eigen/src/Core/CoreEvaluators.h:1464:8:   required from ‘struct Eigen::internal::unary_evaluator<Eigen::ArrayWrapper<Eigen::Block<Eigen::Map<Eigen::Matrix<double, -1, -1> >, 1, -1, false> >, Eigen::internal::IndexBased, double>’
/home/u12/darrenc/R/test/RcppEigen/include/Eigen/src/Core/CoreEvaluators.h:90:8:   required from ‘struct Eigen::internal::evaluator<Eigen::ArrayWrapper<Eigen::Block<Eigen::Map<Eigen::Matrix<double, -1, -1> >, 1, -1, false> > >’
/home/u12/darrenc/R/test/RcppEigen/include/Eigen/src/Core/AssignEvaluator.h:774:20:   required from ‘void Eigen::internal::call_dense_assignment_loop(DstXprType&, const SrcXprType&, const Functor&) [with DstXprType = Eigen::Transpose<Eigen::Array<double, -1, 1> >; SrcXprType = Eigen::ArrayWrapper<Eigen::Block<Eigen::Map<Eigen::Matrix<double, -1, -1> >, 1, -1, false> >; Functor = Eigen::internal::assign_op<double, double>]’
/home/u12/darrenc/R/test/RcppEigen/include/Eigen/src/Core/AssignEvaluator.h:954:31:   required from ‘static void Eigen::internal::Assignment<DstXprType, SrcXprType, Functor, Eigen::internal::Dense2Dense, Weak>::run(DstXprType&, const SrcXprType&, const Functor&) [with DstXprType = Eigen::Transpose<Eigen::Array<double, -1, 1> >; SrcXprType = Eigen::ArrayWrapper<Eigen::Block<Eigen::Map<Eigen::Matrix<double, -1, -1> >, 1, -1, false> >; Functor = Eigen::internal::assign_op<double, double>; Weak = void]’
/home/u12/darrenc/R/test/RcppEigen/include/Eigen/src/Core/AssignEvaluator.h:890:49:   required from ‘void Eigen::internal::call_assignment_no_alias(Dst&, const Src&, const Func&) [with Dst = Eigen::Array<double, -1, 1>; Src = Eigen::ArrayWrapper<Eigen::Block<Eigen::Map<Eigen::Matrix<double, -1, -1> >, 1, -1, false> >; Func = Eigen::internal::assign_op<double, double>]’
/home/u12/darrenc/R/test/RcppEigen/include/Eigen/src/Core/PlainObjectBase.h:797:41:   required from ‘Derived& Eigen::PlainObjectBase<Derived>::_set_noalias(const Eigen::DenseBase<OtherDerived>&) [with OtherDerived = Eigen::ArrayWrapper<Eigen::Block<Eigen::Map<Eigen::Matrix<double, -1, -1> >, 1, -1, false> >; Derived = Eigen::Array<double, -1, 1>]’
/home/u12/darrenc/R/test/RcppEigen/include/Eigen/src/Core/PlainObjectBase.h:594:7:   required from ‘Eigen::PlainObjectBase<Derived>::PlainObjectBase(const Eigen::DenseBase<OtherDerived>&) [with OtherDerived = Eigen::ArrayWrapper<Eigen::Block<Eigen::Map<Eigen::Matrix<double, -1, -1> >, 1, -1, false> >; Derived = Eigen::Array<double, -1, 1>]’
/home/u12/darrenc/R/test/RcppEigen/include/Eigen/src/Core/Array.h:288:29:   required from ‘Eigen::Array<_Scalar, _Rows, _Cols, _Options, _MaxRows, _MaxCols>::Array(const Eigen::EigenBase<OtherDerived>&, typename Eigen::internal::enable_if<std::is_convertible<typename OtherDerived::Scalar, typename Eigen::internal::traits<Eigen::Array<_Scalar, _Rows, _Cols, _Options, _MaxRows, _MaxCols> >::Scalar>::value, Eigen::Array<_Scalar, _Rows, _Cols, _Options, _MaxRows, _MaxCols>::PrivateType>::type) [with OtherDerived = Eigen::ArrayWrapper<Eigen::Block<Eigen::Map<Eigen::Matrix<double, -1, -1> >, 1, -1, false> >; _Scalar = double; int _Rows = -1; int _Cols = 1; int _Options = 0; int _MaxRows = -1; int _MaxCols = 1; typename Eigen::internal::enable_if<std::is_convertible<typename OtherDerived::Scalar, typename Eigen::internal::traits<Eigen::Array<_Scalar, _Rows, _Cols, _Options, _MaxRows, _MaxCols> >::Scalar>::value, Eigen::Array<_Scalar, _Rows, _Cols, _Options, _MaxRows, _MaxCols>::PrivateType>::type = Eigen::Array<double, -1, 1>::PrivateType]’
data_manipulation.cpp:368:39:   required from here
/home/u12/darrenc/R/test/RcppEigen/include/Eigen/src/Core/CoreEvaluators.h:1042:8: warning: ignoring attributes on template argument ‘Eigen::internal::packet_traits<double>::type’ {aka ‘__vector(2) double’} [-Wignored-attributes]
In file included from /home/u12/darrenc/R/test/RcppEigen/include/Eigen/Core:271,
                 from /home/u12/darrenc/R/test/RcppEigen/include/Eigen/Dense:1,
                 from /home/u12/darrenc/R/test/RcppEigen/include/RcppEigenForward.h:28,
                 from /home/u12/darrenc/R/test/RcppEigen/include/RcppEigen.h:25,
                 from data_manipulation.cpp:1:
/home/u12/darrenc/R/test/RcppEigen/include/Eigen/src/Core/DenseCoeffsBase.h: In instantiation of ‘class Eigen::DenseCoeffsBase<Eigen::Block<Eigen::SparseMatrix<double, 0, int>, -1, 1, true>, 0>’:
/home/u12/darrenc/R/test/RcppEigen/include/Eigen/src/SparseCore/SparseCompressedBase.h:336:80:   required from ‘struct Eigen::internal::evaluator<Eigen::SparseCompressedBase<Eigen::Block<Eigen::SparseMatrix<double, 0, int>, -1, 1, true> > >’
/home/u12/darrenc/R/test/RcppEigen/include/Eigen/src/SparseCore/SparseBlock.h:549:8:   required from ‘struct Eigen::internal::unary_evaluator<Eigen::Block<Eigen::SparseMatrix<double, 0, int>, -1, 1, true>, Eigen::internal::IteratorBased, double>’
/home/u12/darrenc/R/test/RcppEigen/include/Eigen/src/Core/CoreEvaluators.h:1087:8:   required from ‘struct Eigen::internal::block_evaluator<Eigen::SparseMatrix<double, 0, int>, -1, 1, true, false>’
/home/u12/darrenc/R/test/RcppEigen/include/Eigen/src/Core/CoreEvaluators.h:1034:8:   required from ‘struct Eigen::internal::evaluator<Eigen::Block<Eigen::SparseMatrix<double, 0, int>, -1, 1, true> >’
/home/u12/darrenc/R/test/RcppEigen/include/Eigen/src/SparseCore/SparseMatrix.h:687:103:   required from ‘Eigen::SparseMatrix<_Scalar, _Flags, _StorageIndex>::SparseMatrix(const Eigen::SparseMatrixBase<OtherDerived>&) [with OtherDerived = Eigen::Block<Eigen::SparseMatrix<double, 0, int>, -1, 1, true>; _Scalar = double; int _Options = 0; _StorageIndex = int]’
/home/u12/darrenc/R/test/RcppEigen/include/Eigen/src/SparseCore/SparseRef.h:217:9:   required from ‘void Eigen::Ref<const Eigen::SparseMatrix<_Scalar, _Options, _StorageIndex>, _Options, _StrideType>::construct(const Expression&, Eigen::internal::true_type) [with Expression = Eigen::Block<Eigen::SparseMatrix<double, 0, int>, -1, 1, true>; MatScalar = double; int MatOptions = 0; MatIndex = int; int Options = 0; StrideType = Eigen::OuterStride<>]’
/home/u12/darrenc/R/test/RcppEigen/include/Eigen/src/SparseCore/SparseRef.h:190:7:   required from ‘Eigen::Ref<const Eigen::SparseMatrix<_Scalar, _Options, _StorageIndex>, _Options, _StrideType>::Ref(const Eigen::SparseMatrixBase<OtherDerived>&) [with Derived = Eigen::Block<Eigen::SparseMatrix<double, 0, int>, -1, 1, true>; MatScalar = double; int MatOptions = 0; MatIndex = int; int Options = 0; StrideType = Eigen::OuterStride<>]’
/home/u12/darrenc/R/test/RcppEigen/include/Eigen/src/SparseCore/SparseBlock.h:128:88:   required from ‘Eigen::internal::sparse_matrix_block_impl<SparseMatrixType, BlockRows, BlockCols>::BlockType& Eigen::internal::sparse_matrix_block_impl<SparseMatrixType, BlockRows, BlockCols>::operator=(const Eigen::SparseMatrixBase<OtherDerived>&) [with OtherDerived = Eigen::Block<Eigen::SparseMatrix<double, 0, int>, -1, 1, true>; SparseMatrixType = Eigen::SparseMatrix<double, 0, int>; int BlockRows = -1; int BlockCols = 1; Eigen::internal::sparse_matrix_block_impl<SparseMatrixType, BlockRows, BlockCols>::BlockType = Eigen::Block<Eigen::SparseMatrix<double, 0, int>, -1, 1, true>]’
/home/u12/darrenc/R/test/RcppEigen/include/Eigen/src/SparseCore/SparseBlock.h:216:34:   required from ‘Eigen::internal::sparse_matrix_block_impl<SparseMatrixType, BlockRows, BlockCols>::BlockType& Eigen::internal::sparse_matrix_block_impl<SparseMatrixType, BlockRows, BlockCols>::operator=(const BlockType&) [with SparseMatrixType = Eigen::SparseMatrix<double, 0, int>; int BlockRows = -1; int BlockCols = 1; Eigen::internal::sparse_matrix_block_impl<SparseMatrixType, BlockRows, BlockCols>::BlockType = Eigen::Block<Eigen::SparseMatrix<double, 0, int>, -1, 1, true>]’
/home/u12/darrenc/R/test/RcppEigen/include/Eigen/src/Core/Block.h:111:5:   required from ‘Eigen::Block<XprType, BlockRows, BlockCols, InnerPanel>& Eigen::Block<XprType, BlockRows, BlockCols, InnerPanel>::operator=(const Eigen::Block<XprType, BlockRows, BlockCols, InnerPanel>&) [with XprType = Eigen::SparseMatrix<double, 0, int>; int BlockRows = -1; int BlockCols = 1; bool InnerPanel = true]’
data_manipulation.cpp:409:42:   required from here
/home/u12/darrenc/R/test/RcppEigen/include/Eigen/src/Core/DenseCoeffsBase.h:56:30: warning: ignoring attributes on template argument ‘Eigen::internal::packet_traits<double>::type’ {aka ‘__vector(2) double’} [-Wignored-attributes]
                      >::type PacketReturnType;
                              ^~~~~~~~~~~~~~~~
In file included from /home/u12/darrenc/R/test/RcppEigen/include/Eigen/Core:277,
                 from /home/u12/darrenc/R/test/RcppEigen/include/Eigen/Dense:1,
                 from /home/u12/darrenc/R/test/RcppEigen/include/RcppEigenForward.h:28,
                 from /home/u12/darrenc/R/test/RcppEigen/include/RcppEigen.h:25,
                 from data_manipulation.cpp:1:
/home/u12/darrenc/R/test/RcppEigen/include/Eigen/src/Core/CoreEvaluators.h: In instantiation of ‘struct Eigen::internal::evaluator<Eigen::Block<Eigen::SparseMatrix<double, 0, int>, -1, 1, true> >’:
/home/u12/darrenc/R/test/RcppEigen/include/Eigen/src/SparseCore/SparseMatrix.h:687:103:   required from ‘Eigen::SparseMatrix<_Scalar, _Flags, _StorageIndex>::SparseMatrix(const Eigen::SparseMatrixBase<OtherDerived>&) [with OtherDerived = Eigen::Block<Eigen::SparseMatrix<double, 0, int>, -1, 1, true>; _Scalar = double; int _Options = 0; _StorageIndex = int]’
/home/u12/darrenc/R/test/RcppEigen/include/Eigen/src/SparseCore/SparseRef.h:217:9:   required from ‘void Eigen::Ref<const Eigen::SparseMatrix<_Scalar, _Options, _StorageIndex>, _Options, _StrideType>::construct(const Expression&, Eigen::internal::true_type) [with Expression = Eigen::Block<Eigen::SparseMatrix<double, 0, int>, -1, 1, true>; MatScalar = double; int MatOptions = 0; MatIndex = int; int Options = 0; StrideType = Eigen::OuterStride<>]’
/home/u12/darrenc/R/test/RcppEigen/include/Eigen/src/SparseCore/SparseRef.h:190:7:   required from ‘Eigen::Ref<const Eigen::SparseMatrix<_Scalar, _Options, _StorageIndex>, _Options, _StrideType>::Ref(const Eigen::SparseMatrixBase<OtherDerived>&) [with Derived = Eigen::Block<Eigen::SparseMatrix<double, 0, int>, -1, 1, true>; MatScalar = double; int MatOptions = 0; MatIndex = int; int Options = 0; StrideType = Eigen::OuterStride<>]’
/home/u12/darrenc/R/test/RcppEigen/include/Eigen/src/SparseCore/SparseBlock.h:128:88:   required from ‘Eigen::internal::sparse_matrix_block_impl<SparseMatrixType, BlockRows, BlockCols>::BlockType& Eigen::internal::sparse_matrix_block_impl<SparseMatrixType, BlockRows, BlockCols>::operator=(const Eigen::SparseMatrixBase<OtherDerived>&) [with OtherDerived = Eigen::Block<Eigen::SparseMatrix<double, 0, int>, -1, 1, true>; SparseMatrixType = Eigen::SparseMatrix<double, 0, int>; int BlockRows = -1; int BlockCols = 1; Eigen::internal::sparse_matrix_block_impl<SparseMatrixType, BlockRows, BlockCols>::BlockType = Eigen::Block<Eigen::SparseMatrix<double, 0, int>, -1, 1, true>]’
/home/u12/darrenc/R/test/RcppEigen/include/Eigen/src/SparseCore/SparseBlock.h:216:34:   required from ‘Eigen::internal::sparse_matrix_block_impl<SparseMatrixType, BlockRows, BlockCols>::BlockType& Eigen::internal::sparse_matrix_block_impl<SparseMatrixType, BlockRows, BlockCols>::operator=(const BlockType&) [with SparseMatrixType = Eigen::SparseMatrix<double, 0, int>; int BlockRows = -1; int BlockCols = 1; Eigen::internal::sparse_matrix_block_impl<SparseMatrixType, BlockRows, BlockCols>::BlockType = Eigen::Block<Eigen::SparseMatrix<double, 0, int>, -1, 1, true>]’
/home/u12/darrenc/R/test/RcppEigen/include/Eigen/src/Core/Block.h:111:5:   required from ‘Eigen::Block<XprType, BlockRows, BlockCols, InnerPanel>& Eigen::Block<XprType, BlockRows, BlockCols, InnerPanel>::operator=(const Eigen::Block<XprType, BlockRows, BlockCols, InnerPanel>&) [with XprType = Eigen::SparseMatrix<double, 0, int>; int BlockRows = -1; int BlockCols = 1; bool InnerPanel = true]’
data_manipulation.cpp:409:42:   required from here
/home/u12/darrenc/R/test/RcppEigen/include/Eigen/src/Core/CoreEvaluators.h:1042:8: warning: ignoring attributes on template argument ‘Eigen::internal::packet_traits<double>::type’ {aka ‘__vector(2) double’} [-Wignored-attributes]
   enum {
        ^
/home/u12/darrenc/R/test/RcppEigen/include/Eigen/src/Core/CoreEvaluators.h: In instantiation of ‘struct Eigen::internal::evaluator<Eigen::Block<Eigen::Matrix<double, -1, -1>, -1, -1, false> >’:
/home/u12/darrenc/R/test/RcppEigen/include/Eigen/src/Core/AssignEvaluator.h:780:20:   required from ‘void Eigen::internal::call_dense_assignment_loop(DstXprType&, const SrcXprType&, const Functor&) [with DstXprType = Eigen::Block<Eigen::Matrix<double, -1, -1>, -1, -1, false>; SrcXprType = Eigen::Matrix<double, -1, -1>; Functor = Eigen::internal::assign_op<double, double>]’
/home/u12/darrenc/R/test/RcppEigen/include/Eigen/src/Core/AssignEvaluator.h:954:31:   required from ‘static void Eigen::internal::Assignment<DstXprType, SrcXprType, Functor, Eigen::internal::Dense2Dense, Weak>::run(DstXprType&, const SrcXprType&, const Functor&) [with DstXprType = Eigen::Block<Eigen::Matrix<double, -1, -1>, -1, -1, false>; SrcXprType = Eigen::Matrix<double, -1, -1>; Functor = Eigen::internal::assign_op<double, double>; Weak = void]’
/home/u12/darrenc/R/test/RcppEigen/include/Eigen/src/Core/AssignEvaluator.h:890:49:   required from ‘void Eigen::internal::call_assignment_no_alias(Dst&, const Src&, const Func&) [with Dst = Eigen::Block<Eigen::Matrix<double, -1, -1>, -1, -1, false>; Src = Eigen::Matrix<double, -1, -1>; Func = Eigen::internal::assign_op<double, double>]’
/home/u12/darrenc/R/test/RcppEigen/include/Eigen/src/Core/AssignEvaluator.h:858:27:   required from ‘void Eigen::internal::call_assignment(Dst&, const Src&, const Func&, typename Eigen::internal::enable_if<(! Eigen::internal::evaluator_assume_aliasing<Src>::value), void*>::type) [with Dst = Eigen::Block<Eigen::Matrix<double, -1, -1>, -1, -1, false>; Src = Eigen::Matrix<double, -1, -1>; Func = Eigen::internal::assign_op<double, double>; typename Eigen::internal::enable_if<(! Eigen::internal::evaluator_assume_aliasing<Src>::value), void*>::type = void*]’
/home/u12/darrenc/R/test/RcppEigen/include/Eigen/src/Core/AssignEvaluator.h:836:18:   required from ‘void Eigen::internal::call_assignment(Dst&, const Src&) [with Dst = Eigen::Block<Eigen::Matrix<double, -1, -1>, -1, -1, false>; Src = Eigen::Matrix<double, -1, -1>]’
/home/u12/darrenc/R/test/RcppEigen/include/Eigen/src/Core/Assign.h:66:28:   required from ‘Derived& Eigen::MatrixBase<Derived>::operator=(const Eigen::DenseBase<OtherDerived>&) [with OtherDerived = Eigen::Matrix<double, -1, -1>; Derived = Eigen::Block<Eigen::Matrix<double, -1, -1>, -1, -1, false>]’
/home/u12/darrenc/R/test/RcppEigen/include/Eigen/src/Core/CommaInitializer.h:99:64:   required from ‘Eigen::CommaInitializer<MatrixType>& Eigen::CommaInitializer<MatrixType>::operator,(const Eigen::DenseBase<OtherDerived>&) [with OtherDerived = Eigen::Matrix<double, -1, -1>; XprType = Eigen::Matrix<double, -1, -1>]’
data_manipulation.cpp:249:17:   required from here
/home/u12/darrenc/R/test/RcppEigen/include/Eigen/src/Core/CoreEvaluators.h:1042:8: warning: ignoring attributes on template argument ‘Eigen::internal::packet_traits<double>::type’ {aka ‘__vector(2) double’} [-Wignored-attributes]
In file included from /home/u12/darrenc/R/test/RcppEigen/include/Eigen/Core:271,
                 from /home/u12/darrenc/R/test/RcppEigen/include/Eigen/Dense:1,
                 from /home/u12/darrenc/R/test/RcppEigen/include/RcppEigenForward.h:28,
                 from /home/u12/darrenc/R/test/RcppEigen/include/RcppEigen.h:25,
                 from data_manipulation.cpp:1:
/home/u12/darrenc/R/test/RcppEigen/include/Eigen/src/Core/DenseCoeffsBase.h: In instantiation of ‘class Eigen::DenseCoeffsBase<Eigen::Product<Eigen::Transpose<const Eigen::Matrix<double, -1, -1> >, const Eigen::Block<const Eigen::Matrix<double, -1, -1>, -1, 1, true>, 0>, 0>’:
/home/u12/darrenc/R/test/RcppEigen/include/Eigen/src/Core/DenseBase.h:41:34:   required from ‘class Eigen::DenseBase<Eigen::Product<Eigen::Transpose<const Eigen::Matrix<double, -1, -1> >, const Eigen::Block<const Eigen::Matrix<double, -1, -1>, -1, 1, true>, 0> >’
/home/u12/darrenc/R/test/RcppEigen/include/Eigen/src/Core/MatrixBase.h:48:34:   required from ‘class Eigen::MatrixBase<Eigen::Product<Eigen::Transpose<const Eigen::Matrix<double, -1, -1> >, const Eigen::Block<const Eigen::Matrix<double, -1, -1>, -1, 1, true>, 0> >’
/home/u12/darrenc/R/test/RcppEigen/include/Eigen/src/Core/Product.h:120:7:   required from ‘class Eigen::internal::dense_product_base<Eigen::Transpose<const Eigen::Matrix<double, -1, -1> >, const Eigen::Block<const Eigen::Matrix<double, -1, -1>, -1, 1, true>, 0, 7>’
/home/u12/darrenc/R/test/RcppEigen/include/Eigen/src/Core/Product.h:152:7:   required from ‘class Eigen::ProductImpl<Eigen::Transpose<const Eigen::Matrix<double, -1, -1> >, const Eigen::Block<const Eigen::Matrix<double, -1, -1>, -1, 1, true>, 0, Eigen::Dense>’
/home/u12/darrenc/R/test/RcppEigen/include/Eigen/src/Core/Product.h:71:7:   required from ‘class Eigen::Product<Eigen::Transpose<const Eigen::Matrix<double, -1, -1> >, const Eigen::Block<const Eigen::Matrix<double, -1, -1>, -1, 1, true>, 0>’
/home/u12/darrenc/R/test/RcppEigen/include/Eigen/src/Core/ProductEvaluators.h:345:45:   [ skipping 11 instantiation contexts, use -ftemplate-backtrace-limit=0 to disable ]
/home/u12/darrenc/R/test/RcppEigen/include/Eigen/src/Core/AssignEvaluator.h:954:31:   required from ‘static void Eigen::internal::Assignment<DstXprType, SrcXprType, Functor, Eigen::internal::Dense2Dense, Weak>::run(DstXprType&, const SrcXprType&, const Functor&) [with DstXprType = Eigen::Matrix<double, -1, -1>; SrcXprType = Eigen::CwiseBinaryOp<Eigen::internal::scalar_quotient_op<double, double>, const Eigen::Product<Eigen::Transpose<const Eigen::Matrix<double, -1, -1> >, Eigen::Matrix<double, -1, -1>, 0>, const Eigen::CwiseNullaryOp<Eigen::internal::scalar_constant_op<double>, const Eigen::Matrix<double, -1, -1> > >; Functor = Eigen::internal::assign_op<double, double>; Weak = void]’
/home/u12/darrenc/R/test/RcppEigen/include/Eigen/src/Core/AssignEvaluator.h:890:49:   required from ‘void Eigen::internal::call_assignment_no_alias(Dst&, const Src&, const Func&) [with Dst = Eigen::Matrix<double, -1, -1>; Src = Eigen::CwiseBinaryOp<Eigen::internal::scalar_quotient_op<double, double>, const Eigen::Product<Eigen::Transpose<const Eigen::Matrix<double, -1, -1> >, Eigen::Matrix<double, -1, -1>, 0>, const Eigen::CwiseNullaryOp<Eigen::internal::scalar_constant_op<double>, const Eigen::Matrix<double, -1, -1> > >; Func = Eigen::internal::assign_op<double, double>]’
/home/u12/darrenc/R/test/RcppEigen/include/Eigen/src/Core/PlainObjectBase.h:797:41:   required from ‘Derived& Eigen::PlainObjectBase<Derived>::_set_noalias(const Eigen::DenseBase<OtherDerived>&) [with OtherDerived = Eigen::CwiseBinaryOp<Eigen::internal::scalar_quotient_op<double, double>, const Eigen::Product<Eigen::Transpose<const Eigen::Matrix<double, -1, -1> >, Eigen::Matrix<double, -1, -1>, 0>, const Eigen::CwiseNullaryOp<Eigen::internal::scalar_constant_op<double>, const Eigen::Matrix<double, -1, -1> > >; Derived = Eigen::Matrix<double, -1, -1>]’
/home/u12/darrenc/R/test/RcppEigen/include/Eigen/src/Core/PlainObjectBase.h:594:7:   required from ‘Eigen::PlainObjectBase<Derived>::PlainObjectBase(const Eigen::DenseBase<OtherDerived>&) [with OtherDerived = Eigen::CwiseBinaryOp<Eigen::internal::scalar_quotient_op<double, double>, const Eigen::Product<Eigen::Transpose<const Eigen::Matrix<double, -1, -1> >, Eigen::Matrix<double, -1, -1>, 0>, const Eigen::CwiseNullaryOp<Eigen::internal::scalar_constant_op<double>, const Eigen::Matrix<double, -1, -1> > >; Derived = Eigen::Matrix<double, -1, -1>]’
/home/u12/darrenc/R/test/RcppEigen/include/Eigen/src/Core/Matrix.h:423:29:   required from ‘Eigen::Matrix<_Scalar, _Rows, _Cols, _Options, _MaxRows, _MaxCols>::Matrix(const Eigen::EigenBase<OtherDerived>&) [with OtherDerived = Eigen::CwiseBinaryOp<Eigen::internal::scalar_quotient_op<double, double>, const Eigen::Product<Eigen::Transpose<const Eigen::Matrix<double, -1, -1> >, Eigen::Matrix<double, -1, -1>, 0>, const Eigen::CwiseNullaryOp<Eigen::internal::scalar_constant_op<double>, const Eigen::Matrix<double, -1, -1> > >; _Scalar = double; int _Rows = -1; int _Cols = -1; int _Options = 0; int _MaxRows = -1; int _MaxCols = -1]’
data_manipulation.cpp:231:70:   required from here
/home/u12/darrenc/R/test/RcppEigen/include/Eigen/src/Core/DenseCoeffsBase.h:56:30: warning: ignoring attributes on template argument ‘Eigen::internal::packet_traits<double>::type’ {aka ‘__vector(2) double’} [-Wignored-attributes]
                      >::type PacketReturnType;
                              ^~~~~~~~~~~~~~~~
/home/u12/darrenc/R/test/RcppEigen/include/Eigen/src/Core/DenseCoeffsBase.h: In instantiation of ‘class Eigen::DenseCoeffsBase<Eigen::Block<const Eigen::Matrix<double, -1, -1>, -1, 1, true>, 0>’:
/home/u12/darrenc/R/test/RcppEigen/include/Eigen/src/Core/DenseCoeffsBase.h:481:7:   required from ‘class Eigen::DenseCoeffsBase<Eigen::Block<const Eigen::Matrix<double, -1, -1>, -1, 1, true>, 2>’
/home/u12/darrenc/R/test/RcppEigen/include/Eigen/src/Core/DenseBase.h:41:34:   required from ‘class Eigen::DenseBase<Eigen::Block<const Eigen::Matrix<double, -1, -1>, -1, 1, true> >’
/home/u12/darrenc/R/test/RcppEigen/include/Eigen/src/Core/MatrixBase.h:48:34:   required from ‘class Eigen::MatrixBase<Eigen::Block<const Eigen::Matrix<double, -1, -1>, -1, 1, true> >’
/home/u12/darrenc/R/test/RcppEigen/include/Eigen/src/Core/MapBase.h:37:34:   required from ‘class Eigen::MapBase<Eigen::Block<const Eigen::Matrix<double, -1, -1>, -1, 1, true>, 0>’
/home/u12/darrenc/R/test/RcppEigen/include/Eigen/src/Core/Block.h:329:7:   required from ‘class Eigen::internal::BlockImpl_dense<const Eigen::Matrix<double, -1, -1>, -1, 1, true, true>’
/home/u12/darrenc/R/test/RcppEigen/include/Eigen/src/Core/Block.h:154:7:   [ skipping 14 instantiation contexts, use -ftemplate-backtrace-limit=0 to disable ]
/home/u12/darrenc/R/test/RcppEigen/include/Eigen/src/Core/AssignEvaluator.h:954:31:   required from ‘static void Eigen::internal::Assignment<DstXprType, SrcXprType, Functor, Eigen::internal::Dense2Dense, Weak>::run(DstXprType&, const SrcXprType&, const Functor&) [with DstXprType = Eigen::Matrix<double, -1, -1>; SrcXprType = Eigen::CwiseBinaryOp<Eigen::internal::scalar_quotient_op<double, double>, const Eigen::Product<Eigen::Transpose<const Eigen::Matrix<double, -1, -1> >, Eigen::Matrix<double, -1, -1>, 0>, const Eigen::CwiseNullaryOp<Eigen::internal::scalar_constant_op<double>, const Eigen::Matrix<double, -1, -1> > >; Functor = Eigen::internal::assign_op<double, double>; Weak = void]’
/home/u12/darrenc/R/test/RcppEigen/include/Eigen/src/Core/AssignEvaluator.h:890:49:   required from ‘void Eigen::internal::call_assignment_no_alias(Dst&, const Src&, const Func&) [with Dst = Eigen::Matrix<double, -1, -1>; Src = Eigen::CwiseBinaryOp<Eigen::internal::scalar_quotient_op<double, double>, const Eigen::Product<Eigen::Transpose<const Eigen::Matrix<double, -1, -1> >, Eigen::Matrix<double, -1, -1>, 0>, const Eigen::CwiseNullaryOp<Eigen::internal::scalar_constant_op<double>, const Eigen::Matrix<double, -1, -1> > >; Func = Eigen::internal::assign_op<double, double>]’
/home/u12/darrenc/R/test/RcppEigen/include/Eigen/src/Core/PlainObjectBase.h:797:41:   required from ‘Derived& Eigen::PlainObjectBase<Derived>::_set_noalias(const Eigen::DenseBase<OtherDerived>&) [with OtherDerived = Eigen::CwiseBinaryOp<Eigen::internal::scalar_quotient_op<double, double>, const Eigen::Product<Eigen::Transpose<const Eigen::Matrix<double, -1, -1> >, Eigen::Matrix<double, -1, -1>, 0>, const Eigen::CwiseNullaryOp<Eigen::internal::scalar_constant_op<double>, const Eigen::Matrix<double, -1, -1> > >; Derived = Eigen::Matrix<double, -1, -1>]’
/home/u12/darrenc/R/test/RcppEigen/include/Eigen/src/Core/PlainObjectBase.h:594:7:   required from ‘Eigen::PlainObjectBase<Derived>::PlainObjectBase(const Eigen::DenseBase<OtherDerived>&) [with OtherDerived = Eigen::CwiseBinaryOp<Eigen::internal::scalar_quotient_op<double, double>, const Eigen::Product<Eigen::Transpose<const Eigen::Matrix<double, -1, -1> >, Eigen::Matrix<double, -1, -1>, 0>, const Eigen::CwiseNullaryOp<Eigen::internal::scalar_constant_op<double>, const Eigen::Matrix<double, -1, -1> > >; Derived = Eigen::Matrix<double, -1, -1>]’
/home/u12/darrenc/R/test/RcppEigen/include/Eigen/src/Core/Matrix.h:423:29:   required from ‘Eigen::Matrix<_Scalar, _Rows, _Cols, _Options, _MaxRows, _MaxCols>::Matrix(const Eigen::EigenBase<OtherDerived>&) [with OtherDerived = Eigen::CwiseBinaryOp<Eigen::internal::scalar_quotient_op<double, double>, const Eigen::Product<Eigen::Transpose<const Eigen::Matrix<double, -1, -1> >, Eigen::Matrix<double, -1, -1>, 0>, const Eigen::CwiseNullaryOp<Eigen::internal::scalar_constant_op<double>, const Eigen::Matrix<double, -1, -1> > >; _Scalar = double; int _Rows = -1; int _Cols = -1; int _Options = 0; int _MaxRows = -1; int _MaxCols = -1]’
data_manipulation.cpp:231:70:   required from here
/home/u12/darrenc/R/test/RcppEigen/include/Eigen/src/Core/DenseCoeffsBase.h:56:30: warning: ignoring attributes on template argument ‘Eigen::internal::packet_traits<double>::type’ {aka ‘__vector(2) double’} [-Wignored-attributes]
In file included from /home/u12/darrenc/R/test/RcppEigen/include/Eigen/Core:277,
                 from /home/u12/darrenc/R/test/RcppEigen/include/Eigen/Dense:1,
                 from /home/u12/darrenc/R/test/RcppEigen/include/RcppEigenForward.h:28,
                 from /home/u12/darrenc/R/test/RcppEigen/include/RcppEigen.h:25,
                 from data_manipulation.cpp:1:
/home/u12/darrenc/R/test/RcppEigen/include/Eigen/src/Core/CoreEvaluators.h: In instantiation of ‘struct Eigen::internal::evaluator<Eigen::Block<const Eigen::Matrix<double, -1, -1>, -1, 1, true> >’:
/home/u12/darrenc/R/test/RcppEigen/include/Eigen/src/Core/CoreEvaluators.h:100:8:   required from ‘struct Eigen::internal::evaluator<const Eigen::Block<const Eigen::Matrix<double, -1, -1>, -1, 1, true> >’
/home/u12/darrenc/R/test/RcppEigen/include/Eigen/src/Core/util/XprHelper.h:372:102:   required from ‘struct Eigen::internal::plain_object_eval<const Eigen::Block<const Eigen::Matrix<double, -1, -1>, -1, 1, true>, Eigen::Dense>’
/home/u12/darrenc/R/test/RcppEigen/include/Eigen/src/Core/ProductEvaluators.h:370:45:   required from ‘struct Eigen::internal::generic_product_impl<Eigen::Transpose<const Eigen::Matrix<double, -1, -1> >, const Eigen::Block<const Eigen::Matrix<double, -1, -1>, -1, 1, true>, Eigen::DenseShape, Eigen::DenseShape, 7>’
/home/u12/darrenc/R/test/RcppEigen/include/Eigen/src/Core/products/GeneralMatrixMatrix.h:479:24:   required from ‘static void Eigen::internal::generic_product_impl<Lhs, Rhs, Eigen::DenseShape, Eigen::DenseShape, 8>::scaleAndAddTo(Dest&, const Lhs&, const Rhs&, const Scalar&) [with Dest = Eigen::Matrix<double, -1, -1>; Lhs = Eigen::Transpose<const Eigen::Matrix<double, -1, -1> >; Rhs = Eigen::Matrix<double, -1, -1>; Eigen::internal::generic_product_impl<Lhs, Rhs, Eigen::DenseShape, Eigen::DenseShape, 8>::Scalar = double]’
/home/u12/darrenc/R/test/RcppEigen/include/Eigen/src/Core/products/GeneralMatrixMatrix.h:445:20:   required from ‘static void Eigen::internal::generic_product_impl<Lhs, Rhs, Eigen::DenseShape, Eigen::DenseShape, 8>::evalTo(Dst&, const Lhs&, const Rhs&) [with Dst = Eigen::Matrix<double, -1, -1>; Lhs = Eigen::Transpose<const Eigen::Matrix<double, -1, -1> >; Rhs = Eigen::Matrix<double, -1, -1>]’
/home/u12/darrenc/R/test/RcppEigen/include/Eigen/src/Core/ProductEvaluators.h:124:75:   [ skipping 7 instantiation contexts, use -ftemplate-backtrace-limit=0 to disable ]
/home/u12/darrenc/R/test/RcppEigen/include/Eigen/src/Core/AssignEvaluator.h:954:31:   required from ‘static void Eigen::internal::Assignment<DstXprType, SrcXprType, Functor, Eigen::internal::Dense2Dense, Weak>::run(DstXprType&, const SrcXprType&, const Functor&) [with DstXprType = Eigen::Matrix<double, -1, -1>; SrcXprType = Eigen::CwiseBinaryOp<Eigen::internal::scalar_quotient_op<double, double>, const Eigen::Product<Eigen::Transpose<const Eigen::Matrix<double, -1, -1> >, Eigen::Matrix<double, -1, -1>, 0>, const Eigen::CwiseNullaryOp<Eigen::internal::scalar_constant_op<double>, const Eigen::Matrix<double, -1, -1> > >; Functor = Eigen::internal::assign_op<double, double>; Weak = void]’
/home/u12/darrenc/R/test/RcppEigen/include/Eigen/src/Core/AssignEvaluator.h:890:49:   required from ‘void Eigen::internal::call_assignment_no_alias(Dst&, const Src&, const Func&) [with Dst = Eigen::Matrix<double, -1, -1>; Src = Eigen::CwiseBinaryOp<Eigen::internal::scalar_quotient_op<double, double>, const Eigen::Product<Eigen::Transpose<const Eigen::Matrix<double, -1, -1> >, Eigen::Matrix<double, -1, -1>, 0>, const Eigen::CwiseNullaryOp<Eigen::internal::scalar_constant_op<double>, const Eigen::Matrix<double, -1, -1> > >; Func = Eigen::internal::assign_op<double, double>]’
/home/u12/darrenc/R/test/RcppEigen/include/Eigen/src/Core/PlainObjectBase.h:797:41:   required from ‘Derived& Eigen::PlainObjectBase<Derived>::_set_noalias(const Eigen::DenseBase<OtherDerived>&) [with OtherDerived = Eigen::CwiseBinaryOp<Eigen::internal::scalar_quotient_op<double, double>, const Eigen::Product<Eigen::Transpose<const Eigen::Matrix<double, -1, -1> >, Eigen::Matrix<double, -1, -1>, 0>, const Eigen::CwiseNullaryOp<Eigen::internal::scalar_constant_op<double>, const Eigen::Matrix<double, -1, -1> > >; Derived = Eigen::Matrix<double, -1, -1>]’
/home/u12/darrenc/R/test/RcppEigen/include/Eigen/src/Core/PlainObjectBase.h:594:7:   required from ‘Eigen::PlainObjectBase<Derived>::PlainObjectBase(const Eigen::DenseBase<OtherDerived>&) [with OtherDerived = Eigen::CwiseBinaryOp<Eigen::internal::scalar_quotient_op<double, double>, const Eigen::Product<Eigen::Transpose<const Eigen::Matrix<double, -1, -1> >, Eigen::Matrix<double, -1, -1>, 0>, const Eigen::CwiseNullaryOp<Eigen::internal::scalar_constant_op<double>, const Eigen::Matrix<double, -1, -1> > >; Derived = Eigen::Matrix<double, -1, -1>]’
/home/u12/darrenc/R/test/RcppEigen/include/Eigen/src/Core/Matrix.h:423:29:   required from ‘Eigen::Matrix<_Scalar, _Rows, _Cols, _Options, _MaxRows, _MaxCols>::Matrix(const Eigen::EigenBase<OtherDerived>&) [with OtherDerived = Eigen::CwiseBinaryOp<Eigen::internal::scalar_quotient_op<double, double>, const Eigen::Product<Eigen::Transpose<const Eigen::Matrix<double, -1, -1> >, Eigen::Matrix<double, -1, -1>, 0>, const Eigen::CwiseNullaryOp<Eigen::internal::scalar_constant_op<double>, const Eigen::Matrix<double, -1, -1> > >; _Scalar = double; int _Rows = -1; int _Cols = -1; int _Options = 0; int _MaxRows = -1; int _MaxCols = -1]’
data_manipulation.cpp:231:70:   required from here
/home/u12/darrenc/R/test/RcppEigen/include/Eigen/src/Core/CoreEvaluators.h:1042:8: warning: ignoring attributes on template argument ‘Eigen::internal::packet_traits<double>::type’ {aka ‘__vector(2) double’} [-Wignored-attributes]
   enum {
        ^
In file included from /home/u12/darrenc/R/test/RcppEigen/include/Eigen/Core:271,
                 from /home/u12/darrenc/R/test/RcppEigen/include/Eigen/Dense:1,
                 from /home/u12/darrenc/R/test/RcppEigen/include/RcppEigenForward.h:28,
                 from /home/u12/darrenc/R/test/RcppEigen/include/RcppEigen.h:25,
                 from data_manipulation.cpp:1:
/home/u12/darrenc/R/test/RcppEigen/include/Eigen/src/Core/DenseCoeffsBase.h: In instantiation of ‘class Eigen::DenseCoeffsBase<Eigen::Block<Eigen::Matrix<double, -1, -1>, 1, -1, false>, 0>’:
/home/u12/darrenc/R/test/RcppEigen/include/Eigen/src/Core/DenseCoeffsBase.h:302:7:   required from ‘class Eigen::DenseCoeffsBase<Eigen::Block<Eigen::Matrix<double, -1, -1>, 1, -1, false>, 1>’
/home/u12/darrenc/R/test/RcppEigen/include/Eigen/src/Core/DenseCoeffsBase.h:555:7:   required from ‘class Eigen::DenseCoeffsBase<Eigen::Block<Eigen::Matrix<double, -1, -1>, 1, -1, false>, 3>’
/home/u12/darrenc/R/test/RcppEigen/include/Eigen/src/Core/DenseBase.h:41:34:   required from ‘class Eigen::DenseBase<Eigen::Block<Eigen::Matrix<double, -1, -1>, 1, -1, false> >’
/home/u12/darrenc/R/test/RcppEigen/include/Eigen/src/Core/MatrixBase.h:48:34:   required from ‘class Eigen::MatrixBase<Eigen::Block<Eigen::Matrix<double, -1, -1>, 1, -1, false> >’
/home/u12/darrenc/R/test/RcppEigen/include/Eigen/src/Core/MapBase.h:37:34:   required from ‘class Eigen::MapBase<Eigen::Block<Eigen::Matrix<double, -1, -1>, 1, -1, false>, 0>’
/home/u12/darrenc/R/test/RcppEigen/include/Eigen/src/Core/MapBase.h:223:34:   [ skipping 13 instantiation contexts, use -ftemplate-backtrace-limit=0 to disable ]
/home/u12/darrenc/R/test/RcppEigen/include/Eigen/src/Core/AssignEvaluator.h:954:31:   required from ‘static void Eigen::internal::Assignment<DstXprType, SrcXprType, Functor, Eigen::internal::Dense2Dense, Weak>::run(DstXprType&, const SrcXprType&, const Functor&) [with DstXprType = Eigen::Matrix<double, -1, -1>; SrcXprType = Eigen::CwiseBinaryOp<Eigen::internal::scalar_quotient_op<double, double>, const Eigen::Product<Eigen::Transpose<const Eigen::Matrix<double, -1, -1> >, Eigen::Matrix<double, -1, -1>, 0>, const Eigen::CwiseNullaryOp<Eigen::internal::scalar_constant_op<double>, const Eigen::Matrix<double, -1, -1> > >; Functor = Eigen::internal::assign_op<double, double>; Weak = void]’
/home/u12/darrenc/R/test/RcppEigen/include/Eigen/src/Core/AssignEvaluator.h:890:49:   required from ‘void Eigen::internal::call_assignment_no_alias(Dst&, const Src&, const Func&) [with Dst = Eigen::Matrix<double, -1, -1>; Src = Eigen::CwiseBinaryOp<Eigen::internal::scalar_quotient_op<double, double>, const Eigen::Product<Eigen::Transpose<const Eigen::Matrix<double, -1, -1> >, Eigen::Matrix<double, -1, -1>, 0>, const Eigen::CwiseNullaryOp<Eigen::internal::scalar_constant_op<double>, const Eigen::Matrix<double, -1, -1> > >; Func = Eigen::internal::assign_op<double, double>]’
/home/u12/darrenc/R/test/RcppEigen/include/Eigen/src/Core/PlainObjectBase.h:797:41:   required from ‘Derived& Eigen::PlainObjectBase<Derived>::_set_noalias(const Eigen::DenseBase<OtherDerived>&) [with OtherDerived = Eigen::CwiseBinaryOp<Eigen::internal::scalar_quotient_op<double, double>, const Eigen::Product<Eigen::Transpose<const Eigen::Matrix<double, -1, -1> >, Eigen::Matrix<double, -1, -1>, 0>, const Eigen::CwiseNullaryOp<Eigen::internal::scalar_constant_op<double>, const Eigen::Matrix<double, -1, -1> > >; Derived = Eigen::Matrix<double, -1, -1>]’
/home/u12/darrenc/R/test/RcppEigen/include/Eigen/src/Core/PlainObjectBase.h:594:7:   required from ‘Eigen::PlainObjectBase<Derived>::PlainObjectBase(const Eigen::DenseBase<OtherDerived>&) [with OtherDerived = Eigen::CwiseBinaryOp<Eigen::internal::scalar_quotient_op<double, double>, const Eigen::Product<Eigen::Transpose<const Eigen::Matrix<double, -1, -1> >, Eigen::Matrix<double, -1, -1>, 0>, const Eigen::CwiseNullaryOp<Eigen::internal::scalar_constant_op<double>, const Eigen::Matrix<double, -1, -1> > >; Derived = Eigen::Matrix<double, -1, -1>]’
/home/u12/darrenc/R/test/RcppEigen/include/Eigen/src/Core/Matrix.h:423:29:   required from ‘Eigen::Matrix<_Scalar, _Rows, _Cols, _Options, _MaxRows, _MaxCols>::Matrix(const Eigen::EigenBase<OtherDerived>&) [with OtherDerived = Eigen::CwiseBinaryOp<Eigen::internal::scalar_quotient_op<double, double>, const Eigen::Product<Eigen::Transpose<const Eigen::Matrix<double, -1, -1> >, Eigen::Matrix<double, -1, -1>, 0>, const Eigen::CwiseNullaryOp<Eigen::internal::scalar_constant_op<double>, const Eigen::Matrix<double, -1, -1> > >; _Scalar = double; int _Rows = -1; int _Cols = -1; int _Options = 0; int _MaxRows = -1; int _MaxCols = -1]’
data_manipulation.cpp:231:70:   required from here
/home/u12/darrenc/R/test/RcppEigen/include/Eigen/src/Core/DenseCoeffsBase.h:56:30: warning: ignoring attributes on template argument ‘Eigen::internal::packet_traits<double>::type’ {aka ‘__vector(2) double’} [-Wignored-attributes]
                      >::type PacketReturnType;
                              ^~~~~~~~~~~~~~~~
/home/u12/darrenc/R/test/RcppEigen/include/Eigen/src/Core/DenseCoeffsBase.h: In instantiation of ‘class Eigen::DenseCoeffsBase<Eigen::Product<const Eigen::Block<const Eigen::Transpose<const Eigen::Matrix<double, -1, -1> >, 1, -1, true>, Eigen::Matrix<double, -1, -1>, 0>, 0>’:
/home/u12/darrenc/R/test/RcppEigen/include/Eigen/src/Core/DenseBase.h:41:34:   required from ‘class Eigen::DenseBase<Eigen::Product<const Eigen::Block<const Eigen::Transpose<const Eigen::Matrix<double, -1, -1> >, 1, -1, true>, Eigen::Matrix<double, -1, -1>, 0> >’
/home/u12/darrenc/R/test/RcppEigen/include/Eigen/src/Core/MatrixBase.h:48:34:   required from ‘class Eigen::MatrixBase<Eigen::Product<const Eigen::Block<const Eigen::Transpose<const Eigen::Matrix<double, -1, -1> >, 1, -1, true>, Eigen::Matrix<double, -1, -1>, 0> >’
/home/u12/darrenc/R/test/RcppEigen/include/Eigen/src/Core/Product.h:120:7:   required from ‘class Eigen::internal::dense_product_base<const Eigen::Block<const Eigen::Transpose<const Eigen::Matrix<double, -1, -1> >, 1, -1, true>, Eigen::Matrix<double, -1, -1>, 0, 7>’
/home/u12/darrenc/R/test/RcppEigen/include/Eigen/src/Core/Product.h:152:7:   required from ‘class Eigen::ProductImpl<const Eigen::Block<const Eigen::Transpose<const Eigen::Matrix<double, -1, -1> >, 1, -1, true>, Eigen::Matrix<double, -1, -1>, 0, Eigen::Dense>’
/home/u12/darrenc/R/test/RcppEigen/include/Eigen/src/Core/Product.h:71:7:   required from ‘class Eigen::Product<const Eigen::Block<const Eigen::Transpose<const Eigen::Matrix<double, -1, -1> >, 1, -1, true>, Eigen::Matrix<double, -1, -1>, 0>’
/home/u12/darrenc/R/test/RcppEigen/include/Eigen/src/Core/ProductEvaluators.h:345:45:   [ skipping 11 instantiation contexts, use -ftemplate-backtrace-limit=0 to disable ]
/home/u12/darrenc/R/test/RcppEigen/include/Eigen/src/Core/AssignEvaluator.h:954:31:   required from ‘static void Eigen::internal::Assignment<DstXprType, SrcXprType, Functor, Eigen::internal::Dense2Dense, Weak>::run(DstXprType&, const SrcXprType&, const Functor&) [with DstXprType = Eigen::Matrix<double, -1, -1>; SrcXprType = Eigen::CwiseBinaryOp<Eigen::internal::scalar_quotient_op<double, double>, const Eigen::Product<Eigen::Transpose<const Eigen::Matrix<double, -1, -1> >, Eigen::Matrix<double, -1, -1>, 0>, const Eigen::CwiseNullaryOp<Eigen::internal::scalar_constant_op<double>, const Eigen::Matrix<double, -1, -1> > >; Functor = Eigen::internal::assign_op<double, double>; Weak = void]’
/home/u12/darrenc/R/test/RcppEigen/include/Eigen/src/Core/AssignEvaluator.h:890:49:   required from ‘void Eigen::internal::call_assignment_no_alias(Dst&, const Src&, const Func&) [with Dst = Eigen::Matrix<double, -1, -1>; Src = Eigen::CwiseBinaryOp<Eigen::internal::scalar_quotient_op<double, double>, const Eigen::Product<Eigen::Transpose<const Eigen::Matrix<double, -1, -1> >, Eigen::Matrix<double, -1, -1>, 0>, const Eigen::CwiseNullaryOp<Eigen::internal::scalar_constant_op<double>, const Eigen::Matrix<double, -1, -1> > >; Func = Eigen::internal::assign_op<double, double>]’
/home/u12/darrenc/R/test/RcppEigen/include/Eigen/src/Core/PlainObjectBase.h:797:41:   required from ‘Derived& Eigen::PlainObjectBase<Derived>::_set_noalias(const Eigen::DenseBase<OtherDerived>&) [with OtherDerived = Eigen::CwiseBinaryOp<Eigen::internal::scalar_quotient_op<double, double>, const Eigen::Product<Eigen::Transpose<const Eigen::Matrix<double, -1, -1> >, Eigen::Matrix<double, -1, -1>, 0>, const Eigen::CwiseNullaryOp<Eigen::internal::scalar_constant_op<double>, const Eigen::Matrix<double, -1, -1> > >; Derived = Eigen::Matrix<double, -1, -1>]’
/home/u12/darrenc/R/test/RcppEigen/include/Eigen/src/Core/PlainObjectBase.h:594:7:   required from ‘Eigen::PlainObjectBase<Derived>::PlainObjectBase(const Eigen::DenseBase<OtherDerived>&) [with OtherDerived = Eigen::CwiseBinaryOp<Eigen::internal::scalar_quotient_op<double, double>, const Eigen::Product<Eigen::Transpose<const Eigen::Matrix<double, -1, -1> >, Eigen::Matrix<double, -1, -1>, 0>, const Eigen::CwiseNullaryOp<Eigen::internal::scalar_constant_op<double>, const Eigen::Matrix<double, -1, -1> > >; Derived = Eigen::Matrix<double, -1, -1>]’
/home/u12/darrenc/R/test/RcppEigen/include/Eigen/src/Core/Matrix.h:423:29:   required from ‘Eigen::Matrix<_Scalar, _Rows, _Cols, _Options, _MaxRows, _MaxCols>::Matrix(const Eigen::EigenBase<OtherDerived>&) [with OtherDerived = Eigen::CwiseBinaryOp<Eigen::internal::scalar_quotient_op<double, double>, const Eigen::Product<Eigen::Transpose<const Eigen::Matrix<double, -1, -1> >, Eigen::Matrix<double, -1, -1>, 0>, const Eigen::CwiseNullaryOp<Eigen::internal::scalar_constant_op<double>, const Eigen::Matrix<double, -1, -1> > >; _Scalar = double; int _Rows = -1; int _Cols = -1; int _Options = 0; int _MaxRows = -1; int _MaxCols = -1]’
data_manipulation.cpp:231:70:   required from here
/home/u12/darrenc/R/test/RcppEigen/include/Eigen/src/Core/DenseCoeffsBase.h:56:30: warning: ignoring attributes on template argument ‘Eigen::internal::packet_traits<double>::type’ {aka ‘__vector(2) double’} [-Wignored-attributes]
/home/u12/darrenc/R/test/RcppEigen/include/Eigen/src/Core/DenseCoeffsBase.h: In instantiation of ‘class Eigen::DenseCoeffsBase<Eigen::Block<const Eigen::Transpose<const Eigen::Matrix<double, -1, -1> >, 1, -1, true>, 0>’:
/home/u12/darrenc/R/test/RcppEigen/include/Eigen/src/Core/DenseCoeffsBase.h:481:7:   required from ‘class Eigen::DenseCoeffsBase<Eigen::Block<const Eigen::Transpose<const Eigen::Matrix<double, -1, -1> >, 1, -1, true>, 2>’
/home/u12/darrenc/R/test/RcppEigen/include/Eigen/src/Core/DenseBase.h:41:34:   required from ‘class Eigen::DenseBase<Eigen::Block<const Eigen::Transpose<const Eigen::Matrix<double, -1, -1> >, 1, -1, true> >’
/home/u12/darrenc/R/test/RcppEigen/include/Eigen/src/Core/MatrixBase.h:48:34:   required from ‘class Eigen::MatrixBase<Eigen::Block<const Eigen::Transpose<const Eigen::Matrix<double, -1, -1> >, 1, -1, true> >’
/home/u12/darrenc/R/test/RcppEigen/include/Eigen/src/Core/MapBase.h:37:34:   required from ‘class Eigen::MapBase<Eigen::Block<const Eigen::Transpose<const Eigen::Matrix<double, -1, -1> >, 1, -1, true>, 0>’
/home/u12/darrenc/R/test/RcppEigen/include/Eigen/src/Core/Block.h:329:7:   required from ‘class Eigen::internal::BlockImpl_dense<const Eigen::Transpose<const Eigen::Matrix<double, -1, -1> >, 1, -1, true, true>’
/home/u12/darrenc/R/test/RcppEigen/include/Eigen/src/Core/Block.h:154:7:   [ skipping 14 instantiation contexts, use -ftemplate-backtrace-limit=0 to disable ]
/home/u12/darrenc/R/test/RcppEigen/include/Eigen/src/Core/AssignEvaluator.h:954:31:   required from ‘static void Eigen::internal::Assignment<DstXprType, SrcXprType, Functor, Eigen::internal::Dense2Dense, Weak>::run(DstXprType&, const SrcXprType&, const Functor&) [with DstXprType = Eigen::Matrix<double, -1, -1>; SrcXprType = Eigen::CwiseBinaryOp<Eigen::internal::scalar_quotient_op<double, double>, const Eigen::Product<Eigen::Transpose<const Eigen::Matrix<double, -1, -1> >, Eigen::Matrix<double, -1, -1>, 0>, const Eigen::CwiseNullaryOp<Eigen::internal::scalar_constant_op<double>, const Eigen::Matrix<double, -1, -1> > >; Functor = Eigen::internal::assign_op<double, double>; Weak = void]’
/home/u12/darrenc/R/test/RcppEigen/include/Eigen/src/Core/AssignEvaluator.h:890:49:   required from ‘void Eigen::internal::call_assignment_no_alias(Dst&, const Src&, const Func&) [with Dst = Eigen::Matrix<double, -1, -1>; Src = Eigen::CwiseBinaryOp<Eigen::internal::scalar_quotient_op<double, double>, const Eigen::Product<Eigen::Transpose<const Eigen::Matrix<double, -1, -1> >, Eigen::Matrix<double, -1, -1>, 0>, const Eigen::CwiseNullaryOp<Eigen::internal::scalar_constant_op<double>, const Eigen::Matrix<double, -1, -1> > >; Func = Eigen::internal::assign_op<double, double>]’
/home/u12/darrenc/R/test/RcppEigen/include/Eigen/src/Core/PlainObjectBase.h:797:41:   required from ‘Derived& Eigen::PlainObjectBase<Derived>::_set_noalias(const Eigen::DenseBase<OtherDerived>&) [with OtherDerived = Eigen::CwiseBinaryOp<Eigen::internal::scalar_quotient_op<double, double>, const Eigen::Product<Eigen::Transpose<const Eigen::Matrix<double, -1, -1> >, Eigen::Matrix<double, -1, -1>, 0>, const Eigen::CwiseNullaryOp<Eigen::internal::scalar_constant_op<double>, const Eigen::Matrix<double, -1, -1> > >; Derived = Eigen::Matrix<double, -1, -1>]’
/home/u12/darrenc/R/test/RcppEigen/include/Eigen/src/Core/PlainObjectBase.h:594:7:   required from ‘Eigen::PlainObjectBase<Derived>::PlainObjectBase(const Eigen::DenseBase<OtherDerived>&) [with OtherDerived = Eigen::CwiseBinaryOp<Eigen::internal::scalar_quotient_op<double, double>, const Eigen::Product<Eigen::Transpose<const Eigen::Matrix<double, -1, -1> >, Eigen::Matrix<double, -1, -1>, 0>, const Eigen::CwiseNullaryOp<Eigen::internal::scalar_constant_op<double>, const Eigen::Matrix<double, -1, -1> > >; Derived = Eigen::Matrix<double, -1, -1>]’
/home/u12/darrenc/R/test/RcppEigen/include/Eigen/src/Core/Matrix.h:423:29:   required from ‘Eigen::Matrix<_Scalar, _Rows, _Cols, _Options, _MaxRows, _MaxCols>::Matrix(const Eigen::EigenBase<OtherDerived>&) [with OtherDerived = Eigen::CwiseBinaryOp<Eigen::internal::scalar_quotient_op<double, double>, const Eigen::Product<Eigen::Transpose<const Eigen::Matrix<double, -1, -1> >, Eigen::Matrix<double, -1, -1>, 0>, const Eigen::CwiseNullaryOp<Eigen::internal::scalar_constant_op<double>, const Eigen::Matrix<double, -1, -1> > >; _Scalar = double; int _Rows = -1; int _Cols = -1; int _Options = 0; int _MaxRows = -1; int _MaxCols = -1]’
data_manipulation.cpp:231:70:   required from here
/home/u12/darrenc/R/test/RcppEigen/include/Eigen/src/Core/DenseCoeffsBase.h:56:30: warning: ignoring attributes on template argument ‘Eigen::internal::packet_traits<double>::type’ {aka ‘__vector(2) double’} [-Wignored-attributes]
In file included from /home/u12/darrenc/R/test/RcppEigen/include/Eigen/Core:277,
                 from /home/u12/darrenc/R/test/RcppEigen/include/Eigen/Dense:1,
                 from /home/u12/darrenc/R/test/RcppEigen/include/RcppEigenForward.h:28,
                 from /home/u12/darrenc/R/test/RcppEigen/include/RcppEigen.h:25,
                 from data_manipulation.cpp:1:
/home/u12/darrenc/R/test/RcppEigen/include/Eigen/src/Core/CoreEvaluators.h: In instantiation of ‘struct Eigen::internal::evaluator<Eigen::Block<const Eigen::Transpose<const Eigen::Matrix<double, -1, -1> >, 1, -1, true> >’:
/home/u12/darrenc/R/test/RcppEigen/include/Eigen/src/Core/CoreEvaluators.h:100:8:   required from ‘struct Eigen::internal::evaluator<const Eigen::Block<const Eigen::Transpose<const Eigen::Matrix<double, -1, -1> >, 1, -1, true> >’
/home/u12/darrenc/R/test/RcppEigen/include/Eigen/src/Core/util/XprHelper.h:372:102:   required from ‘struct Eigen::internal::plain_object_eval<const Eigen::Block<const Eigen::Transpose<const Eigen::Matrix<double, -1, -1> >, 1, -1, true>, Eigen::Dense>’
/home/u12/darrenc/R/test/RcppEigen/include/Eigen/src/Core/ProductEvaluators.h:369:45:   required from ‘struct Eigen::internal::generic_product_impl<const Eigen::Block<const Eigen::Transpose<const Eigen::Matrix<double, -1, -1> >, 1, -1, true>, Eigen::Matrix<double, -1, -1>, Eigen::DenseShape, Eigen::DenseShape, 7>’
/home/u12/darrenc/R/test/RcppEigen/include/Eigen/src/Core/products/GeneralMatrixMatrix.h:486:24:   required from ‘static void Eigen::internal::generic_product_impl<Lhs, Rhs, Eigen::DenseShape, Eigen::DenseShape, 8>::scaleAndAddTo(Dest&, const Lhs&, const Rhs&, const Scalar&) [with Dest = Eigen::Matrix<double, -1, -1>; Lhs = Eigen::Transpose<const Eigen::Matrix<double, -1, -1> >; Rhs = Eigen::Matrix<double, -1, -1>; Eigen::internal::generic_product_impl<Lhs, Rhs, Eigen::DenseShape, Eigen::DenseShape, 8>::Scalar = double]’
/home/u12/darrenc/R/test/RcppEigen/include/Eigen/src/Core/products/GeneralMatrixMatrix.h:445:20:   required from ‘static void Eigen::internal::generic_product_impl<Lhs, Rhs, Eigen::DenseShape, Eigen::DenseShape, 8>::evalTo(Dst&, const Lhs&, const Rhs&) [with Dst = Eigen::Matrix<double, -1, -1>; Lhs = Eigen::Transpose<const Eigen::Matrix<double, -1, -1> >; Rhs = Eigen::Matrix<double, -1, -1>]’
/home/u12/darrenc/R/test/RcppEigen/include/Eigen/src/Core/ProductEvaluators.h:124:75:   [ skipping 7 instantiation contexts, use -ftemplate-backtrace-limit=0 to disable ]
/home/u12/darrenc/R/test/RcppEigen/include/Eigen/src/Core/AssignEvaluator.h:954:31:   required from ‘static void Eigen::internal::Assignment<DstXprType, SrcXprType, Functor, Eigen::internal::Dense2Dense, Weak>::run(DstXprType&, const SrcXprType&, const Functor&) [with DstXprType = Eigen::Matrix<double, -1, -1>; SrcXprType = Eigen::CwiseBinaryOp<Eigen::internal::scalar_quotient_op<double, double>, const Eigen::Product<Eigen::Transpose<const Eigen::Matrix<double, -1, -1> >, Eigen::Matrix<double, -1, -1>, 0>, const Eigen::CwiseNullaryOp<Eigen::internal::scalar_constant_op<double>, const Eigen::Matrix<double, -1, -1> > >; Functor = Eigen::internal::assign_op<double, double>; Weak = void]’
/home/u12/darrenc/R/test/RcppEigen/include/Eigen/src/Core/AssignEvaluator.h:890:49:   required from ‘void Eigen::internal::call_assignment_no_alias(Dst&, const Src&, const Func&) [with Dst = Eigen::Matrix<double, -1, -1>; Src = Eigen::CwiseBinaryOp<Eigen::internal::scalar_quotient_op<double, double>, const Eigen::Product<Eigen::Transpose<const Eigen::Matrix<double, -1, -1> >, Eigen::Matrix<double, -1, -1>, 0>, const Eigen::CwiseNullaryOp<Eigen::internal::scalar_constant_op<double>, const Eigen::Matrix<double, -1, -1> > >; Func = Eigen::internal::assign_op<double, double>]’
/home/u12/darrenc/R/test/RcppEigen/include/Eigen/src/Core/PlainObjectBase.h:797:41:   required from ‘Derived& Eigen::PlainObjectBase<Derived>::_set_noalias(const Eigen::DenseBase<OtherDerived>&) [with OtherDerived = Eigen::CwiseBinaryOp<Eigen::internal::scalar_quotient_op<double, double>, const Eigen::Product<Eigen::Transpose<const Eigen::Matrix<double, -1, -1> >, Eigen::Matrix<double, -1, -1>, 0>, const Eigen::CwiseNullaryOp<Eigen::internal::scalar_constant_op<double>, const Eigen::Matrix<double, -1, -1> > >; Derived = Eigen::Matrix<double, -1, -1>]’
/home/u12/darrenc/R/test/RcppEigen/include/Eigen/src/Core/PlainObjectBase.h:594:7:   required from ‘Eigen::PlainObjectBase<Derived>::PlainObjectBase(const Eigen::DenseBase<OtherDerived>&) [with OtherDerived = Eigen::CwiseBinaryOp<Eigen::internal::scalar_quotient_op<double, double>, const Eigen::Product<Eigen::Transpose<const Eigen::Matrix<double, -1, -1> >, Eigen::Matrix<double, -1, -1>, 0>, const Eigen::CwiseNullaryOp<Eigen::internal::scalar_constant_op<double>, const Eigen::Matrix<double, -1, -1> > >; Derived = Eigen::Matrix<double, -1, -1>]’
/home/u12/darrenc/R/test/RcppEigen/include/Eigen/src/Core/Matrix.h:423:29:   required from ‘Eigen::Matrix<_Scalar, _Rows, _Cols, _Options, _MaxRows, _MaxCols>::Matrix(const Eigen::EigenBase<OtherDerived>&) [with OtherDerived = Eigen::CwiseBinaryOp<Eigen::internal::scalar_quotient_op<double, double>, const Eigen::Product<Eigen::Transpose<const Eigen::Matrix<double, -1, -1> >, Eigen::Matrix<double, -1, -1>, 0>, const Eigen::CwiseNullaryOp<Eigen::internal::scalar_constant_op<double>, const Eigen::Matrix<double, -1, -1> > >; _Scalar = double; int _Rows = -1; int _Cols = -1; int _Options = 0; int _MaxRows = -1; int _MaxCols = -1]’
data_manipulation.cpp:231:70:   required from here
/home/u12/darrenc/R/test/RcppEigen/include/Eigen/src/Core/CoreEvaluators.h:1042:8: warning: ignoring attributes on template argument ‘Eigen::internal::packet_traits<double>::type’ {aka ‘__vector(2) double’} [-Wignored-attributes]
   enum {
        ^
In file included from /home/u12/darrenc/R/test/RcppEigen/include/Eigen/Core:271,
                 from /home/u12/darrenc/R/test/RcppEigen/include/Eigen/Dense:1,
                 from /home/u12/darrenc/R/test/RcppEigen/include/RcppEigenForward.h:28,
                 from /home/u12/darrenc/R/test/RcppEigen/include/RcppEigen.h:25,
                 from data_manipulation.cpp:1:
/home/u12/darrenc/R/test/RcppEigen/include/Eigen/src/Core/DenseCoeffsBase.h: In instantiation of ‘class Eigen::DenseCoeffsBase<Eigen::Product<Eigen::Transpose<const Eigen::Matrix<double, -1, -1> >, Eigen::Matrix<double, -1, -1>, 1>, 0>’:
/home/u12/darrenc/R/test/RcppEigen/include/Eigen/src/Core/DenseBase.h:41:34:   required from ‘class Eigen::DenseBase<Eigen::Product<Eigen::Transpose<const Eigen::Matrix<double, -1, -1> >, Eigen::Matrix<double, -1, -1>, 1> >’
/home/u12/darrenc/R/test/RcppEigen/include/Eigen/src/Core/MatrixBase.h:48:34:   required from ‘class Eigen::MatrixBase<Eigen::Product<Eigen::Transpose<const Eigen::Matrix<double, -1, -1> >, Eigen::Matrix<double, -1, -1>, 1> >’
/home/u12/darrenc/R/test/RcppEigen/include/Eigen/src/Core/Product.h:120:7:   required from ‘class Eigen::internal::dense_product_base<Eigen::Transpose<const Eigen::Matrix<double, -1, -1> >, Eigen::Matrix<double, -1, -1>, 1, 8>’
/home/u12/darrenc/R/test/RcppEigen/include/Eigen/src/Core/Product.h:152:7:   required from ‘class Eigen::ProductImpl<Eigen::Transpose<const Eigen::Matrix<double, -1, -1> >, Eigen::Matrix<double, -1, -1>, 1, Eigen::Dense>’
/home/u12/darrenc/R/test/RcppEigen/include/Eigen/src/Core/Product.h:71:7:   required from ‘class Eigen::Product<Eigen::Transpose<const Eigen::Matrix<double, -1, -1> >, Eigen::Matrix<double, -1, -1>, 1>’
/home/u12/darrenc/R/test/RcppEigen/include/Eigen/src/Core/ProductEvaluators.h:462:47:   [ skipping 10 instantiation contexts, use -ftemplate-backtrace-limit=0 to disable ]
/home/u12/darrenc/R/test/RcppEigen/include/Eigen/src/Core/AssignEvaluator.h:954:31:   required from ‘static void Eigen::internal::Assignment<DstXprType, SrcXprType, Functor, Eigen::internal::Dense2Dense, Weak>::run(DstXprType&, const SrcXprType&, const Functor&) [with DstXprType = Eigen::Matrix<double, -1, -1>; SrcXprType = Eigen::CwiseBinaryOp<Eigen::internal::scalar_quotient_op<double, double>, const Eigen::Product<Eigen::Transpose<const Eigen::Matrix<double, -1, -1> >, Eigen::Matrix<double, -1, -1>, 0>, const Eigen::CwiseNullaryOp<Eigen::internal::scalar_constant_op<double>, const Eigen::Matrix<double, -1, -1> > >; Functor = Eigen::internal::assign_op<double, double>; Weak = void]’
/home/u12/darrenc/R/test/RcppEigen/include/Eigen/src/Core/AssignEvaluator.h:890:49:   required from ‘void Eigen::internal::call_assignment_no_alias(Dst&, const Src&, const Func&) [with Dst = Eigen::Matrix<double, -1, -1>; Src = Eigen::CwiseBinaryOp<Eigen::internal::scalar_quotient_op<double, double>, const Eigen::Product<Eigen::Transpose<const Eigen::Matrix<double, -1, -1> >, Eigen::Matrix<double, -1, -1>, 0>, const Eigen::CwiseNullaryOp<Eigen::internal::scalar_constant_op<double>, const Eigen::Matrix<double, -1, -1> > >; Func = Eigen::internal::assign_op<double, double>]’
/home/u12/darrenc/R/test/RcppEigen/include/Eigen/src/Core/PlainObjectBase.h:797:41:   required from ‘Derived& Eigen::PlainObjectBase<Derived>::_set_noalias(const Eigen::DenseBase<OtherDerived>&) [with OtherDerived = Eigen::CwiseBinaryOp<Eigen::internal::scalar_quotient_op<double, double>, const Eigen::Product<Eigen::Transpose<const Eigen::Matrix<double, -1, -1> >, Eigen::Matrix<double, -1, -1>, 0>, const Eigen::CwiseNullaryOp<Eigen::internal::scalar_constant_op<double>, const Eigen::Matrix<double, -1, -1> > >; Derived = Eigen::Matrix<double, -1, -1>]’
/home/u12/darrenc/R/test/RcppEigen/include/Eigen/src/Core/PlainObjectBase.h:594:7:   required from ‘Eigen::PlainObjectBase<Derived>::PlainObjectBase(const Eigen::DenseBase<OtherDerived>&) [with OtherDerived = Eigen::CwiseBinaryOp<Eigen::internal::scalar_quotient_op<double, double>, const Eigen::Product<Eigen::Transpose<const Eigen::Matrix<double, -1, -1> >, Eigen::Matrix<double, -1, -1>, 0>, const Eigen::CwiseNullaryOp<Eigen::internal::scalar_constant_op<double>, const Eigen::Matrix<double, -1, -1> > >; Derived = Eigen::Matrix<double, -1, -1>]’
/home/u12/darrenc/R/test/RcppEigen/include/Eigen/src/Core/Matrix.h:423:29:   required from ‘Eigen::Matrix<_Scalar, _Rows, _Cols, _Options, _MaxRows, _MaxCols>::Matrix(const Eigen::EigenBase<OtherDerived>&) [with OtherDerived = Eigen::CwiseBinaryOp<Eigen::internal::scalar_quotient_op<double, double>, const Eigen::Product<Eigen::Transpose<const Eigen::Matrix<double, -1, -1> >, Eigen::Matrix<double, -1, -1>, 0>, const Eigen::CwiseNullaryOp<Eigen::internal::scalar_constant_op<double>, const Eigen::Matrix<double, -1, -1> > >; _Scalar = double; int _Rows = -1; int _Cols = -1; int _Options = 0; int _MaxRows = -1; int _MaxCols = -1]’
data_manipulation.cpp:231:70:   required from here
/home/u12/darrenc/R/test/RcppEigen/include/Eigen/src/Core/DenseCoeffsBase.h:56:30: warning: ignoring attributes on template argument ‘Eigen::internal::packet_traits<double>::type’ {aka ‘__vector(2) double’} [-Wignored-attributes]
                      >::type PacketReturnType;
                              ^~~~~~~~~~~~~~~~
/home/u12/darrenc/R/test/RcppEigen/include/Eigen/src/Core/DenseCoeffsBase.h: In instantiation of ‘class Eigen::DenseCoeffsBase<Eigen::CwiseNullaryOp<Eigen::internal::scalar_constant_op<double>, Eigen::Matrix<double, -1, -1> >, 0>’:
/home/u12/darrenc/R/test/RcppEigen/include/Eigen/src/Core/DenseBase.h:41:34:   required from ‘class Eigen::DenseBase<Eigen::CwiseNullaryOp<Eigen::internal::scalar_constant_op<double>, Eigen::Matrix<double, -1, -1> > >’
/home/u12/darrenc/R/test/RcppEigen/include/Eigen/src/Core/MatrixBase.h:48:34:   required from ‘class Eigen::MatrixBase<Eigen::CwiseNullaryOp<Eigen::internal::scalar_constant_op<double>, Eigen::Matrix<double, -1, -1> > >’
/home/u12/darrenc/R/test/RcppEigen/include/Eigen/src/Core/CwiseNullaryOp.h:60:7:   required from ‘class Eigen::CwiseNullaryOp<Eigen::internal::scalar_constant_op<double>, Eigen::Matrix<double, -1, -1> >’
/home/u12/darrenc/R/test/RcppEigen/include/Eigen/src/Core/CwiseNullaryOp.h:347:30:   required from ‘Derived& Eigen::DenseBase<Derived>::setConstant(const Scalar&) [with Derived = Eigen::Matrix<double, -1, -1>; Eigen::DenseBase<Derived>::Scalar = double]’
/home/u12/darrenc/R/test/RcppEigen/include/Eigen/src/Core/CwiseNullaryOp.h:548:10:   required from ‘Derived& Eigen::DenseBase<Derived>::setZero() [with Derived = Eigen::Matrix<double, -1, -1>]’
/home/u12/darrenc/R/test/RcppEigen/include/Eigen/src/Core/products/GeneralMatrixMatrix.h:444:7:   [ skipping 8 instantiation contexts, use -ftemplate-backtrace-limit=0 to disable ]
/home/u12/darrenc/R/test/RcppEigen/include/Eigen/src/Core/AssignEvaluator.h:954:31:   required from ‘static void Eigen::internal::Assignment<DstXprType, SrcXprType, Functor, Eigen::internal::Dense2Dense, Weak>::run(DstXprType&, const SrcXprType&, const Functor&) [with DstXprType = Eigen::Matrix<double, -1, -1>; SrcXprType = Eigen::CwiseBinaryOp<Eigen::internal::scalar_quotient_op<double, double>, const Eigen::Product<Eigen::Transpose<const Eigen::Matrix<double, -1, -1> >, Eigen::Matrix<double, -1, -1>, 0>, const Eigen::CwiseNullaryOp<Eigen::internal::scalar_constant_op<double>, const Eigen::Matrix<double, -1, -1> > >; Functor = Eigen::internal::assign_op<double, double>; Weak = void]’
/home/u12/darrenc/R/test/RcppEigen/include/Eigen/src/Core/AssignEvaluator.h:890:49:   required from ‘void Eigen::internal::call_assignment_no_alias(Dst&, const Src&, const Func&) [with Dst = Eigen::Matrix<double, -1, -1>; Src = Eigen::CwiseBinaryOp<Eigen::internal::scalar_quotient_op<double, double>, const Eigen::Product<Eigen::Transpose<const Eigen::Matrix<double, -1, -1> >, Eigen::Matrix<double, -1, -1>, 0>, const Eigen::CwiseNullaryOp<Eigen::internal::scalar_constant_op<double>, const Eigen::Matrix<double, -1, -1> > >; Func = Eigen::internal::assign_op<double, double>]’
/home/u12/darrenc/R/test/RcppEigen/include/Eigen/src/Core/PlainObjectBase.h:797:41:   required from ‘Derived& Eigen::PlainObjectBase<Derived>::_set_noalias(const Eigen::DenseBase<OtherDerived>&) [with OtherDerived = Eigen::CwiseBinaryOp<Eigen::internal::scalar_quotient_op<double, double>, const Eigen::Product<Eigen::Transpose<const Eigen::Matrix<double, -1, -1> >, Eigen::Matrix<double, -1, -1>, 0>, const Eigen::CwiseNullaryOp<Eigen::internal::scalar_constant_op<double>, const Eigen::Matrix<double, -1, -1> > >; Derived = Eigen::Matrix<double, -1, -1>]’
/home/u12/darrenc/R/test/RcppEigen/include/Eigen/src/Core/PlainObjectBase.h:594:7:   required from ‘Eigen::PlainObjectBase<Derived>::PlainObjectBase(const Eigen::DenseBase<OtherDerived>&) [with OtherDerived = Eigen::CwiseBinaryOp<Eigen::internal::scalar_quotient_op<double, double>, const Eigen::Product<Eigen::Transpose<const Eigen::Matrix<double, -1, -1> >, Eigen::Matrix<double, -1, -1>, 0>, const Eigen::CwiseNullaryOp<Eigen::internal::scalar_constant_op<double>, const Eigen::Matrix<double, -1, -1> > >; Derived = Eigen::Matrix<double, -1, -1>]’
/home/u12/darrenc/R/test/RcppEigen/include/Eigen/src/Core/Matrix.h:423:29:   required from ‘Eigen::Matrix<_Scalar, _Rows, _Cols, _Options, _MaxRows, _MaxCols>::Matrix(const Eigen::EigenBase<OtherDerived>&) [with OtherDerived = Eigen::CwiseBinaryOp<Eigen::internal::scalar_quotient_op<double, double>, const Eigen::Product<Eigen::Transpose<const Eigen::Matrix<double, -1, -1> >, Eigen::Matrix<double, -1, -1>, 0>, const Eigen::CwiseNullaryOp<Eigen::internal::scalar_constant_op<double>, const Eigen::Matrix<double, -1, -1> > >; _Scalar = double; int _Rows = -1; int _Cols = -1; int _Options = 0; int _MaxRows = -1; int _MaxCols = -1]’
data_manipulation.cpp:231:70:   required from here
/home/u12/darrenc/R/test/RcppEigen/include/Eigen/src/Core/DenseCoeffsBase.h:56:30: warning: ignoring attributes on template argument ‘Eigen::internal::packet_traits<double>::type’ {aka ‘__vector(2) double’} [-Wignored-attributes]
/home/u12/darrenc/R/test/RcppEigen/include/Eigen/src/Core/DenseCoeffsBase.h: In instantiation of ‘class Eigen::DenseCoeffsBase<Eigen::Block<const Eigen::Block<const Eigen::Matrix<double, -1, -1>, -1, 1, true>, -1, 1, true>, 0>’:
/home/u12/darrenc/R/test/RcppEigen/include/Eigen/src/Core/DenseCoeffsBase.h:481:7:   required from ‘class Eigen::DenseCoeffsBase<Eigen::Block<const Eigen::Block<const Eigen::Matrix<double, -1, -1>, -1, 1, true>, -1, 1, true>, 2>’
/home/u12/darrenc/R/test/RcppEigen/include/Eigen/src/Core/DenseBase.h:41:34:   required from ‘class Eigen::DenseBase<Eigen::Block<const Eigen::Block<const Eigen::Matrix<double, -1, -1>, -1, 1, true>, -1, 1, true> >’
/home/u12/darrenc/R/test/RcppEigen/include/Eigen/src/Core/MatrixBase.h:48:34:   required from ‘class Eigen::MatrixBase<Eigen::Block<const Eigen::Block<const Eigen::Matrix<double, -1, -1>, -1, 1, true>, -1, 1, true> >’
/home/u12/darrenc/R/test/RcppEigen/include/Eigen/src/Core/MapBase.h:37:34:   required from ‘class Eigen::MapBase<Eigen::Block<const Eigen::Block<const Eigen::Matrix<double, -1, -1>, -1, 1, true>, -1, 1, true>, 0>’
/home/u12/darrenc/R/test/RcppEigen/include/Eigen/src/Core/Block.h:329:7:   required from ‘class Eigen::internal::BlockImpl_dense<const Eigen::Block<const Eigen::Matrix<double, -1, -1>, -1, 1, true>, -1, 1, true, true>’
/home/u12/darrenc/R/test/RcppEigen/include/Eigen/src/Core/Block.h:154:7:   [ skipping 12 instantiation contexts, use -ftemplate-backtrace-limit=0 to disable ]
/home/u12/darrenc/R/test/RcppEigen/include/Eigen/src/Core/AssignEvaluator.h:954:31:   required from ‘static void Eigen::internal::Assignment<DstXprType, SrcXprType, Functor, Eigen::internal::Dense2Dense, Weak>::run(DstXprType&, const SrcXprType&, const Functor&) [with DstXprType = Eigen::Matrix<double, -1, -1>; SrcXprType = Eigen::CwiseBinaryOp<Eigen::internal::scalar_quotient_op<double, double>, const Eigen::Product<Eigen::Transpose<const Eigen::Matrix<double, -1, -1> >, Eigen::Matrix<double, -1, -1>, 0>, const Eigen::CwiseNullaryOp<Eigen::internal::scalar_constant_op<double>, const Eigen::Matrix<double, -1, -1> > >; Functor = Eigen::internal::assign_op<double, double>; Weak = void]’
/home/u12/darrenc/R/test/RcppEigen/include/Eigen/src/Core/AssignEvaluator.h:890:49:   required from ‘void Eigen::internal::call_assignment_no_alias(Dst&, const Src&, const Func&) [with Dst = Eigen::Matrix<double, -1, -1>; Src = Eigen::CwiseBinaryOp<Eigen::internal::scalar_quotient_op<double, double>, const Eigen::Product<Eigen::Transpose<const Eigen::Matrix<double, -1, -1> >, Eigen::Matrix<double, -1, -1>, 0>, const Eigen::CwiseNullaryOp<Eigen::internal::scalar_constant_op<double>, const Eigen::Matrix<double, -1, -1> > >; Func = Eigen::internal::assign_op<double, double>]’
/home/u12/darrenc/R/test/RcppEigen/include/Eigen/src/Core/PlainObjectBase.h:797:41:   required from ‘Derived& Eigen::PlainObjectBase<Derived>::_set_noalias(const Eigen::DenseBase<OtherDerived>&) [with OtherDerived = Eigen::CwiseBinaryOp<Eigen::internal::scalar_quotient_op<double, double>, const Eigen::Product<Eigen::Transpose<const Eigen::Matrix<double, -1, -1> >, Eigen::Matrix<double, -1, -1>, 0>, const Eigen::CwiseNullaryOp<Eigen::internal::scalar_constant_op<double>, const Eigen::Matrix<double, -1, -1> > >; Derived = Eigen::Matrix<double, -1, -1>]’
/home/u12/darrenc/R/test/RcppEigen/include/Eigen/src/Core/PlainObjectBase.h:594:7:   required from ‘Eigen::PlainObjectBase<Derived>::PlainObjectBase(const Eigen::DenseBase<OtherDerived>&) [with OtherDerived = Eigen::CwiseBinaryOp<Eigen::internal::scalar_quotient_op<double, double>, const Eigen::Product<Eigen::Transpose<const Eigen::Matrix<double, -1, -1> >, Eigen::Matrix<double, -1, -1>, 0>, const Eigen::CwiseNullaryOp<Eigen::internal::scalar_constant_op<double>, const Eigen::Matrix<double, -1, -1> > >; Derived = Eigen::Matrix<double, -1, -1>]’
/home/u12/darrenc/R/test/RcppEigen/include/Eigen/src/Core/Matrix.h:423:29:   required from ‘Eigen::Matrix<_Scalar, _Rows, _Cols, _Options, _MaxRows, _MaxCols>::Matrix(const Eigen::EigenBase<OtherDerived>&) [with OtherDerived = Eigen::CwiseBinaryOp<Eigen::internal::scalar_quotient_op<double, double>, const Eigen::Product<Eigen::Transpose<const Eigen::Matrix<double, -1, -1> >, Eigen::Matrix<double, -1, -1>, 0>, const Eigen::CwiseNullaryOp<Eigen::internal::scalar_constant_op<double>, const Eigen::Matrix<double, -1, -1> > >; _Scalar = double; int _Rows = -1; int _Cols = -1; int _Options = 0; int _MaxRows = -1; int _MaxCols = -1]’
data_manipulation.cpp:231:70:   required from here
/home/u12/darrenc/R/test/RcppEigen/include/Eigen/src/Core/DenseCoeffsBase.h:56:30: warning: ignoring attributes on template argument ‘Eigen::internal::packet_traits<double>::type’ {aka ‘__vector(2) double’} [-Wignored-attributes]
/home/u12/darrenc/R/test/RcppEigen/include/Eigen/src/Core/DenseCoeffsBase.h: In instantiation of ‘class Eigen::DenseCoeffsBase<Eigen::Block<const Eigen::Block<const Eigen::Transpose<const Eigen::Matrix<double, -1, -1> >, 1, -1, true>, 1, -1, true>, 0>’:
/home/u12/darrenc/R/test/RcppEigen/include/Eigen/src/Core/DenseCoeffsBase.h:481:7:   required from ‘class Eigen::DenseCoeffsBase<Eigen::Block<const Eigen::Block<const Eigen::Transpose<const Eigen::Matrix<double, -1, -1> >, 1, -1, true>, 1, -1, true>, 2>’
/home/u12/darrenc/R/test/RcppEigen/include/Eigen/src/Core/DenseBase.h:41:34:   required from ‘class Eigen::DenseBase<Eigen::Block<const Eigen::Block<const Eigen::Transpose<const Eigen::Matrix<double, -1, -1> >, 1, -1, true>, 1, -1, true> >’
/home/u12/darrenc/R/test/RcppEigen/include/Eigen/src/Core/MatrixBase.h:48:34:   required from ‘class Eigen::MatrixBase<Eigen::Block<const Eigen::Block<const Eigen::Transpose<const Eigen::Matrix<double, -1, -1> >, 1, -1, true>, 1, -1, true> >’
/home/u12/darrenc/R/test/RcppEigen/include/Eigen/src/Core/MapBase.h:37:34:   required from ‘class Eigen::MapBase<Eigen::Block<const Eigen::Block<const Eigen::Transpose<const Eigen::Matrix<double, -1, -1> >, 1, -1, true>, 1, -1, true>, 0>’
/home/u12/darrenc/R/test/RcppEigen/include/Eigen/src/Core/Block.h:329:7:   required from ‘class Eigen::internal::BlockImpl_dense<const Eigen::Block<const Eigen::Transpose<const Eigen::Matrix<double, -1, -1> >, 1, -1, true>, 1, -1, true, true>’
/home/u12/darrenc/R/test/RcppEigen/include/Eigen/src/Core/Block.h:154:7:   [ skipping 12 instantiation contexts, use -ftemplate-backtrace-limit=0 to disable ]
/home/u12/darrenc/R/test/RcppEigen/include/Eigen/src/Core/AssignEvaluator.h:954:31:   required from ‘static void Eigen::internal::Assignment<DstXprType, SrcXprType, Functor, Eigen::internal::Dense2Dense, Weak>::run(DstXprType&, const SrcXprType&, const Functor&) [with DstXprType = Eigen::Matrix<double, -1, -1>; SrcXprType = Eigen::CwiseBinaryOp<Eigen::internal::scalar_quotient_op<double, double>, const Eigen::Product<Eigen::Transpose<const Eigen::Matrix<double, -1, -1> >, Eigen::Matrix<double, -1, -1>, 0>, const Eigen::CwiseNullaryOp<Eigen::internal::scalar_constant_op<double>, const Eigen::Matrix<double, -1, -1> > >; Functor = Eigen::internal::assign_op<double, double>; Weak = void]’
/home/u12/darrenc/R/test/RcppEigen/include/Eigen/src/Core/AssignEvaluator.h:890:49:   required from ‘void Eigen::internal::call_assignment_no_alias(Dst&, const Src&, const Func&) [with Dst = Eigen::Matrix<double, -1, -1>; Src = Eigen::CwiseBinaryOp<Eigen::internal::scalar_quotient_op<double, double>, const Eigen::Product<Eigen::Transpose<const Eigen::Matrix<double, -1, -1> >, Eigen::Matrix<double, -1, -1>, 0>, const Eigen::CwiseNullaryOp<Eigen::internal::scalar_constant_op<double>, const Eigen::Matrix<double, -1, -1> > >; Func = Eigen::internal::assign_op<double, double>]’
/home/u12/darrenc/R/test/RcppEigen/include/Eigen/src/Core/PlainObjectBase.h:797:41:   required from ‘Derived& Eigen::PlainObjectBase<Derived>::_set_noalias(const Eigen::DenseBase<OtherDerived>&) [with OtherDerived = Eigen::CwiseBinaryOp<Eigen::internal::scalar_quotient_op<double, double>, const Eigen::Product<Eigen::Transpose<const Eigen::Matrix<double, -1, -1> >, Eigen::Matrix<double, -1, -1>, 0>, const Eigen::CwiseNullaryOp<Eigen::internal::scalar_constant_op<double>, const Eigen::Matrix<double, -1, -1> > >; Derived = Eigen::Matrix<double, -1, -1>]’
/home/u12/darrenc/R/test/RcppEigen/include/Eigen/src/Core/PlainObjectBase.h:594:7:   required from ‘Eigen::PlainObjectBase<Derived>::PlainObjectBase(const Eigen::DenseBase<OtherDerived>&) [with OtherDerived = Eigen::CwiseBinaryOp<Eigen::internal::scalar_quotient_op<double, double>, const Eigen::Product<Eigen::Transpose<const Eigen::Matrix<double, -1, -1> >, Eigen::Matrix<double, -1, -1>, 0>, const Eigen::CwiseNullaryOp<Eigen::internal::scalar_constant_op<double>, const Eigen::Matrix<double, -1, -1> > >; Derived = Eigen::Matrix<double, -1, -1>]’
/home/u12/darrenc/R/test/RcppEigen/include/Eigen/src/Core/Matrix.h:423:29:   required from ‘Eigen::Matrix<_Scalar, _Rows, _Cols, _Options, _MaxRows, _MaxCols>::Matrix(const Eigen::EigenBase<OtherDerived>&) [with OtherDerived = Eigen::CwiseBinaryOp<Eigen::internal::scalar_quotient_op<double, double>, const Eigen::Product<Eigen::Transpose<const Eigen::Matrix<double, -1, -1> >, Eigen::Matrix<double, -1, -1>, 0>, const Eigen::CwiseNullaryOp<Eigen::internal::scalar_constant_op<double>, const Eigen::Matrix<double, -1, -1> > >; _Scalar = double; int _Rows = -1; int _Cols = -1; int _Options = 0; int _MaxRows = -1; int _MaxCols = -1]’
data_manipulation.cpp:231:70:   required from here
/home/u12/darrenc/R/test/RcppEigen/include/Eigen/src/Core/DenseCoeffsBase.h:56:30: warning: ignoring attributes on template argument ‘Eigen::internal::packet_traits<double>::type’ {aka ‘__vector(2) double’} [-Wignored-attributes]
/home/u12/darrenc/R/test/RcppEigen/include/Eigen/src/Core/DenseCoeffsBase.h: In instantiation of ‘class Eigen::DenseCoeffsBase<Eigen::Map<Eigen::Matrix<double, -1, 1>, 0, Eigen::Stride<0, 0> >, 0>’:
/home/u12/darrenc/R/test/RcppEigen/include/Eigen/src/Core/DenseCoeffsBase.h:302:7:   required from ‘class Eigen::DenseCoeffsBase<Eigen::Map<Eigen::Matrix<double, -1, 1>, 0, Eigen::Stride<0, 0> >, 1>’
/home/u12/darrenc/R/test/RcppEigen/include/Eigen/src/Core/DenseCoeffsBase.h:555:7:   required from ‘class Eigen::DenseCoeffsBase<Eigen::Map<Eigen::Matrix<double, -1, 1>, 0, Eigen::Stride<0, 0> >, 3>’
/home/u12/darrenc/R/test/RcppEigen/include/Eigen/src/Core/DenseBase.h:41:34:   required from ‘class Eigen::DenseBase<Eigen::Map<Eigen::Matrix<double, -1, 1>, 0, Eigen::Stride<0, 0> > >’
/home/u12/darrenc/R/test/RcppEigen/include/Eigen/src/Core/MatrixBase.h:48:34:   required from ‘class Eigen::MatrixBase<Eigen::Map<Eigen::Matrix<double, -1, 1>, 0, Eigen::Stride<0, 0> > >’
/home/u12/darrenc/R/test/RcppEigen/include/Eigen/src/Core/MapBase.h:37:34:   required from ‘class Eigen::MapBase<Eigen::Map<Eigen::Matrix<double, -1, 1>, 0, Eigen::Stride<0, 0> >, 0>’
/home/u12/darrenc/R/test/RcppEigen/include/Eigen/src/Core/MapBase.h:223:34:   [ skipping 13 instantiation contexts, use -ftemplate-backtrace-limit=0 to disable ]
/home/u12/darrenc/R/test/RcppEigen/include/Eigen/src/Core/AssignEvaluator.h:954:31:   required from ‘static void Eigen::internal::Assignment<DstXprType, SrcXprType, Functor, Eigen::internal::Dense2Dense, Weak>::run(DstXprType&, const SrcXprType&, const Functor&) [with DstXprType = Eigen::Matrix<double, -1, -1>; SrcXprType = Eigen::CwiseBinaryOp<Eigen::internal::scalar_quotient_op<double, double>, const Eigen::Product<Eigen::Transpose<const Eigen::Matrix<double, -1, -1> >, Eigen::Matrix<double, -1, -1>, 0>, const Eigen::CwiseNullaryOp<Eigen::internal::scalar_constant_op<double>, const Eigen::Matrix<double, -1, -1> > >; Functor = Eigen::internal::assign_op<double, double>; Weak = void]’
/home/u12/darrenc/R/test/RcppEigen/include/Eigen/src/Core/AssignEvaluator.h:890:49:   required from ‘void Eigen::internal::call_assignment_no_alias(Dst&, const Src&, const Func&) [with Dst = Eigen::Matrix<double, -1, -1>; Src = Eigen::CwiseBinaryOp<Eigen::internal::scalar_quotient_op<double, double>, const Eigen::Product<Eigen::Transpose<const Eigen::Matrix<double, -1, -1> >, Eigen::Matrix<double, -1, -1>, 0>, const Eigen::CwiseNullaryOp<Eigen::internal::scalar_constant_op<double>, const Eigen::Matrix<double, -1, -1> > >; Func = Eigen::internal::assign_op<double, double>]’
/home/u12/darrenc/R/test/RcppEigen/include/Eigen/src/Core/PlainObjectBase.h:797:41:   required from ‘Derived& Eigen::PlainObjectBase<Derived>::_set_noalias(const Eigen::DenseBase<OtherDerived>&) [with OtherDerived = Eigen::CwiseBinaryOp<Eigen::internal::scalar_quotient_op<double, double>, const Eigen::Product<Eigen::Transpose<const Eigen::Matrix<double, -1, -1> >, Eigen::Matrix<double, -1, -1>, 0>, const Eigen::CwiseNullaryOp<Eigen::internal::scalar_constant_op<double>, const Eigen::Matrix<double, -1, -1> > >; Derived = Eigen::Matrix<double, -1, -1>]’
/home/u12/darrenc/R/test/RcppEigen/include/Eigen/src/Core/PlainObjectBase.h:594:7:   required from ‘Eigen::PlainObjectBase<Derived>::PlainObjectBase(const Eigen::DenseBase<OtherDerived>&) [with OtherDerived = Eigen::CwiseBinaryOp<Eigen::internal::scalar_quotient_op<double, double>, const Eigen::Product<Eigen::Transpose<const Eigen::Matrix<double, -1, -1> >, Eigen::Matrix<double, -1, -1>, 0>, const Eigen::CwiseNullaryOp<Eigen::internal::scalar_constant_op<double>, const Eigen::Matrix<double, -1, -1> > >; Derived = Eigen::Matrix<double, -1, -1>]’
/home/u12/darrenc/R/test/RcppEigen/include/Eigen/src/Core/Matrix.h:423:29:   required from ‘Eigen::Matrix<_Scalar, _Rows, _Cols, _Options, _MaxRows, _MaxCols>::Matrix(const Eigen::EigenBase<OtherDerived>&) [with OtherDerived = Eigen::CwiseBinaryOp<Eigen::internal::scalar_quotient_op<double, double>, const Eigen::Product<Eigen::Transpose<const Eigen::Matrix<double, -1, -1> >, Eigen::Matrix<double, -1, -1>, 0>, const Eigen::CwiseNullaryOp<Eigen::internal::scalar_constant_op<double>, const Eigen::Matrix<double, -1, -1> > >; _Scalar = double; int _Rows = -1; int _Cols = -1; int _Options = 0; int _MaxRows = -1; int _MaxCols = -1]’
data_manipulation.cpp:231:70:   required from here
/home/u12/darrenc/R/test/RcppEigen/include/Eigen/src/Core/DenseCoeffsBase.h:56:30: warning: ignoring attributes on template argument ‘Eigen::internal::packet_traits<double>::type’ {aka ‘__vector(2) double’} [-Wignored-attributes]
In file included from /home/u12/darrenc/R/test/RcppEigen/include/Eigen/Core:333,
                 from /home/u12/darrenc/R/test/RcppEigen/include/Eigen/Dense:1,
                 from /home/u12/darrenc/R/test/RcppEigen/include/RcppEigenForward.h:28,
                 from /home/u12/darrenc/R/test/RcppEigen/include/RcppEigen.h:25,
                 from data_manipulation.cpp:1:
/home/u12/darrenc/R/test/RcppEigen/include/Eigen/src/Core/products/GeneralMatrixVector.h: In instantiation of ‘class Eigen::internal::gemv_traits<double, double, 0>’:
/home/u12/darrenc/R/test/RcppEigen/include/Eigen/src/Core/products/GeneralMatrixVector.h:306:38:   required from ‘struct Eigen::internal::general_matrix_vector_product<long int, double, Eigen::internal::const_blas_data_mapper<double, long int, 1>, 1, false, double, Eigen::internal::const_blas_data_mapper<double, long int, 0>, false, 0>’
/home/u12/darrenc/R/test/RcppEigen/include/Eigen/src/Core/GeneralProduct.h:347:132:   required from ‘static void Eigen::internal::gemv_dense_selector<2, 1, true>::run(const Lhs&, const Rhs&, Dest&, const typename Dest::Scalar&) [with Lhs = Eigen::Transpose<const Eigen::Matrix<double, -1, -1> >; Rhs = Eigen::Block<const Eigen::Matrix<double, -1, -1>, -1, 1, true>; Dest = Eigen::Block<Eigen::Matrix<double, -1, -1>, -1, 1, true>; typename Dest::Scalar = double]’
/home/u12/darrenc/R/test/RcppEigen/include/Eigen/src/Core/ProductEvaluators.h:388:34:   required from ‘static void Eigen::internal::generic_product_impl<Lhs, Rhs, Eigen::DenseShape, Eigen::DenseShape, 7>::scaleAndAddTo(Dest&, const Lhs&, const Rhs&, const Scalar&) [with Dest = Eigen::Block<Eigen::Matrix<double, -1, -1>, -1, 1, true>; Lhs = Eigen::Transpose<const Eigen::Matrix<double, -1, -1> >; Rhs = const Eigen::Block<const Eigen::Matrix<double, -1, -1>, -1, 1, true>; Eigen::internal::generic_product_impl<Lhs, Rhs, Eigen::DenseShape, Eigen::DenseShape, 7>::Scalar = double]’
/home/u12/darrenc/R/test/RcppEigen/include/Eigen/src/Core/products/GeneralMatrixMatrix.h:479:24:   required from ‘static void Eigen::internal::generic_product_impl<Lhs, Rhs, Eigen::DenseShape, Eigen::DenseShape, 8>::scaleAndAddTo(Dest&, const Lhs&, const Rhs&, const Scalar&) [with Dest = Eigen::Matrix<double, -1, -1>; Lhs = Eigen::Transpose<const Eigen::Matrix<double, -1, -1> >; Rhs = Eigen::Matrix<double, -1, -1>; Eigen::internal::generic_product_impl<Lhs, Rhs, Eigen::DenseShape, Eigen::DenseShape, 8>::Scalar = double]’
/home/u12/darrenc/R/test/RcppEigen/include/Eigen/src/Core/products/GeneralMatrixMatrix.h:445:20:   required from ‘static void Eigen::internal::generic_product_impl<Lhs, Rhs, Eigen::DenseShape, Eigen::DenseShape, 8>::evalTo(Dst&, const Lhs&, const Rhs&) [with Dst = Eigen::Matrix<double, -1, -1>; Lhs = Eigen::Transpose<const Eigen::Matrix<double, -1, -1> >; Rhs = Eigen::Matrix<double, -1, -1>]’
/home/u12/darrenc/R/test/RcppEigen/include/Eigen/src/Core/ProductEvaluators.h:124:75:   [ skipping 7 instantiation contexts, use -ftemplate-backtrace-limit=0 to disable ]
/home/u12/darrenc/R/test/RcppEigen/include/Eigen/src/Core/AssignEvaluator.h:954:31:   required from ‘static void Eigen::internal::Assignment<DstXprType, SrcXprType, Functor, Eigen::internal::Dense2Dense, Weak>::run(DstXprType&, const SrcXprType&, const Functor&) [with DstXprType = Eigen::Matrix<double, -1, -1>; SrcXprType = Eigen::CwiseBinaryOp<Eigen::internal::scalar_quotient_op<double, double>, const Eigen::Product<Eigen::Transpose<const Eigen::Matrix<double, -1, -1> >, Eigen::Matrix<double, -1, -1>, 0>, const Eigen::CwiseNullaryOp<Eigen::internal::scalar_constant_op<double>, const Eigen::Matrix<double, -1, -1> > >; Functor = Eigen::internal::assign_op<double, double>; Weak = void]’
/home/u12/darrenc/R/test/RcppEigen/include/Eigen/src/Core/AssignEvaluator.h:890:49:   required from ‘void Eigen::internal::call_assignment_no_alias(Dst&, const Src&, const Func&) [with Dst = Eigen::Matrix<double, -1, -1>; Src = Eigen::CwiseBinaryOp<Eigen::internal::scalar_quotient_op<double, double>, const Eigen::Product<Eigen::Transpose<const Eigen::Matrix<double, -1, -1> >, Eigen::Matrix<double, -1, -1>, 0>, const Eigen::CwiseNullaryOp<Eigen::internal::scalar_constant_op<double>, const Eigen::Matrix<double, -1, -1> > >; Func = Eigen::internal::assign_op<double, double>]’
/home/u12/darrenc/R/test/RcppEigen/include/Eigen/src/Core/PlainObjectBase.h:797:41:   required from ‘Derived& Eigen::PlainObjectBase<Derived>::_set_noalias(const Eigen::DenseBase<OtherDerived>&) [with OtherDerived = Eigen::CwiseBinaryOp<Eigen::internal::scalar_quotient_op<double, double>, const Eigen::Product<Eigen::Transpose<const Eigen::Matrix<double, -1, -1> >, Eigen::Matrix<double, -1, -1>, 0>, const Eigen::CwiseNullaryOp<Eigen::internal::scalar_constant_op<double>, const Eigen::Matrix<double, -1, -1> > >; Derived = Eigen::Matrix<double, -1, -1>]’
/home/u12/darrenc/R/test/RcppEigen/include/Eigen/src/Core/PlainObjectBase.h:594:7:   required from ‘Eigen::PlainObjectBase<Derived>::PlainObjectBase(const Eigen::DenseBase<OtherDerived>&) [with OtherDerived = Eigen::CwiseBinaryOp<Eigen::internal::scalar_quotient_op<double, double>, const Eigen::Product<Eigen::Transpose<const Eigen::Matrix<double, -1, -1> >, Eigen::Matrix<double, -1, -1>, 0>, const Eigen::CwiseNullaryOp<Eigen::internal::scalar_constant_op<double>, const Eigen::Matrix<double, -1, -1> > >; Derived = Eigen::Matrix<double, -1, -1>]’
/home/u12/darrenc/R/test/RcppEigen/include/Eigen/src/Core/Matrix.h:423:29:   required from ‘Eigen::Matrix<_Scalar, _Rows, _Cols, _Options, _MaxRows, _MaxCols>::Matrix(const Eigen::EigenBase<OtherDerived>&) [with OtherDerived = Eigen::CwiseBinaryOp<Eigen::internal::scalar_quotient_op<double, double>, const Eigen::Product<Eigen::Transpose<const Eigen::Matrix<double, -1, -1> >, Eigen::Matrix<double, -1, -1>, 0>, const Eigen::CwiseNullaryOp<Eigen::internal::scalar_constant_op<double>, const Eigen::Matrix<double, -1, -1> > >; _Scalar = double; int _Rows = -1; int _Cols = -1; int _Options = 0; int _MaxRows = -1; int _MaxCols = -1]’
data_manipulation.cpp:231:70:   required from here
/home/u12/darrenc/R/test/RcppEigen/include/Eigen/src/Core/products/GeneralMatrixVector.h:44:27: warning: ignoring attributes on template argument ‘Eigen::internal::packet_traits<double>::half’ {aka ‘__vector(2) double’} [-Wignored-attributes]
   PACKET_DECL_COND_PREFIX(_, Lhs, _PacketSize);
                           ^
/home/u12/darrenc/R/test/RcppEigen/include/Eigen/src/Core/products/GeneralMatrixVector.h:42:3: note: in definition of macro ‘PACKET_DECL_COND_PREFIX’
   prefix ## name ## Packet
   ^~~~~~
/home/u12/darrenc/R/test/RcppEigen/include/Eigen/src/Core/products/GeneralMatrixVector.h:44:27: warning: ignoring attributes on template argument ‘Eigen::internal::packet_traits<double>::type’ {aka ‘__vector(2) double’} [-Wignored-attributes]
   PACKET_DECL_COND_PREFIX(_, Lhs, _PacketSize);
                           ^
/home/u12/darrenc/R/test/RcppEigen/include/Eigen/src/Core/products/GeneralMatrixVector.h:42:3: note: in definition of macro ‘PACKET_DECL_COND_PREFIX’
   prefix ## name ## Packet
   ^~~~~~
/home/u12/darrenc/R/test/RcppEigen/include/Eigen/src/Core/products/GeneralMatrixVector.h:44:27: warning: ignoring attributes on template argument ‘Eigen::internal::packet_traits<double>::half’ {aka ‘__vector(2) double’} [-Wignored-attributes]
   PACKET_DECL_COND_PREFIX(_, Lhs, _PacketSize);
                           ^
/home/u12/darrenc/R/test/RcppEigen/include/Eigen/src/Core/products/GeneralMatrixVector.h:42:3: note: in definition of macro ‘PACKET_DECL_COND_PREFIX’
   prefix ## name ## Packet
   ^~~~~~
/home/u12/darrenc/R/test/RcppEigen/include/Eigen/src/Core/products/GeneralMatrixVector.h:44:27: warning: ignoring attributes on template argument ‘Eigen::internal::unpacket_traits<__vector(2) double>::half’ {aka ‘__vector(2) double’} [-Wignored-attributes]
   PACKET_DECL_COND_PREFIX(_, Lhs, _PacketSize);
                           ^
/home/u12/darrenc/R/test/RcppEigen/include/Eigen/src/Core/products/GeneralMatrixVector.h:42:3: note: in definition of macro ‘PACKET_DECL_COND_PREFIX’
   prefix ## name ## Packet
   ^~~~~~
/home/u12/darrenc/R/test/RcppEigen/include/Eigen/src/Core/products/GeneralMatrixVector.h:45:27: warning: ignoring attributes on template argument ‘Eigen::internal::packet_traits<double>::half’ {aka ‘__vector(2) double’} [-Wignored-attributes]
   PACKET_DECL_COND_PREFIX(_, Rhs, _PacketSize);
                           ^
/home/u12/darrenc/R/test/RcppEigen/include/Eigen/src/Core/products/GeneralMatrixVector.h:42:3: note: in definition of macro ‘PACKET_DECL_COND_PREFIX’
   prefix ## name ## Packet
   ^~~~~~
/home/u12/darrenc/R/test/RcppEigen/include/Eigen/src/Core/products/GeneralMatrixVector.h:45:27: warning: ignoring attributes on template argument ‘Eigen::internal::packet_traits<double>::type’ {aka ‘__vector(2) double’} [-Wignored-attributes]
   PACKET_DECL_COND_PREFIX(_, Rhs, _PacketSize);
                           ^
/home/u12/darrenc/R/test/RcppEigen/include/Eigen/src/Core/products/GeneralMatrixVector.h:42:3: note: in definition of macro ‘PACKET_DECL_COND_PREFIX’
   prefix ## name ## Packet
   ^~~~~~
/home/u12/darrenc/R/test/RcppEigen/include/Eigen/src/Core/products/GeneralMatrixVector.h:45:27: warning: ignoring attributes on template argument ‘Eigen::internal::packet_traits<double>::half’ {aka ‘__vector(2) double’} [-Wignored-attributes]
   PACKET_DECL_COND_PREFIX(_, Rhs, _PacketSize);
                           ^
/home/u12/darrenc/R/test/RcppEigen/include/Eigen/src/Core/products/GeneralMatrixVector.h:42:3: note: in definition of macro ‘PACKET_DECL_COND_PREFIX’
   prefix ## name ## Packet
   ^~~~~~
/home/u12/darrenc/R/test/RcppEigen/include/Eigen/src/Core/products/GeneralMatrixVector.h:45:27: warning: ignoring attributes on template argument ‘Eigen::internal::unpacket_traits<__vector(2) double>::half’ {aka ‘__vector(2) double’} [-Wignored-attributes]
   PACKET_DECL_COND_PREFIX(_, Rhs, _PacketSize);
                           ^
/home/u12/darrenc/R/test/RcppEigen/include/Eigen/src/Core/products/GeneralMatrixVector.h:42:3: note: in definition of macro ‘PACKET_DECL_COND_PREFIX’
   prefix ## name ## Packet
   ^~~~~~
/home/u12/darrenc/R/test/RcppEigen/include/Eigen/src/Core/products/GeneralMatrixVector.h:46:27: warning: ignoring attributes on template argument ‘Eigen::internal::packet_traits<double>::half’ {aka ‘__vector(2) double’} [-Wignored-attributes]
   PACKET_DECL_COND_PREFIX(_, Res, _PacketSize);
                           ^
/home/u12/darrenc/R/test/RcppEigen/include/Eigen/src/Core/products/GeneralMatrixVector.h:42:3: note: in definition of macro ‘PACKET_DECL_COND_PREFIX’
   prefix ## name ## Packet
   ^~~~~~
/home/u12/darrenc/R/test/RcppEigen/include/Eigen/src/Core/products/GeneralMatrixVector.h:46:27: warning: ignoring attributes on template argument ‘Eigen::internal::packet_traits<double>::type’ {aka ‘__vector(2) double’} [-Wignored-attributes]
   PACKET_DECL_COND_PREFIX(_, Res, _PacketSize);
                           ^
/home/u12/darrenc/R/test/RcppEigen/include/Eigen/src/Core/products/GeneralMatrixVector.h:42:3: note: in definition of macro ‘PACKET_DECL_COND_PREFIX’
   prefix ## name ## Packet
   ^~~~~~
/home/u12/darrenc/R/test/RcppEigen/include/Eigen/src/Core/products/GeneralMatrixVector.h:46:27: warning: ignoring attributes on template argument ‘Eigen::internal::packet_traits<double>::half’ {aka ‘__vector(2) double’} [-Wignored-attributes]
   PACKET_DECL_COND_PREFIX(_, Res, _PacketSize);
                           ^
/home/u12/darrenc/R/test/RcppEigen/include/Eigen/src/Core/products/GeneralMatrixVector.h:42:3: note: in definition of macro ‘PACKET_DECL_COND_PREFIX’
   prefix ## name ## Packet
   ^~~~~~
/home/u12/darrenc/R/test/RcppEigen/include/Eigen/src/Core/products/GeneralMatrixVector.h:46:27: warning: ignoring attributes on template argument ‘Eigen::internal::unpacket_traits<__vector(2) double>::half’ {aka ‘__vector(2) double’} [-Wignored-attributes]
   PACKET_DECL_COND_PREFIX(_, Res, _PacketSize);
                           ^
/home/u12/darrenc/R/test/RcppEigen/include/Eigen/src/Core/products/GeneralMatrixVector.h:42:3: note: in definition of macro ‘PACKET_DECL_COND_PREFIX’
   prefix ## name ## Packet
   ^~~~~~
/home/u12/darrenc/R/test/RcppEigen/include/Eigen/src/Core/products/GeneralMatrixVector.h:51:66: warning: ignoring attributes on template argument ‘Eigen::internal::packet_traits<double>::half’ {aka ‘__vector(2) double’} [-Wignored-attributes]
         Vectorizable = unpacket_traits<_LhsPacket>::vectorizable &&
                        ~~~~~~~~~~~~~~~~~~~~~~~~~~~~~~~~~~~~~~~~~~^~
         unpacket_traits<_RhsPacket>::vectorizable &&
         ~~~~~~~~~~~~~~~~~~~~~~~~~~~                               
/home/u12/darrenc/R/test/RcppEigen/include/Eigen/src/Core/products/GeneralMatrixVector.h:51:66: warning: ignoring attributes on template argument ‘Eigen::internal::packet_traits<double>::type’ {aka ‘__vector(2) double’} [-Wignored-attributes]
/home/u12/darrenc/R/test/RcppEigen/include/Eigen/src/Core/products/GeneralMatrixVector.h:51:66: warning: ignoring attributes on template argument ‘Eigen::internal::packet_traits<double>::half’ {aka ‘__vector(2) double’} [-Wignored-attributes]
/home/u12/darrenc/R/test/RcppEigen/include/Eigen/src/Core/products/GeneralMatrixVector.h:51:66: warning: ignoring attributes on template argument ‘Eigen::internal::unpacket_traits<__vector(2) double>::half’ {aka ‘__vector(2) double’} [-Wignored-attributes]
/home/u12/darrenc/R/test/RcppEigen/include/Eigen/src/Core/products/GeneralMatrixVector.h:51:66: warning: ignoring attributes on template argument ‘Eigen::internal::packet_traits<double>::half’ {aka ‘__vector(2) double’} [-Wignored-attributes]
/home/u12/darrenc/R/test/RcppEigen/include/Eigen/src/Core/products/GeneralMatrixVector.h:51:66: warning: ignoring attributes on template argument ‘Eigen::internal::packet_traits<double>::type’ {aka ‘__vector(2) double’} [-Wignored-attributes]
/home/u12/darrenc/R/test/RcppEigen/include/Eigen/src/Core/products/GeneralMatrixVector.h:51:66: warning: ignoring attributes on template argument ‘Eigen::internal::packet_traits<double>::half’ {aka ‘__vector(2) double’} [-Wignored-attributes]
/home/u12/darrenc/R/test/RcppEigen/include/Eigen/src/Core/products/GeneralMatrixVector.h:51:66: warning: ignoring attributes on template argument ‘Eigen::internal::unpacket_traits<__vector(2) double>::half’ {aka ‘__vector(2) double’} [-Wignored-attributes]
/home/u12/darrenc/R/test/RcppEigen/include/Eigen/src/Core/products/GeneralMatrixVector.h:53:9: warning: ignoring attributes on template argument ‘Eigen::internal::packet_traits<double>::half’ {aka ‘__vector(2) double’} [-Wignored-attributes]
         int(unpacket_traits<_LhsPacket>::size)==int(unpacket_traits<_RhsPacket>::size),
         ^~~~~~~~~~~~~~~~~~~~~~~~~~~~~~~~~~~~~~
/home/u12/darrenc/R/test/RcppEigen/include/Eigen/src/Core/products/GeneralMatrixVector.h:53:9: warning: ignoring attributes on template argument ‘Eigen::internal::packet_traits<double>::type’ {aka ‘__vector(2) double’} [-Wignored-attributes]
/home/u12/darrenc/R/test/RcppEigen/include/Eigen/src/Core/products/GeneralMatrixVector.h:53:9: warning: ignoring attributes on template argument ‘Eigen::internal::packet_traits<double>::half’ {aka ‘__vector(2) double’} [-Wignored-attributes]
/home/u12/darrenc/R/test/RcppEigen/include/Eigen/src/Core/products/GeneralMatrixVector.h:53:9: warning: ignoring attributes on template argument ‘Eigen::internal::unpacket_traits<__vector(2) double>::half’ {aka ‘__vector(2) double’} [-Wignored-attributes]
/home/u12/darrenc/R/test/RcppEigen/include/Eigen/src/Core/products/GeneralMatrixVector.h:53:49: warning: ignoring attributes on template argument ‘Eigen::internal::packet_traits<double>::half’ {aka ‘__vector(2) double’} [-Wignored-attributes]
         int(unpacket_traits<_LhsPacket>::size)==int(unpacket_traits<_RhsPacket>::size),
                                                 ^~~~~~~~~~~~~~~~~~~~~~~~~~~~~~~~~~~~~~
/home/u12/darrenc/R/test/RcppEigen/include/Eigen/src/Core/products/GeneralMatrixVector.h:53:49: warning: ignoring attributes on template argument ‘Eigen::internal::packet_traits<double>::type’ {aka ‘__vector(2) double’} [-Wignored-attributes]
/home/u12/darrenc/R/test/RcppEigen/include/Eigen/src/Core/products/GeneralMatrixVector.h:53:49: warning: ignoring attributes on template argument ‘Eigen::internal::packet_traits<double>::half’ {aka ‘__vector(2) double’} [-Wignored-attributes]
/home/u12/darrenc/R/test/RcppEigen/include/Eigen/src/Core/products/GeneralMatrixVector.h:53:49: warning: ignoring attributes on template argument ‘Eigen::internal::unpacket_traits<__vector(2) double>::half’ {aka ‘__vector(2) double’} [-Wignored-attributes]
/home/u12/darrenc/R/test/RcppEigen/include/Eigen/src/Core/products/GeneralMatrixVector.h:54:38: warning: ignoring attributes on template argument ‘Eigen::internal::packet_traits<double>::half’ {aka ‘__vector(2) double’} [-Wignored-attributes]
         LhsPacketSize = Vectorizable ? unpacket_traits<_LhsPacket>::size : 1,
                         ~~~~~~~~~~~~~^~~~~~~~~~~~~~~~~~~~~~~~~~~~~~~~~~~~~~~
/home/u12/darrenc/R/test/RcppEigen/include/Eigen/src/Core/products/GeneralMatrixVector.h:54:38: warning: ignoring attributes on template argument ‘Eigen::internal::packet_traits<double>::type’ {aka ‘__vector(2) double’} [-Wignored-attributes]
/home/u12/darrenc/R/test/RcppEigen/include/Eigen/src/Core/products/GeneralMatrixVector.h:54:38: warning: ignoring attributes on template argument ‘Eigen::internal::packet_traits<double>::half’ {aka ‘__vector(2) double’} [-Wignored-attributes]
/home/u12/darrenc/R/test/RcppEigen/include/Eigen/src/Core/products/GeneralMatrixVector.h:54:38: warning: ignoring attributes on template argument ‘Eigen::internal::unpacket_traits<__vector(2) double>::half’ {aka ‘__vector(2) double’} [-Wignored-attributes]
/home/u12/darrenc/R/test/RcppEigen/include/Eigen/src/Core/products/GeneralMatrixVector.h:55:38: warning: ignoring attributes on template argument ‘Eigen::internal::packet_traits<double>::half’ {aka ‘__vector(2) double’} [-Wignored-attributes]
         RhsPacketSize = Vectorizable ? unpacket_traits<_RhsPacket>::size : 1,
                         ~~~~~~~~~~~~~^~~~~~~~~~~~~~~~~~~~~~~~~~~~~~~~~~~~~~~
/home/u12/darrenc/R/test/RcppEigen/include/Eigen/src/Core/products/GeneralMatrixVector.h:55:38: warning: ignoring attributes on template argument ‘Eigen::internal::packet_traits<double>::type’ {aka ‘__vector(2) double’} [-Wignored-attributes]
/home/u12/darrenc/R/test/RcppEigen/include/Eigen/src/Core/products/GeneralMatrixVector.h:55:38: warning: ignoring attributes on template argument ‘Eigen::internal::packet_traits<double>::half’ {aka ‘__vector(2) double’} [-Wignored-attributes]
/home/u12/darrenc/R/test/RcppEigen/include/Eigen/src/Core/products/GeneralMatrixVector.h:55:38: warning: ignoring attributes on template argument ‘Eigen::internal::unpacket_traits<__vector(2) double>::half’ {aka ‘__vector(2) double’} [-Wignored-attributes]
/home/u12/darrenc/R/test/RcppEigen/include/Eigen/src/Core/products/GeneralMatrixVector.h:56:38: warning: ignoring attributes on template argument ‘Eigen::internal::packet_traits<double>::half’ {aka ‘__vector(2) double’} [-Wignored-attributes]
         ResPacketSize = Vectorizable ? unpacket_traits<_ResPacket>::size : 1
                         ~~~~~~~~~~~~~^~~~~~~~~~~~~~~~~~~~~~~~~~~~~~~~~~~~~~~
/home/u12/darrenc/R/test/RcppEigen/include/Eigen/src/Core/products/GeneralMatrixVector.h:56:38: warning: ignoring attributes on template argument ‘Eigen::internal::packet_traits<double>::type’ {aka ‘__vector(2) double’} [-Wignored-attributes]
/home/u12/darrenc/R/test/RcppEigen/include/Eigen/src/Core/products/GeneralMatrixVector.h:56:38: warning: ignoring attributes on template argument ‘Eigen::internal::packet_traits<double>::half’ {aka ‘__vector(2) double’} [-Wignored-attributes]
/home/u12/darrenc/R/test/RcppEigen/include/Eigen/src/Core/products/GeneralMatrixVector.h:56:38: warning: ignoring attributes on template argument ‘Eigen::internal::unpacket_traits<__vector(2) double>::half’ {aka ‘__vector(2) double’} [-Wignored-attributes]
/home/u12/darrenc/R/test/RcppEigen/include/Eigen/src/Core/products/GeneralMatrixVector.h:59:73: warning: ignoring attributes on template argument ‘Eigen::internal::packet_traits<double>::half’ {aka ‘__vector(2) double’} [-Wignored-attributes]
   typedef typename conditional<Vectorizable,_LhsPacket,LhsScalar>::type LhsPacket;
                                                                         ^~~~~~~~~
/home/u12/darrenc/R/test/RcppEigen/include/Eigen/src/Core/products/GeneralMatrixVector.h:59:73: warning: ignoring attributes on template argument ‘Eigen::internal::packet_traits<double>::type’ {aka ‘__vector(2) double’} [-Wignored-attributes]
/home/u12/darrenc/R/test/RcppEigen/include/Eigen/src/Core/products/GeneralMatrixVector.h:59:73: warning: ignoring attributes on template argument ‘Eigen::internal::packet_traits<double>::half’ {aka ‘__vector(2) double’} [-Wignored-attributes]
/home/u12/darrenc/R/test/RcppEigen/include/Eigen/src/Core/products/GeneralMatrixVector.h:59:73: warning: ignoring attributes on template argument ‘Eigen::internal::unpacket_traits<__vector(2) double>::half’ {aka ‘__vector(2) double’} [-Wignored-attributes]
/home/u12/darrenc/R/test/RcppEigen/include/Eigen/src/Core/products/GeneralMatrixVector.h:60:73: warning: ignoring attributes on template argument ‘Eigen::internal::packet_traits<double>::half’ {aka ‘__vector(2) double’} [-Wignored-attributes]
   typedef typename conditional<Vectorizable,_RhsPacket,RhsScalar>::type RhsPacket;
                                                                         ^~~~~~~~~
/home/u12/darrenc/R/test/RcppEigen/include/Eigen/src/Core/products/GeneralMatrixVector.h:60:73: warning: ignoring attributes on template argument ‘Eigen::internal::packet_traits<double>::type’ {aka ‘__vector(2) double’} [-Wignored-attributes]
/home/u12/darrenc/R/test/RcppEigen/include/Eigen/src/Core/products/GeneralMatrixVector.h:60:73: warning: ignoring attributes on template argument ‘Eigen::internal::packet_traits<double>::half’ {aka ‘__vector(2) double’} [-Wignored-attributes]
/home/u12/darrenc/R/test/RcppEigen/include/Eigen/src/Core/products/GeneralMatrixVector.h:60:73: warning: ignoring attributes on template argument ‘Eigen::internal::unpacket_traits<__vector(2) double>::half’ {aka ‘__vector(2) double’} [-Wignored-attributes]
/home/u12/darrenc/R/test/RcppEigen/include/Eigen/src/Core/products/GeneralMatrixVector.h:61:73: warning: ignoring attributes on template argument ‘Eigen::internal::packet_traits<double>::half’ {aka ‘__vector(2) double’} [-Wignored-attributes]
   typedef typename conditional<Vectorizable,_ResPacket,ResScalar>::type ResPacket;
                                                                         ^~~~~~~~~
/home/u12/darrenc/R/test/RcppEigen/include/Eigen/src/Core/products/GeneralMatrixVector.h:61:73: warning: ignoring attributes on template argument ‘Eigen::internal::packet_traits<double>::type’ {aka ‘__vector(2) double’} [-Wignored-attributes]
/home/u12/darrenc/R/test/RcppEigen/include/Eigen/src/Core/products/GeneralMatrixVector.h:61:73: warning: ignoring attributes on template argument ‘Eigen::internal::packet_traits<double>::half’ {aka ‘__vector(2) double’} [-Wignored-attributes]
/home/u12/darrenc/R/test/RcppEigen/include/Eigen/src/Core/products/GeneralMatrixVector.h:61:73: warning: ignoring attributes on template argument ‘Eigen::internal::unpacket_traits<__vector(2) double>::half’ {aka ‘__vector(2) double’} [-Wignored-attributes]
/home/u12/darrenc/R/test/RcppEigen/include/Eigen/src/Core/products/GeneralMatrixVector.h: In instantiation of ‘class Eigen::internal::gemv_traits<double, double, 1>’:
/home/u12/darrenc/R/test/RcppEigen/include/Eigen/src/Core/products/GeneralMatrixVector.h:310:42:   required from ‘struct Eigen::internal::general_matrix_vector_product<long int, double, Eigen::internal::const_blas_data_mapper<double, long int, 1>, 1, false, double, Eigen::internal::const_blas_data_mapper<double, long int, 0>, false, 0>’
/home/u12/darrenc/R/test/RcppEigen/include/Eigen/src/Core/GeneralProduct.h:347:132:   required from ‘static void Eigen::internal::gemv_dense_selector<2, 1, true>::run(const Lhs&, const Rhs&, Dest&, const typename Dest::Scalar&) [with Lhs = Eigen::Transpose<const Eigen::Matrix<double, -1, -1> >; Rhs = Eigen::Block<const Eigen::Matrix<double, -1, -1>, -1, 1, true>; Dest = Eigen::Block<Eigen::Matrix<double, -1, -1>, -1, 1, true>; typename Dest::Scalar = double]’
/home/u12/darrenc/R/test/RcppEigen/include/Eigen/src/Core/ProductEvaluators.h:388:34:   required from ‘static void Eigen::internal::generic_product_impl<Lhs, Rhs, Eigen::DenseShape, Eigen::DenseShape, 7>::scaleAndAddTo(Dest&, const Lhs&, const Rhs&, const Scalar&) [with Dest = Eigen::Block<Eigen::Matrix<double, -1, -1>, -1, 1, true>; Lhs = Eigen::Transpose<const Eigen::Matrix<double, -1, -1> >; Rhs = const Eigen::Block<const Eigen::Matrix<double, -1, -1>, -1, 1, true>; Eigen::internal::generic_product_impl<Lhs, Rhs, Eigen::DenseShape, Eigen::DenseShape, 7>::Scalar = double]’
/home/u12/darrenc/R/test/RcppEigen/include/Eigen/src/Core/products/GeneralMatrixMatrix.h:479:24:   required from ‘static void Eigen::internal::generic_product_impl<Lhs, Rhs, Eigen::DenseShape, Eigen::DenseShape, 8>::scaleAndAddTo(Dest&, const Lhs&, const Rhs&, const Scalar&) [with Dest = Eigen::Matrix<double, -1, -1>; Lhs = Eigen::Transpose<const Eigen::Matrix<double, -1, -1> >; Rhs = Eigen::Matrix<double, -1, -1>; Eigen::internal::generic_product_impl<Lhs, Rhs, Eigen::DenseShape, Eigen::DenseShape, 8>::Scalar = double]’
/home/u12/darrenc/R/test/RcppEigen/include/Eigen/src/Core/products/GeneralMatrixMatrix.h:445:20:   required from ‘static void Eigen::internal::generic_product_impl<Lhs, Rhs, Eigen::DenseShape, Eigen::DenseShape, 8>::evalTo(Dst&, const Lhs&, const Rhs&) [with Dst = Eigen::Matrix<double, -1, -1>; Lhs = Eigen::Transpose<const Eigen::Matrix<double, -1, -1> >; Rhs = Eigen::Matrix<double, -1, -1>]’
/home/u12/darrenc/R/test/RcppEigen/include/Eigen/src/Core/ProductEvaluators.h:124:75:   [ skipping 7 instantiation contexts, use -ftemplate-backtrace-limit=0 to disable ]
/home/u12/darrenc/R/test/RcppEigen/include/Eigen/src/Core/AssignEvaluator.h:954:31:   required from ‘static void Eigen::internal::Assignment<DstXprType, SrcXprType, Functor, Eigen::internal::Dense2Dense, Weak>::run(DstXprType&, const SrcXprType&, const Functor&) [with DstXprType = Eigen::Matrix<double, -1, -1>; SrcXprType = Eigen::CwiseBinaryOp<Eigen::internal::scalar_quotient_op<double, double>, const Eigen::Product<Eigen::Transpose<const Eigen::Matrix<double, -1, -1> >, Eigen::Matrix<double, -1, -1>, 0>, const Eigen::CwiseNullaryOp<Eigen::internal::scalar_constant_op<double>, const Eigen::Matrix<double, -1, -1> > >; Functor = Eigen::internal::assign_op<double, double>; Weak = void]’
/home/u12/darrenc/R/test/RcppEigen/include/Eigen/src/Core/AssignEvaluator.h:890:49:   required from ‘void Eigen::internal::call_assignment_no_alias(Dst&, const Src&, const Func&) [with Dst = Eigen::Matrix<double, -1, -1>; Src = Eigen::CwiseBinaryOp<Eigen::internal::scalar_quotient_op<double, double>, const Eigen::Product<Eigen::Transpose<const Eigen::Matrix<double, -1, -1> >, Eigen::Matrix<double, -1, -1>, 0>, const Eigen::CwiseNullaryOp<Eigen::internal::scalar_constant_op<double>, const Eigen::Matrix<double, -1, -1> > >; Func = Eigen::internal::assign_op<double, double>]’
/home/u12/darrenc/R/test/RcppEigen/include/Eigen/src/Core/PlainObjectBase.h:797:41:   required from ‘Derived& Eigen::PlainObjectBase<Derived>::_set_noalias(const Eigen::DenseBase<OtherDerived>&) [with OtherDerived = Eigen::CwiseBinaryOp<Eigen::internal::scalar_quotient_op<double, double>, const Eigen::Product<Eigen::Transpose<const Eigen::Matrix<double, -1, -1> >, Eigen::Matrix<double, -1, -1>, 0>, const Eigen::CwiseNullaryOp<Eigen::internal::scalar_constant_op<double>, const Eigen::Matrix<double, -1, -1> > >; Derived = Eigen::Matrix<double, -1, -1>]’
/home/u12/darrenc/R/test/RcppEigen/include/Eigen/src/Core/PlainObjectBase.h:594:7:   required from ‘Eigen::PlainObjectBase<Derived>::PlainObjectBase(const Eigen::DenseBase<OtherDerived>&) [with OtherDerived = Eigen::CwiseBinaryOp<Eigen::internal::scalar_quotient_op<double, double>, const Eigen::Product<Eigen::Transpose<const Eigen::Matrix<double, -1, -1> >, Eigen::Matrix<double, -1, -1>, 0>, const Eigen::CwiseNullaryOp<Eigen::internal::scalar_constant_op<double>, const Eigen::Matrix<double, -1, -1> > >; Derived = Eigen::Matrix<double, -1, -1>]’
/home/u12/darrenc/R/test/RcppEigen/include/Eigen/src/Core/Matrix.h:423:29:   required from ‘Eigen::Matrix<_Scalar, _Rows, _Cols, _Options, _MaxRows, _MaxCols>::Matrix(const Eigen::EigenBase<OtherDerived>&) [with OtherDerived = Eigen::CwiseBinaryOp<Eigen::internal::scalar_quotient_op<double, double>, const Eigen::Product<Eigen::Transpose<const Eigen::Matrix<double, -1, -1> >, Eigen::Matrix<double, -1, -1>, 0>, const Eigen::CwiseNullaryOp<Eigen::internal::scalar_constant_op<double>, const Eigen::Matrix<double, -1, -1> > >; _Scalar = double; int _Rows = -1; int _Cols = -1; int _Options = 0; int _MaxRows = -1; int _MaxCols = -1]’
data_manipulation.cpp:231:70:   required from here
/home/u12/darrenc/R/test/RcppEigen/include/Eigen/src/Core/products/GeneralMatrixVector.h:44:27: warning: ignoring attributes on template argument ‘Eigen::internal::packet_traits<double>::half’ {aka ‘__vector(2) double’} [-Wignored-attributes]
   PACKET_DECL_COND_PREFIX(_, Lhs, _PacketSize);
                           ^
/home/u12/darrenc/R/test/RcppEigen/include/Eigen/src/Core/products/GeneralMatrixVector.h:42:3: note: in definition of macro ‘PACKET_DECL_COND_PREFIX’
   prefix ## name ## Packet
   ^~~~~~
/home/u12/darrenc/R/test/RcppEigen/include/Eigen/src/Core/products/GeneralMatrixVector.h:44:27: warning: ignoring attributes on template argument ‘Eigen::internal::packet_traits<double>::type’ {aka ‘__vector(2) double’} [-Wignored-attributes]
   PACKET_DECL_COND_PREFIX(_, Lhs, _PacketSize);
                           ^
/home/u12/darrenc/R/test/RcppEigen/include/Eigen/src/Core/products/GeneralMatrixVector.h:42:3: note: in definition of macro ‘PACKET_DECL_COND_PREFIX’
   prefix ## name ## Packet
   ^~~~~~
/home/u12/darrenc/R/test/RcppEigen/include/Eigen/src/Core/products/GeneralMatrixVector.h:44:27: warning: ignoring attributes on template argument ‘Eigen::internal::packet_traits<double>::half’ {aka ‘__vector(2) double’} [-Wignored-attributes]
   PACKET_DECL_COND_PREFIX(_, Lhs, _PacketSize);
                           ^
/home/u12/darrenc/R/test/RcppEigen/include/Eigen/src/Core/products/GeneralMatrixVector.h:42:3: note: in definition of macro ‘PACKET_DECL_COND_PREFIX’
   prefix ## name ## Packet
   ^~~~~~
/home/u12/darrenc/R/test/RcppEigen/include/Eigen/src/Core/products/GeneralMatrixVector.h:44:27: warning: ignoring attributes on template argument ‘Eigen::internal::unpacket_traits<__vector(2) double>::half’ {aka ‘__vector(2) double’} [-Wignored-attributes]
   PACKET_DECL_COND_PREFIX(_, Lhs, _PacketSize);
                           ^
/home/u12/darrenc/R/test/RcppEigen/include/Eigen/src/Core/products/GeneralMatrixVector.h:42:3: note: in definition of macro ‘PACKET_DECL_COND_PREFIX’
   prefix ## name ## Packet
   ^~~~~~
/home/u12/darrenc/R/test/RcppEigen/include/Eigen/src/Core/products/GeneralMatrixVector.h:45:27: warning: ignoring attributes on template argument ‘Eigen::internal::packet_traits<double>::half’ {aka ‘__vector(2) double’} [-Wignored-attributes]
   PACKET_DECL_COND_PREFIX(_, Rhs, _PacketSize);
                           ^
/home/u12/darrenc/R/test/RcppEigen/include/Eigen/src/Core/products/GeneralMatrixVector.h:42:3: note: in definition of macro ‘PACKET_DECL_COND_PREFIX’
   prefix ## name ## Packet
   ^~~~~~
/home/u12/darrenc/R/test/RcppEigen/include/Eigen/src/Core/products/GeneralMatrixVector.h:45:27: warning: ignoring attributes on template argument ‘Eigen::internal::packet_traits<double>::type’ {aka ‘__vector(2) double’} [-Wignored-attributes]
   PACKET_DECL_COND_PREFIX(_, Rhs, _PacketSize);
                           ^
/home/u12/darrenc/R/test/RcppEigen/include/Eigen/src/Core/products/GeneralMatrixVector.h:42:3: note: in definition of macro ‘PACKET_DECL_COND_PREFIX’
   prefix ## name ## Packet
   ^~~~~~
/home/u12/darrenc/R/test/RcppEigen/include/Eigen/src/Core/products/GeneralMatrixVector.h:45:27: warning: ignoring attributes on template argument ‘Eigen::internal::packet_traits<double>::half’ {aka ‘__vector(2) double’} [-Wignored-attributes]
   PACKET_DECL_COND_PREFIX(_, Rhs, _PacketSize);
                           ^
/home/u12/darrenc/R/test/RcppEigen/include/Eigen/src/Core/products/GeneralMatrixVector.h:42:3: note: in definition of macro ‘PACKET_DECL_COND_PREFIX’
   prefix ## name ## Packet
   ^~~~~~
/home/u12/darrenc/R/test/RcppEigen/include/Eigen/src/Core/products/GeneralMatrixVector.h:45:27: warning: ignoring attributes on template argument ‘Eigen::internal::unpacket_traits<__vector(2) double>::half’ {aka ‘__vector(2) double’} [-Wignored-attributes]
   PACKET_DECL_COND_PREFIX(_, Rhs, _PacketSize);
                           ^
/home/u12/darrenc/R/test/RcppEigen/include/Eigen/src/Core/products/GeneralMatrixVector.h:42:3: note: in definition of macro ‘PACKET_DECL_COND_PREFIX’
   prefix ## name ## Packet
   ^~~~~~
/home/u12/darrenc/R/test/RcppEigen/include/Eigen/src/Core/products/GeneralMatrixVector.h:46:27: warning: ignoring attributes on template argument ‘Eigen::internal::packet_traits<double>::half’ {aka ‘__vector(2) double’} [-Wignored-attributes]
   PACKET_DECL_COND_PREFIX(_, Res, _PacketSize);
                           ^
/home/u12/darrenc/R/test/RcppEigen/include/Eigen/src/Core/products/GeneralMatrixVector.h:42:3: note: in definition of macro ‘PACKET_DECL_COND_PREFIX’
   prefix ## name ## Packet
   ^~~~~~
/home/u12/darrenc/R/test/RcppEigen/include/Eigen/src/Core/products/GeneralMatrixVector.h:46:27: warning: ignoring attributes on template argument ‘Eigen::internal::packet_traits<double>::type’ {aka ‘__vector(2) double’} [-Wignored-attributes]
   PACKET_DECL_COND_PREFIX(_, Res, _PacketSize);
                           ^
/home/u12/darrenc/R/test/RcppEigen/include/Eigen/src/Core/products/GeneralMatrixVector.h:42:3: note: in definition of macro ‘PACKET_DECL_COND_PREFIX’
   prefix ## name ## Packet
   ^~~~~~
/home/u12/darrenc/R/test/RcppEigen/include/Eigen/src/Core/products/GeneralMatrixVector.h:46:27: warning: ignoring attributes on template argument ‘Eigen::internal::packet_traits<double>::half’ {aka ‘__vector(2) double’} [-Wignored-attributes]
   PACKET_DECL_COND_PREFIX(_, Res, _PacketSize);
                           ^
/home/u12/darrenc/R/test/RcppEigen/include/Eigen/src/Core/products/GeneralMatrixVector.h:42:3: note: in definition of macro ‘PACKET_DECL_COND_PREFIX’
   prefix ## name ## Packet
   ^~~~~~
/home/u12/darrenc/R/test/RcppEigen/include/Eigen/src/Core/products/GeneralMatrixVector.h:46:27: warning: ignoring attributes on template argument ‘Eigen::internal::unpacket_traits<__vector(2) double>::half’ {aka ‘__vector(2) double’} [-Wignored-attributes]
   PACKET_DECL_COND_PREFIX(_, Res, _PacketSize);
                           ^
/home/u12/darrenc/R/test/RcppEigen/include/Eigen/src/Core/products/GeneralMatrixVector.h:42:3: note: in definition of macro ‘PACKET_DECL_COND_PREFIX’
   prefix ## name ## Packet
   ^~~~~~
/home/u12/darrenc/R/test/RcppEigen/include/Eigen/src/Core/products/GeneralMatrixVector.h:51:66: warning: ignoring attributes on template argument ‘Eigen::internal::packet_traits<double>::half’ {aka ‘__vector(2) double’} [-Wignored-attributes]
         Vectorizable = unpacket_traits<_LhsPacket>::vectorizable &&
                        ~~~~~~~~~~~~~~~~~~~~~~~~~~~~~~~~~~~~~~~~~~^~
         unpacket_traits<_RhsPacket>::vectorizable &&
         ~~~~~~~~~~~~~~~~~~~~~~~~~~~                               
/home/u12/darrenc/R/test/RcppEigen/include/Eigen/src/Core/products/GeneralMatrixVector.h:51:66: warning: ignoring attributes on template argument ‘Eigen::internal::packet_traits<double>::type’ {aka ‘__vector(2) double’} [-Wignored-attributes]
/home/u12/darrenc/R/test/RcppEigen/include/Eigen/src/Core/products/GeneralMatrixVector.h:51:66: warning: ignoring attributes on template argument ‘Eigen::internal::packet_traits<double>::half’ {aka ‘__vector(2) double’} [-Wignored-attributes]
/home/u12/darrenc/R/test/RcppEigen/include/Eigen/src/Core/products/GeneralMatrixVector.h:51:66: warning: ignoring attributes on template argument ‘Eigen::internal::unpacket_traits<__vector(2) double>::half’ {aka ‘__vector(2) double’} [-Wignored-attributes]
/home/u12/darrenc/R/test/RcppEigen/include/Eigen/src/Core/products/GeneralMatrixVector.h:51:66: warning: ignoring attributes on template argument ‘Eigen::internal::packet_traits<double>::half’ {aka ‘__vector(2) double’} [-Wignored-attributes]
/home/u12/darrenc/R/test/RcppEigen/include/Eigen/src/Core/products/GeneralMatrixVector.h:51:66: warning: ignoring attributes on template argument ‘Eigen::internal::packet_traits<double>::type’ {aka ‘__vector(2) double’} [-Wignored-attributes]
/home/u12/darrenc/R/test/RcppEigen/include/Eigen/src/Core/products/GeneralMatrixVector.h:51:66: warning: ignoring attributes on template argument ‘Eigen::internal::packet_traits<double>::half’ {aka ‘__vector(2) double’} [-Wignored-attributes]
/home/u12/darrenc/R/test/RcppEigen/include/Eigen/src/Core/products/GeneralMatrixVector.h:51:66: warning: ignoring attributes on template argument ‘Eigen::internal::unpacket_traits<__vector(2) double>::half’ {aka ‘__vector(2) double’} [-Wignored-attributes]
/home/u12/darrenc/R/test/RcppEigen/include/Eigen/src/Core/products/GeneralMatrixVector.h:53:9: warning: ignoring attributes on template argument ‘Eigen::internal::packet_traits<double>::half’ {aka ‘__vector(2) double’} [-Wignored-attributes]
         int(unpacket_traits<_LhsPacket>::size)==int(unpacket_traits<_RhsPacket>::size),
         ^~~~~~~~~~~~~~~~~~~~~~~~~~~~~~~~~~~~~~
/home/u12/darrenc/R/test/RcppEigen/include/Eigen/src/Core/products/GeneralMatrixVector.h:53:9: warning: ignoring attributes on template argument ‘Eigen::internal::packet_traits<double>::type’ {aka ‘__vector(2) double’} [-Wignored-attributes]
/home/u12/darrenc/R/test/RcppEigen/include/Eigen/src/Core/products/GeneralMatrixVector.h:53:9: warning: ignoring attributes on template argument ‘Eigen::internal::packet_traits<double>::half’ {aka ‘__vector(2) double’} [-Wignored-attributes]
/home/u12/darrenc/R/test/RcppEigen/include/Eigen/src/Core/products/GeneralMatrixVector.h:53:9: warning: ignoring attributes on template argument ‘Eigen::internal::unpacket_traits<__vector(2) double>::half’ {aka ‘__vector(2) double’} [-Wignored-attributes]
/home/u12/darrenc/R/test/RcppEigen/include/Eigen/src/Core/products/GeneralMatrixVector.h:53:49: warning: ignoring attributes on template argument ‘Eigen::internal::packet_traits<double>::half’ {aka ‘__vector(2) double’} [-Wignored-attributes]
         int(unpacket_traits<_LhsPacket>::size)==int(unpacket_traits<_RhsPacket>::size),
                                                 ^~~~~~~~~~~~~~~~~~~~~~~~~~~~~~~~~~~~~~
/home/u12/darrenc/R/test/RcppEigen/include/Eigen/src/Core/products/GeneralMatrixVector.h:53:49: warning: ignoring attributes on template argument ‘Eigen::internal::packet_traits<double>::type’ {aka ‘__vector(2) double’} [-Wignored-attributes]
/home/u12/darrenc/R/test/RcppEigen/include/Eigen/src/Core/products/GeneralMatrixVector.h:53:49: warning: ignoring attributes on template argument ‘Eigen::internal::packet_traits<double>::half’ {aka ‘__vector(2) double’} [-Wignored-attributes]
/home/u12/darrenc/R/test/RcppEigen/include/Eigen/src/Core/products/GeneralMatrixVector.h:53:49: warning: ignoring attributes on template argument ‘Eigen::internal::unpacket_traits<__vector(2) double>::half’ {aka ‘__vector(2) double’} [-Wignored-attributes]
/home/u12/darrenc/R/test/RcppEigen/include/Eigen/src/Core/products/GeneralMatrixVector.h:54:38: warning: ignoring attributes on template argument ‘Eigen::internal::packet_traits<double>::half’ {aka ‘__vector(2) double’} [-Wignored-attributes]
         LhsPacketSize = Vectorizable ? unpacket_traits<_LhsPacket>::size : 1,
                         ~~~~~~~~~~~~~^~~~~~~~~~~~~~~~~~~~~~~~~~~~~~~~~~~~~~~
/home/u12/darrenc/R/test/RcppEigen/include/Eigen/src/Core/products/GeneralMatrixVector.h:54:38: warning: ignoring attributes on template argument ‘Eigen::internal::packet_traits<double>::type’ {aka ‘__vector(2) double’} [-Wignored-attributes]
/home/u12/darrenc/R/test/RcppEigen/include/Eigen/src/Core/products/GeneralMatrixVector.h:54:38: warning: ignoring attributes on template argument ‘Eigen::internal::packet_traits<double>::half’ {aka ‘__vector(2) double’} [-Wignored-attributes]
/home/u12/darrenc/R/test/RcppEigen/include/Eigen/src/Core/products/GeneralMatrixVector.h:54:38: warning: ignoring attributes on template argument ‘Eigen::internal::unpacket_traits<__vector(2) double>::half’ {aka ‘__vector(2) double’} [-Wignored-attributes]
/home/u12/darrenc/R/test/RcppEigen/include/Eigen/src/Core/products/GeneralMatrixVector.h:55:38: warning: ignoring attributes on template argument ‘Eigen::internal::packet_traits<double>::half’ {aka ‘__vector(2) double’} [-Wignored-attributes]
         RhsPacketSize = Vectorizable ? unpacket_traits<_RhsPacket>::size : 1,
                         ~~~~~~~~~~~~~^~~~~~~~~~~~~~~~~~~~~~~~~~~~~~~~~~~~~~~
/home/u12/darrenc/R/test/RcppEigen/include/Eigen/src/Core/products/GeneralMatrixVector.h:55:38: warning: ignoring attributes on template argument ‘Eigen::internal::packet_traits<double>::type’ {aka ‘__vector(2) double’} [-Wignored-attributes]
/home/u12/darrenc/R/test/RcppEigen/include/Eigen/src/Core/products/GeneralMatrixVector.h:55:38: warning: ignoring attributes on template argument ‘Eigen::internal::packet_traits<double>::half’ {aka ‘__vector(2) double’} [-Wignored-attributes]
/home/u12/darrenc/R/test/RcppEigen/include/Eigen/src/Core/products/GeneralMatrixVector.h:55:38: warning: ignoring attributes on template argument ‘Eigen::internal::unpacket_traits<__vector(2) double>::half’ {aka ‘__vector(2) double’} [-Wignored-attributes]
/home/u12/darrenc/R/test/RcppEigen/include/Eigen/src/Core/products/GeneralMatrixVector.h:56:38: warning: ignoring attributes on template argument ‘Eigen::internal::packet_traits<double>::half’ {aka ‘__vector(2) double’} [-Wignored-attributes]
         ResPacketSize = Vectorizable ? unpacket_traits<_ResPacket>::size : 1
                         ~~~~~~~~~~~~~^~~~~~~~~~~~~~~~~~~~~~~~~~~~~~~~~~~~~~~
/home/u12/darrenc/R/test/RcppEigen/include/Eigen/src/Core/products/GeneralMatrixVector.h:56:38: warning: ignoring attributes on template argument ‘Eigen::internal::packet_traits<double>::type’ {aka ‘__vector(2) double’} [-Wignored-attributes]
/home/u12/darrenc/R/test/RcppEigen/include/Eigen/src/Core/products/GeneralMatrixVector.h:56:38: warning: ignoring attributes on template argument ‘Eigen::internal::packet_traits<double>::half’ {aka ‘__vector(2) double’} [-Wignored-attributes]
/home/u12/darrenc/R/test/RcppEigen/include/Eigen/src/Core/products/GeneralMatrixVector.h:56:38: warning: ignoring attributes on template argument ‘Eigen::internal::unpacket_traits<__vector(2) double>::half’ {aka ‘__vector(2) double’} [-Wignored-attributes]
/home/u12/darrenc/R/test/RcppEigen/include/Eigen/src/Core/products/GeneralMatrixVector.h:59:73: warning: ignoring attributes on template argument ‘Eigen::internal::packet_traits<double>::half’ {aka ‘__vector(2) double’} [-Wignored-attributes]
   typedef typename conditional<Vectorizable,_LhsPacket,LhsScalar>::type LhsPacket;
                                                                         ^~~~~~~~~
/home/u12/darrenc/R/test/RcppEigen/include/Eigen/src/Core/products/GeneralMatrixVector.h:59:73: warning: ignoring attributes on template argument ‘Eigen::internal::packet_traits<double>::type’ {aka ‘__vector(2) double’} [-Wignored-attributes]
/home/u12/darrenc/R/test/RcppEigen/include/Eigen/src/Core/products/GeneralMatrixVector.h:59:73: warning: ignoring attributes on template argument ‘Eigen::internal::packet_traits<double>::half’ {aka ‘__vector(2) double’} [-Wignored-attributes]
/home/u12/darrenc/R/test/RcppEigen/include/Eigen/src/Core/products/GeneralMatrixVector.h:59:73: warning: ignoring attributes on template argument ‘Eigen::internal::unpacket_traits<__vector(2) double>::half’ {aka ‘__vector(2) double’} [-Wignored-attributes]
/home/u12/darrenc/R/test/RcppEigen/include/Eigen/src/Core/products/GeneralMatrixVector.h:60:73: warning: ignoring attributes on template argument ‘Eigen::internal::packet_traits<double>::half’ {aka ‘__vector(2) double’} [-Wignored-attributes]
   typedef typename conditional<Vectorizable,_RhsPacket,RhsScalar>::type RhsPacket;
                                                                         ^~~~~~~~~
/home/u12/darrenc/R/test/RcppEigen/include/Eigen/src/Core/products/GeneralMatrixVector.h:60:73: warning: ignoring attributes on template argument ‘Eigen::internal::packet_traits<double>::type’ {aka ‘__vector(2) double’} [-Wignored-attributes]
/home/u12/darrenc/R/test/RcppEigen/include/Eigen/src/Core/products/GeneralMatrixVector.h:60:73: warning: ignoring attributes on template argument ‘Eigen::internal::packet_traits<double>::half’ {aka ‘__vector(2) double’} [-Wignored-attributes]
/home/u12/darrenc/R/test/RcppEigen/include/Eigen/src/Core/products/GeneralMatrixVector.h:60:73: warning: ignoring attributes on template argument ‘Eigen::internal::unpacket_traits<__vector(2) double>::half’ {aka ‘__vector(2) double’} [-Wignored-attributes]
/home/u12/darrenc/R/test/RcppEigen/include/Eigen/src/Core/products/GeneralMatrixVector.h:61:73: warning: ignoring attributes on template argument ‘Eigen::internal::packet_traits<double>::half’ {aka ‘__vector(2) double’} [-Wignored-attributes]
   typedef typename conditional<Vectorizable,_ResPacket,ResScalar>::type ResPacket;
                                                                         ^~~~~~~~~
/home/u12/darrenc/R/test/RcppEigen/include/Eigen/src/Core/products/GeneralMatrixVector.h:61:73: warning: ignoring attributes on template argument ‘Eigen::internal::packet_traits<double>::type’ {aka ‘__vector(2) double’} [-Wignored-attributes]
/home/u12/darrenc/R/test/RcppEigen/include/Eigen/src/Core/products/GeneralMatrixVector.h:61:73: warning: ignoring attributes on template argument ‘Eigen::internal::packet_traits<double>::half’ {aka ‘__vector(2) double’} [-Wignored-attributes]
/home/u12/darrenc/R/test/RcppEigen/include/Eigen/src/Core/products/GeneralMatrixVector.h:61:73: warning: ignoring attributes on template argument ‘Eigen::internal::unpacket_traits<__vector(2) double>::half’ {aka ‘__vector(2) double’} [-Wignored-attributes]
/home/u12/darrenc/R/test/RcppEigen/include/Eigen/src/Core/products/GeneralMatrixVector.h: In instantiation of ‘class Eigen::internal::gemv_traits<double, double, 2>’:
/home/u12/darrenc/R/test/RcppEigen/include/Eigen/src/Core/products/GeneralMatrixVector.h:314:45:   required from ‘struct Eigen::internal::general_matrix_vector_product<long int, double, Eigen::internal::const_blas_data_mapper<double, long int, 1>, 1, false, double, Eigen::internal::const_blas_data_mapper<double, long int, 0>, false, 0>’
/home/u12/darrenc/R/test/RcppEigen/include/Eigen/src/Core/GeneralProduct.h:347:132:   required from ‘static void Eigen::internal::gemv_dense_selector<2, 1, true>::run(const Lhs&, const Rhs&, Dest&, const typename Dest::Scalar&) [with Lhs = Eigen::Transpose<const Eigen::Matrix<double, -1, -1> >; Rhs = Eigen::Block<const Eigen::Matrix<double, -1, -1>, -1, 1, true>; Dest = Eigen::Block<Eigen::Matrix<double, -1, -1>, -1, 1, true>; typename Dest::Scalar = double]’
/home/u12/darrenc/R/test/RcppEigen/include/Eigen/src/Core/ProductEvaluators.h:388:34:   required from ‘static void Eigen::internal::generic_product_impl<Lhs, Rhs, Eigen::DenseShape, Eigen::DenseShape, 7>::scaleAndAddTo(Dest&, const Lhs&, const Rhs&, const Scalar&) [with Dest = Eigen::Block<Eigen::Matrix<double, -1, -1>, -1, 1, true>; Lhs = Eigen::Transpose<const Eigen::Matrix<double, -1, -1> >; Rhs = const Eigen::Block<const Eigen::Matrix<double, -1, -1>, -1, 1, true>; Eigen::internal::generic_product_impl<Lhs, Rhs, Eigen::DenseShape, Eigen::DenseShape, 7>::Scalar = double]’
/home/u12/darrenc/R/test/RcppEigen/include/Eigen/src/Core/products/GeneralMatrixMatrix.h:479:24:   required from ‘static void Eigen::internal::generic_product_impl<Lhs, Rhs, Eigen::DenseShape, Eigen::DenseShape, 8>::scaleAndAddTo(Dest&, const Lhs&, const Rhs&, const Scalar&) [with Dest = Eigen::Matrix<double, -1, -1>; Lhs = Eigen::Transpose<const Eigen::Matrix<double, -1, -1> >; Rhs = Eigen::Matrix<double, -1, -1>; Eigen::internal::generic_product_impl<Lhs, Rhs, Eigen::DenseShape, Eigen::DenseShape, 8>::Scalar = double]’
/home/u12/darrenc/R/test/RcppEigen/include/Eigen/src/Core/products/GeneralMatrixMatrix.h:445:20:   required from ‘static void Eigen::internal::generic_product_impl<Lhs, Rhs, Eigen::DenseShape, Eigen::DenseShape, 8>::evalTo(Dst&, const Lhs&, const Rhs&) [with Dst = Eigen::Matrix<double, -1, -1>; Lhs = Eigen::Transpose<const Eigen::Matrix<double, -1, -1> >; Rhs = Eigen::Matrix<double, -1, -1>]’
/home/u12/darrenc/R/test/RcppEigen/include/Eigen/src/Core/ProductEvaluators.h:124:75:   [ skipping 7 instantiation contexts, use -ftemplate-backtrace-limit=0 to disable ]
/home/u12/darrenc/R/test/RcppEigen/include/Eigen/src/Core/AssignEvaluator.h:954:31:   required from ‘static void Eigen::internal::Assignment<DstXprType, SrcXprType, Functor, Eigen::internal::Dense2Dense, Weak>::run(DstXprType&, const SrcXprType&, const Functor&) [with DstXprType = Eigen::Matrix<double, -1, -1>; SrcXprType = Eigen::CwiseBinaryOp<Eigen::internal::scalar_quotient_op<double, double>, const Eigen::Product<Eigen::Transpose<const Eigen::Matrix<double, -1, -1> >, Eigen::Matrix<double, -1, -1>, 0>, const Eigen::CwiseNullaryOp<Eigen::internal::scalar_constant_op<double>, const Eigen::Matrix<double, -1, -1> > >; Functor = Eigen::internal::assign_op<double, double>; Weak = void]’
/home/u12/darrenc/R/test/RcppEigen/include/Eigen/src/Core/AssignEvaluator.h:890:49:   required from ‘void Eigen::internal::call_assignment_no_alias(Dst&, const Src&, const Func&) [with Dst = Eigen::Matrix<double, -1, -1>; Src = Eigen::CwiseBinaryOp<Eigen::internal::scalar_quotient_op<double, double>, const Eigen::Product<Eigen::Transpose<const Eigen::Matrix<double, -1, -1> >, Eigen::Matrix<double, -1, -1>, 0>, const Eigen::CwiseNullaryOp<Eigen::internal::scalar_constant_op<double>, const Eigen::Matrix<double, -1, -1> > >; Func = Eigen::internal::assign_op<double, double>]’
/home/u12/darrenc/R/test/RcppEigen/include/Eigen/src/Core/PlainObjectBase.h:797:41:   required from ‘Derived& Eigen::PlainObjectBase<Derived>::_set_noalias(const Eigen::DenseBase<OtherDerived>&) [with OtherDerived = Eigen::CwiseBinaryOp<Eigen::internal::scalar_quotient_op<double, double>, const Eigen::Product<Eigen::Transpose<const Eigen::Matrix<double, -1, -1> >, Eigen::Matrix<double, -1, -1>, 0>, const Eigen::CwiseNullaryOp<Eigen::internal::scalar_constant_op<double>, const Eigen::Matrix<double, -1, -1> > >; Derived = Eigen::Matrix<double, -1, -1>]’
/home/u12/darrenc/R/test/RcppEigen/include/Eigen/src/Core/PlainObjectBase.h:594:7:   required from ‘Eigen::PlainObjectBase<Derived>::PlainObjectBase(const Eigen::DenseBase<OtherDerived>&) [with OtherDerived = Eigen::CwiseBinaryOp<Eigen::internal::scalar_quotient_op<double, double>, const Eigen::Product<Eigen::Transpose<const Eigen::Matrix<double, -1, -1> >, Eigen::Matrix<double, -1, -1>, 0>, const Eigen::CwiseNullaryOp<Eigen::internal::scalar_constant_op<double>, const Eigen::Matrix<double, -1, -1> > >; Derived = Eigen::Matrix<double, -1, -1>]’
/home/u12/darrenc/R/test/RcppEigen/include/Eigen/src/Core/Matrix.h:423:29:   required from ‘Eigen::Matrix<_Scalar, _Rows, _Cols, _Options, _MaxRows, _MaxCols>::Matrix(const Eigen::EigenBase<OtherDerived>&) [with OtherDerived = Eigen::CwiseBinaryOp<Eigen::internal::scalar_quotient_op<double, double>, const Eigen::Product<Eigen::Transpose<const Eigen::Matrix<double, -1, -1> >, Eigen::Matrix<double, -1, -1>, 0>, const Eigen::CwiseNullaryOp<Eigen::internal::scalar_constant_op<double>, const Eigen::Matrix<double, -1, -1> > >; _Scalar = double; int _Rows = -1; int _Cols = -1; int _Options = 0; int _MaxRows = -1; int _MaxCols = -1]’
data_manipulation.cpp:231:70:   required from here
/home/u12/darrenc/R/test/RcppEigen/include/Eigen/src/Core/products/GeneralMatrixVector.h:44:27: warning: ignoring attributes on template argument ‘Eigen::internal::packet_traits<double>::half’ {aka ‘__vector(2) double’} [-Wignored-attributes]
   PACKET_DECL_COND_PREFIX(_, Lhs, _PacketSize);
                           ^
/home/u12/darrenc/R/test/RcppEigen/include/Eigen/src/Core/products/GeneralMatrixVector.h:42:3: note: in definition of macro ‘PACKET_DECL_COND_PREFIX’
   prefix ## name ## Packet
   ^~~~~~
/home/u12/darrenc/R/test/RcppEigen/include/Eigen/src/Core/products/GeneralMatrixVector.h:44:27: warning: ignoring attributes on template argument ‘Eigen::internal::packet_traits<double>::type’ {aka ‘__vector(2) double’} [-Wignored-attributes]
   PACKET_DECL_COND_PREFIX(_, Lhs, _PacketSize);
                           ^
/home/u12/darrenc/R/test/RcppEigen/include/Eigen/src/Core/products/GeneralMatrixVector.h:42:3: note: in definition of macro ‘PACKET_DECL_COND_PREFIX’
   prefix ## name ## Packet
   ^~~~~~
/home/u12/darrenc/R/test/RcppEigen/include/Eigen/src/Core/products/GeneralMatrixVector.h:44:27: warning: ignoring attributes on template argument ‘Eigen::internal::packet_traits<double>::half’ {aka ‘__vector(2) double’} [-Wignored-attributes]
   PACKET_DECL_COND_PREFIX(_, Lhs, _PacketSize);
                           ^
/home/u12/darrenc/R/test/RcppEigen/include/Eigen/src/Core/products/GeneralMatrixVector.h:42:3: note: in definition of macro ‘PACKET_DECL_COND_PREFIX’
   prefix ## name ## Packet
   ^~~~~~
/home/u12/darrenc/R/test/RcppEigen/include/Eigen/src/Core/products/GeneralMatrixVector.h:44:27: warning: ignoring attributes on template argument ‘Eigen::internal::unpacket_traits<__vector(2) double>::half’ {aka ‘__vector(2) double’} [-Wignored-attributes]
   PACKET_DECL_COND_PREFIX(_, Lhs, _PacketSize);
                           ^
/home/u12/darrenc/R/test/RcppEigen/include/Eigen/src/Core/products/GeneralMatrixVector.h:42:3: note: in definition of macro ‘PACKET_DECL_COND_PREFIX’
   prefix ## name ## Packet
   ^~~~~~
/home/u12/darrenc/R/test/RcppEigen/include/Eigen/src/Core/products/GeneralMatrixVector.h:45:27: warning: ignoring attributes on template argument ‘Eigen::internal::packet_traits<double>::half’ {aka ‘__vector(2) double’} [-Wignored-attributes]
   PACKET_DECL_COND_PREFIX(_, Rhs, _PacketSize);
                           ^
/home/u12/darrenc/R/test/RcppEigen/include/Eigen/src/Core/products/GeneralMatrixVector.h:42:3: note: in definition of macro ‘PACKET_DECL_COND_PREFIX’
   prefix ## name ## Packet
   ^~~~~~
/home/u12/darrenc/R/test/RcppEigen/include/Eigen/src/Core/products/GeneralMatrixVector.h:45:27: warning: ignoring attributes on template argument ‘Eigen::internal::packet_traits<double>::type’ {aka ‘__vector(2) double’} [-Wignored-attributes]
   PACKET_DECL_COND_PREFIX(_, Rhs, _PacketSize);
                           ^
/home/u12/darrenc/R/test/RcppEigen/include/Eigen/src/Core/products/GeneralMatrixVector.h:42:3: note: in definition of macro ‘PACKET_DECL_COND_PREFIX’
   prefix ## name ## Packet
   ^~~~~~
/home/u12/darrenc/R/test/RcppEigen/include/Eigen/src/Core/products/GeneralMatrixVector.h:45:27: warning: ignoring attributes on template argument ‘Eigen::internal::packet_traits<double>::half’ {aka ‘__vector(2) double’} [-Wignored-attributes]
   PACKET_DECL_COND_PREFIX(_, Rhs, _PacketSize);
                           ^
/home/u12/darrenc/R/test/RcppEigen/include/Eigen/src/Core/products/GeneralMatrixVector.h:42:3: note: in definition of macro ‘PACKET_DECL_COND_PREFIX’
   prefix ## name ## Packet
   ^~~~~~
/home/u12/darrenc/R/test/RcppEigen/include/Eigen/src/Core/products/GeneralMatrixVector.h:45:27: warning: ignoring attributes on template argument ‘Eigen::internal::unpacket_traits<__vector(2) double>::half’ {aka ‘__vector(2) double’} [-Wignored-attributes]
   PACKET_DECL_COND_PREFIX(_, Rhs, _PacketSize);
                           ^
/home/u12/darrenc/R/test/RcppEigen/include/Eigen/src/Core/products/GeneralMatrixVector.h:42:3: note: in definition of macro ‘PACKET_DECL_COND_PREFIX’
   prefix ## name ## Packet
   ^~~~~~
/home/u12/darrenc/R/test/RcppEigen/include/Eigen/src/Core/products/GeneralMatrixVector.h:46:27: warning: ignoring attributes on template argument ‘Eigen::internal::packet_traits<double>::half’ {aka ‘__vector(2) double’} [-Wignored-attributes]
   PACKET_DECL_COND_PREFIX(_, Res, _PacketSize);
                           ^
/home/u12/darrenc/R/test/RcppEigen/include/Eigen/src/Core/products/GeneralMatrixVector.h:42:3: note: in definition of macro ‘PACKET_DECL_COND_PREFIX’
   prefix ## name ## Packet
   ^~~~~~
/home/u12/darrenc/R/test/RcppEigen/include/Eigen/src/Core/products/GeneralMatrixVector.h:46:27: warning: ignoring attributes on template argument ‘Eigen::internal::packet_traits<double>::type’ {aka ‘__vector(2) double’} [-Wignored-attributes]
   PACKET_DECL_COND_PREFIX(_, Res, _PacketSize);
                           ^
/home/u12/darrenc/R/test/RcppEigen/include/Eigen/src/Core/products/GeneralMatrixVector.h:42:3: note: in definition of macro ‘PACKET_DECL_COND_PREFIX’
   prefix ## name ## Packet
   ^~~~~~
/home/u12/darrenc/R/test/RcppEigen/include/Eigen/src/Core/products/GeneralMatrixVector.h:46:27: warning: ignoring attributes on template argument ‘Eigen::internal::packet_traits<double>::half’ {aka ‘__vector(2) double’} [-Wignored-attributes]
   PACKET_DECL_COND_PREFIX(_, Res, _PacketSize);
                           ^
/home/u12/darrenc/R/test/RcppEigen/include/Eigen/src/Core/products/GeneralMatrixVector.h:42:3: note: in definition of macro ‘PACKET_DECL_COND_PREFIX’
   prefix ## name ## Packet
   ^~~~~~
/home/u12/darrenc/R/test/RcppEigen/include/Eigen/src/Core/products/GeneralMatrixVector.h:46:27: warning: ignoring attributes on template argument ‘Eigen::internal::unpacket_traits<__vector(2) double>::half’ {aka ‘__vector(2) double’} [-Wignored-attributes]
   PACKET_DECL_COND_PREFIX(_, Res, _PacketSize);
                           ^
/home/u12/darrenc/R/test/RcppEigen/include/Eigen/src/Core/products/GeneralMatrixVector.h:42:3: note: in definition of macro ‘PACKET_DECL_COND_PREFIX’
   prefix ## name ## Packet
   ^~~~~~
/home/u12/darrenc/R/test/RcppEigen/include/Eigen/src/Core/products/GeneralMatrixVector.h:51:66: warning: ignoring attributes on template argument ‘Eigen::internal::packet_traits<double>::half’ {aka ‘__vector(2) double’} [-Wignored-attributes]
         Vectorizable = unpacket_traits<_LhsPacket>::vectorizable &&
                        ~~~~~~~~~~~~~~~~~~~~~~~~~~~~~~~~~~~~~~~~~~^~
         unpacket_traits<_RhsPacket>::vectorizable &&
         ~~~~~~~~~~~~~~~~~~~~~~~~~~~                               
/home/u12/darrenc/R/test/RcppEigen/include/Eigen/src/Core/products/GeneralMatrixVector.h:51:66: warning: ignoring attributes on template argument ‘Eigen::internal::packet_traits<double>::type’ {aka ‘__vector(2) double’} [-Wignored-attributes]
/home/u12/darrenc/R/test/RcppEigen/include/Eigen/src/Core/products/GeneralMatrixVector.h:51:66: warning: ignoring attributes on template argument ‘Eigen::internal::packet_traits<double>::half’ {aka ‘__vector(2) double’} [-Wignored-attributes]
/home/u12/darrenc/R/test/RcppEigen/include/Eigen/src/Core/products/GeneralMatrixVector.h:51:66: warning: ignoring attributes on template argument ‘Eigen::internal::unpacket_traits<__vector(2) double>::half’ {aka ‘__vector(2) double’} [-Wignored-attributes]
/home/u12/darrenc/R/test/RcppEigen/include/Eigen/src/Core/products/GeneralMatrixVector.h:51:66: warning: ignoring attributes on template argument ‘Eigen::internal::packet_traits<double>::half’ {aka ‘__vector(2) double’} [-Wignored-attributes]
/home/u12/darrenc/R/test/RcppEigen/include/Eigen/src/Core/products/GeneralMatrixVector.h:51:66: warning: ignoring attributes on template argument ‘Eigen::internal::packet_traits<double>::type’ {aka ‘__vector(2) double’} [-Wignored-attributes]
/home/u12/darrenc/R/test/RcppEigen/include/Eigen/src/Core/products/GeneralMatrixVector.h:51:66: warning: ignoring attributes on template argument ‘Eigen::internal::packet_traits<double>::half’ {aka ‘__vector(2) double’} [-Wignored-attributes]
/home/u12/darrenc/R/test/RcppEigen/include/Eigen/src/Core/products/GeneralMatrixVector.h:51:66: warning: ignoring attributes on template argument ‘Eigen::internal::unpacket_traits<__vector(2) double>::half’ {aka ‘__vector(2) double’} [-Wignored-attributes]
/home/u12/darrenc/R/test/RcppEigen/include/Eigen/src/Core/products/GeneralMatrixVector.h:53:9: warning: ignoring attributes on template argument ‘Eigen::internal::packet_traits<double>::half’ {aka ‘__vector(2) double’} [-Wignored-attributes]
         int(unpacket_traits<_LhsPacket>::size)==int(unpacket_traits<_RhsPacket>::size),
         ^~~~~~~~~~~~~~~~~~~~~~~~~~~~~~~~~~~~~~
/home/u12/darrenc/R/test/RcppEigen/include/Eigen/src/Core/products/GeneralMatrixVector.h:53:9: warning: ignoring attributes on template argument ‘Eigen::internal::packet_traits<double>::type’ {aka ‘__vector(2) double’} [-Wignored-attributes]
/home/u12/darrenc/R/test/RcppEigen/include/Eigen/src/Core/products/GeneralMatrixVector.h:53:9: warning: ignoring attributes on template argument ‘Eigen::internal::packet_traits<double>::half’ {aka ‘__vector(2) double’} [-Wignored-attributes]
/home/u12/darrenc/R/test/RcppEigen/include/Eigen/src/Core/products/GeneralMatrixVector.h:53:9: warning: ignoring attributes on template argument ‘Eigen::internal::unpacket_traits<__vector(2) double>::half’ {aka ‘__vector(2) double’} [-Wignored-attributes]
/home/u12/darrenc/R/test/RcppEigen/include/Eigen/src/Core/products/GeneralMatrixVector.h:53:49: warning: ignoring attributes on template argument ‘Eigen::internal::packet_traits<double>::half’ {aka ‘__vector(2) double’} [-Wignored-attributes]
         int(unpacket_traits<_LhsPacket>::size)==int(unpacket_traits<_RhsPacket>::size),
                                                 ^~~~~~~~~~~~~~~~~~~~~~~~~~~~~~~~~~~~~~
/home/u12/darrenc/R/test/RcppEigen/include/Eigen/src/Core/products/GeneralMatrixVector.h:53:49: warning: ignoring attributes on template argument ‘Eigen::internal::packet_traits<double>::type’ {aka ‘__vector(2) double’} [-Wignored-attributes]
/home/u12/darrenc/R/test/RcppEigen/include/Eigen/src/Core/products/GeneralMatrixVector.h:53:49: warning: ignoring attributes on template argument ‘Eigen::internal::packet_traits<double>::half’ {aka ‘__vector(2) double’} [-Wignored-attributes]
/home/u12/darrenc/R/test/RcppEigen/include/Eigen/src/Core/products/GeneralMatrixVector.h:53:49: warning: ignoring attributes on template argument ‘Eigen::internal::unpacket_traits<__vector(2) double>::half’ {aka ‘__vector(2) double’} [-Wignored-attributes]
/home/u12/darrenc/R/test/RcppEigen/include/Eigen/src/Core/products/GeneralMatrixVector.h:54:38: warning: ignoring attributes on template argument ‘Eigen::internal::packet_traits<double>::half’ {aka ‘__vector(2) double’} [-Wignored-attributes]
         LhsPacketSize = Vectorizable ? unpacket_traits<_LhsPacket>::size : 1,
                         ~~~~~~~~~~~~~^~~~~~~~~~~~~~~~~~~~~~~~~~~~~~~~~~~~~~~
/home/u12/darrenc/R/test/RcppEigen/include/Eigen/src/Core/products/GeneralMatrixVector.h:54:38: warning: ignoring attributes on template argument ‘Eigen::internal::packet_traits<double>::type’ {aka ‘__vector(2) double’} [-Wignored-attributes]
/home/u12/darrenc/R/test/RcppEigen/include/Eigen/src/Core/products/GeneralMatrixVector.h:54:38: warning: ignoring attributes on template argument ‘Eigen::internal::packet_traits<double>::half’ {aka ‘__vector(2) double’} [-Wignored-attributes]
/home/u12/darrenc/R/test/RcppEigen/include/Eigen/src/Core/products/GeneralMatrixVector.h:54:38: warning: ignoring attributes on template argument ‘Eigen::internal::unpacket_traits<__vector(2) double>::half’ {aka ‘__vector(2) double’} [-Wignored-attributes]
/home/u12/darrenc/R/test/RcppEigen/include/Eigen/src/Core/products/GeneralMatrixVector.h:55:38: warning: ignoring attributes on template argument ‘Eigen::internal::packet_traits<double>::half’ {aka ‘__vector(2) double’} [-Wignored-attributes]
         RhsPacketSize = Vectorizable ? unpacket_traits<_RhsPacket>::size : 1,
                         ~~~~~~~~~~~~~^~~~~~~~~~~~~~~~~~~~~~~~~~~~~~~~~~~~~~~
/home/u12/darrenc/R/test/RcppEigen/include/Eigen/src/Core/products/GeneralMatrixVector.h:55:38: warning: ignoring attributes on template argument ‘Eigen::internal::packet_traits<double>::type’ {aka ‘__vector(2) double’} [-Wignored-attributes]
/home/u12/darrenc/R/test/RcppEigen/include/Eigen/src/Core/products/GeneralMatrixVector.h:55:38: warning: ignoring attributes on template argument ‘Eigen::internal::packet_traits<double>::half’ {aka ‘__vector(2) double’} [-Wignored-attributes]
/home/u12/darrenc/R/test/RcppEigen/include/Eigen/src/Core/products/GeneralMatrixVector.h:55:38: warning: ignoring attributes on template argument ‘Eigen::internal::unpacket_traits<__vector(2) double>::half’ {aka ‘__vector(2) double’} [-Wignored-attributes]
/home/u12/darrenc/R/test/RcppEigen/include/Eigen/src/Core/products/GeneralMatrixVector.h:56:38: warning: ignoring attributes on template argument ‘Eigen::internal::packet_traits<double>::half’ {aka ‘__vector(2) double’} [-Wignored-attributes]
         ResPacketSize = Vectorizable ? unpacket_traits<_ResPacket>::size : 1
                         ~~~~~~~~~~~~~^~~~~~~~~~~~~~~~~~~~~~~~~~~~~~~~~~~~~~~
/home/u12/darrenc/R/test/RcppEigen/include/Eigen/src/Core/products/GeneralMatrixVector.h:56:38: warning: ignoring attributes on template argument ‘Eigen::internal::packet_traits<double>::type’ {aka ‘__vector(2) double’} [-Wignored-attributes]
/home/u12/darrenc/R/test/RcppEigen/include/Eigen/src/Core/products/GeneralMatrixVector.h:56:38: warning: ignoring attributes on template argument ‘Eigen::internal::packet_traits<double>::half’ {aka ‘__vector(2) double’} [-Wignored-attributes]
/home/u12/darrenc/R/test/RcppEigen/include/Eigen/src/Core/products/GeneralMatrixVector.h:56:38: warning: ignoring attributes on template argument ‘Eigen::internal::unpacket_traits<__vector(2) double>::half’ {aka ‘__vector(2) double’} [-Wignored-attributes]
/home/u12/darrenc/R/test/RcppEigen/include/Eigen/src/Core/products/GeneralMatrixVector.h:59:73: warning: ignoring attributes on template argument ‘Eigen::internal::packet_traits<double>::half’ {aka ‘__vector(2) double’} [-Wignored-attributes]
   typedef typename conditional<Vectorizable,_LhsPacket,LhsScalar>::type LhsPacket;
                                                                         ^~~~~~~~~
/home/u12/darrenc/R/test/RcppEigen/include/Eigen/src/Core/products/GeneralMatrixVector.h:59:73: warning: ignoring attributes on template argument ‘Eigen::internal::packet_traits<double>::type’ {aka ‘__vector(2) double’} [-Wignored-attributes]
/home/u12/darrenc/R/test/RcppEigen/include/Eigen/src/Core/products/GeneralMatrixVector.h:59:73: warning: ignoring attributes on template argument ‘Eigen::internal::packet_traits<double>::half’ {aka ‘__vector(2) double’} [-Wignored-attributes]
/home/u12/darrenc/R/test/RcppEigen/include/Eigen/src/Core/products/GeneralMatrixVector.h:59:73: warning: ignoring attributes on template argument ‘Eigen::internal::unpacket_traits<__vector(2) double>::half’ {aka ‘__vector(2) double’} [-Wignored-attributes]
/home/u12/darrenc/R/test/RcppEigen/include/Eigen/src/Core/products/GeneralMatrixVector.h:60:73: warning: ignoring attributes on template argument ‘Eigen::internal::packet_traits<double>::half’ {aka ‘__vector(2) double’} [-Wignored-attributes]
   typedef typename conditional<Vectorizable,_RhsPacket,RhsScalar>::type RhsPacket;
                                                                         ^~~~~~~~~
/home/u12/darrenc/R/test/RcppEigen/include/Eigen/src/Core/products/GeneralMatrixVector.h:60:73: warning: ignoring attributes on template argument ‘Eigen::internal::packet_traits<double>::type’ {aka ‘__vector(2) double’} [-Wignored-attributes]
/home/u12/darrenc/R/test/RcppEigen/include/Eigen/src/Core/products/GeneralMatrixVector.h:60:73: warning: ignoring attributes on template argument ‘Eigen::internal::packet_traits<double>::half’ {aka ‘__vector(2) double’} [-Wignored-attributes]
/home/u12/darrenc/R/test/RcppEigen/include/Eigen/src/Core/products/GeneralMatrixVector.h:60:73: warning: ignoring attributes on template argument ‘Eigen::internal::unpacket_traits<__vector(2) double>::half’ {aka ‘__vector(2) double’} [-Wignored-attributes]
/home/u12/darrenc/R/test/RcppEigen/include/Eigen/src/Core/products/GeneralMatrixVector.h:61:73: warning: ignoring attributes on template argument ‘Eigen::internal::packet_traits<double>::half’ {aka ‘__vector(2) double’} [-Wignored-attributes]
   typedef typename conditional<Vectorizable,_ResPacket,ResScalar>::type ResPacket;
                                                                         ^~~~~~~~~
/home/u12/darrenc/R/test/RcppEigen/include/Eigen/src/Core/products/GeneralMatrixVector.h:61:73: warning: ignoring attributes on template argument ‘Eigen::internal::packet_traits<double>::type’ {aka ‘__vector(2) double’} [-Wignored-attributes]
/home/u12/darrenc/R/test/RcppEigen/include/Eigen/src/Core/products/GeneralMatrixVector.h:61:73: warning: ignoring attributes on template argument ‘Eigen::internal::packet_traits<double>::half’ {aka ‘__vector(2) double’} [-Wignored-attributes]
/home/u12/darrenc/R/test/RcppEigen/include/Eigen/src/Core/products/GeneralMatrixVector.h:61:73: warning: ignoring attributes on template argument ‘Eigen::internal::unpacket_traits<__vector(2) double>::half’ {aka ‘__vector(2) double’} [-Wignored-attributes]
In file included from /home/u12/darrenc/R/test/RcppEigen/include/Eigen/Core:271,
                 from /home/u12/darrenc/R/test/RcppEigen/include/Eigen/Dense:1,
                 from /home/u12/darrenc/R/test/RcppEigen/include/RcppEigenForward.h:28,
                 from /home/u12/darrenc/R/test/RcppEigen/include/RcppEigen.h:25,
                 from data_manipulation.cpp:1:
/home/u12/darrenc/R/test/RcppEigen/include/Eigen/src/Core/DenseCoeffsBase.h: In instantiation of ‘class Eigen::DenseCoeffsBase<Eigen::Block<Eigen::Block<Eigen::Matrix<double, -1, -1>, -1, 1, true>, -1, 1, true>, 0>’:
/home/u12/darrenc/R/test/RcppEigen/include/Eigen/src/Core/DenseCoeffsBase.h:302:7:   required from ‘class Eigen::DenseCoeffsBase<Eigen::Block<Eigen::Block<Eigen::Matrix<double, -1, -1>, -1, 1, true>, -1, 1, true>, 1>’
/home/u12/darrenc/R/test/RcppEigen/include/Eigen/src/Core/DenseCoeffsBase.h:555:7:   required from ‘class Eigen::DenseCoeffsBase<Eigen::Block<Eigen::Block<Eigen::Matrix<double, -1, -1>, -1, 1, true>, -1, 1, true>, 3>’
/home/u12/darrenc/R/test/RcppEigen/include/Eigen/src/Core/DenseBase.h:41:34:   required from ‘class Eigen::DenseBase<Eigen::Block<Eigen::Block<Eigen::Matrix<double, -1, -1>, -1, 1, true>, -1, 1, true> >’
/home/u12/darrenc/R/test/RcppEigen/include/Eigen/src/Core/MatrixBase.h:48:34:   required from ‘class Eigen::MatrixBase<Eigen::Block<Eigen::Block<Eigen::Matrix<double, -1, -1>, -1, 1, true>, -1, 1, true> >’
/home/u12/darrenc/R/test/RcppEigen/include/Eigen/src/Core/MapBase.h:37:34:   required from ‘class Eigen::MapBase<Eigen::Block<Eigen::Block<Eigen::Matrix<double, -1, -1>, -1, 1, true>, -1, 1, true>, 0>’
/home/u12/darrenc/R/test/RcppEigen/include/Eigen/src/Core/MapBase.h:223:34:   [ skipping 15 instantiation contexts, use -ftemplate-backtrace-limit=0 to disable ]
/home/u12/darrenc/R/test/RcppEigen/include/Eigen/src/Core/AssignEvaluator.h:954:31:   required from ‘static void Eigen::internal::Assignment<DstXprType, SrcXprType, Functor, Eigen::internal::Dense2Dense, Weak>::run(DstXprType&, const SrcXprType&, const Functor&) [with DstXprType = Eigen::Matrix<double, -1, -1>; SrcXprType = Eigen::CwiseBinaryOp<Eigen::internal::scalar_quotient_op<double, double>, const Eigen::Product<Eigen::Transpose<const Eigen::Matrix<double, -1, -1> >, Eigen::Matrix<double, -1, -1>, 0>, const Eigen::CwiseNullaryOp<Eigen::internal::scalar_constant_op<double>, const Eigen::Matrix<double, -1, -1> > >; Functor = Eigen::internal::assign_op<double, double>; Weak = void]’
/home/u12/darrenc/R/test/RcppEigen/include/Eigen/src/Core/AssignEvaluator.h:890:49:   required from ‘void Eigen::internal::call_assignment_no_alias(Dst&, const Src&, const Func&) [with Dst = Eigen::Matrix<double, -1, -1>; Src = Eigen::CwiseBinaryOp<Eigen::internal::scalar_quotient_op<double, double>, const Eigen::Product<Eigen::Transpose<const Eigen::Matrix<double, -1, -1> >, Eigen::Matrix<double, -1, -1>, 0>, const Eigen::CwiseNullaryOp<Eigen::internal::scalar_constant_op<double>, const Eigen::Matrix<double, -1, -1> > >; Func = Eigen::internal::assign_op<double, double>]’
/home/u12/darrenc/R/test/RcppEigen/include/Eigen/src/Core/PlainObjectBase.h:797:41:   required from ‘Derived& Eigen::PlainObjectBase<Derived>::_set_noalias(const Eigen::DenseBase<OtherDerived>&) [with OtherDerived = Eigen::CwiseBinaryOp<Eigen::internal::scalar_quotient_op<double, double>, const Eigen::Product<Eigen::Transpose<const Eigen::Matrix<double, -1, -1> >, Eigen::Matrix<double, -1, -1>, 0>, const Eigen::CwiseNullaryOp<Eigen::internal::scalar_constant_op<double>, const Eigen::Matrix<double, -1, -1> > >; Derived = Eigen::Matrix<double, -1, -1>]’
/home/u12/darrenc/R/test/RcppEigen/include/Eigen/src/Core/PlainObjectBase.h:594:7:   required from ‘Eigen::PlainObjectBase<Derived>::PlainObjectBase(const Eigen::DenseBase<OtherDerived>&) [with OtherDerived = Eigen::CwiseBinaryOp<Eigen::internal::scalar_quotient_op<double, double>, const Eigen::Product<Eigen::Transpose<const Eigen::Matrix<double, -1, -1> >, Eigen::Matrix<double, -1, -1>, 0>, const Eigen::CwiseNullaryOp<Eigen::internal::scalar_constant_op<double>, const Eigen::Matrix<double, -1, -1> > >; Derived = Eigen::Matrix<double, -1, -1>]’
/home/u12/darrenc/R/test/RcppEigen/include/Eigen/src/Core/Matrix.h:423:29:   required from ‘Eigen::Matrix<_Scalar, _Rows, _Cols, _Options, _MaxRows, _MaxCols>::Matrix(const Eigen::EigenBase<OtherDerived>&) [with OtherDerived = Eigen::CwiseBinaryOp<Eigen::internal::scalar_quotient_op<double, double>, const Eigen::Product<Eigen::Transpose<const Eigen::Matrix<double, -1, -1> >, Eigen::Matrix<double, -1, -1>, 0>, const Eigen::CwiseNullaryOp<Eigen::internal::scalar_constant_op<double>, const Eigen::Matrix<double, -1, -1> > >; _Scalar = double; int _Rows = -1; int _Cols = -1; int _Options = 0; int _MaxRows = -1; int _MaxCols = -1]’
data_manipulation.cpp:231:70:   required from here
/home/u12/darrenc/R/test/RcppEigen/include/Eigen/src/Core/DenseCoeffsBase.h:56:30: warning: ignoring attributes on template argument ‘Eigen::internal::packet_traits<double>::type’ {aka ‘__vector(2) double’} [-Wignored-attributes]
                      >::type PacketReturnType;
                              ^~~~~~~~~~~~~~~~
/home/u12/darrenc/R/test/RcppEigen/include/Eigen/src/Core/DenseCoeffsBase.h: In instantiation of ‘class Eigen::DenseCoeffsBase<Eigen::Transpose<Eigen::Block<Eigen::Matrix<double, -1, -1>, 1, -1, false> >, 0>’:
/home/u12/darrenc/R/test/RcppEigen/include/Eigen/src/Core/DenseCoeffsBase.h:302:7:   required from ‘class Eigen::DenseCoeffsBase<Eigen::Transpose<Eigen::Block<Eigen::Matrix<double, -1, -1>, 1, -1, false> >, 1>’
/home/u12/darrenc/R/test/RcppEigen/include/Eigen/src/Core/DenseCoeffsBase.h:555:7:   required from ‘class Eigen::DenseCoeffsBase<Eigen::Transpose<Eigen::Block<Eigen::Matrix<double, -1, -1>, 1, -1, false> >, 3>’
/home/u12/darrenc/R/test/RcppEigen/include/Eigen/src/Core/DenseBase.h:41:34:   required from ‘class Eigen::DenseBase<Eigen::Transpose<Eigen::Block<Eigen::Matrix<double, -1, -1>, 1, -1, false> > >’
/home/u12/darrenc/R/test/RcppEigen/include/Eigen/src/Core/MatrixBase.h:48:34:   required from ‘class Eigen::MatrixBase<Eigen::Transpose<Eigen::Block<Eigen::Matrix<double, -1, -1>, 1, -1, false> > >’
/home/u12/darrenc/R/test/RcppEigen/include/Eigen/src/Core/Transpose.h:118:37:   required from ‘class Eigen::TransposeImpl<Eigen::Block<Eigen::Matrix<double, -1, -1>, 1, -1, false>, Eigen::Dense>’
/home/u12/darrenc/R/test/RcppEigen/include/Eigen/src/Core/Transpose.h:52:37:   [ skipping 12 instantiation contexts, use -ftemplate-backtrace-limit=0 to disable ]
/home/u12/darrenc/R/test/RcppEigen/include/Eigen/src/Core/AssignEvaluator.h:954:31:   required from ‘static void Eigen::internal::Assignment<DstXprType, SrcXprType, Functor, Eigen::internal::Dense2Dense, Weak>::run(DstXprType&, const SrcXprType&, const Functor&) [with DstXprType = Eigen::Matrix<double, -1, -1>; SrcXprType = Eigen::CwiseBinaryOp<Eigen::internal::scalar_quotient_op<double, double>, const Eigen::Product<Eigen::Transpose<const Eigen::Matrix<double, -1, -1> >, Eigen::Matrix<double, -1, -1>, 0>, const Eigen::CwiseNullaryOp<Eigen::internal::scalar_constant_op<double>, const Eigen::Matrix<double, -1, -1> > >; Functor = Eigen::internal::assign_op<double, double>; Weak = void]’
/home/u12/darrenc/R/test/RcppEigen/include/Eigen/src/Core/AssignEvaluator.h:890:49:   required from ‘void Eigen::internal::call_assignment_no_alias(Dst&, const Src&, const Func&) [with Dst = Eigen::Matrix<double, -1, -1>; Src = Eigen::CwiseBinaryOp<Eigen::internal::scalar_quotient_op<double, double>, const Eigen::Product<Eigen::Transpose<const Eigen::Matrix<double, -1, -1> >, Eigen::Matrix<double, -1, -1>, 0>, const Eigen::CwiseNullaryOp<Eigen::internal::scalar_constant_op<double>, const Eigen::Matrix<double, -1, -1> > >; Func = Eigen::internal::assign_op<double, double>]’
/home/u12/darrenc/R/test/RcppEigen/include/Eigen/src/Core/PlainObjectBase.h:797:41:   required from ‘Derived& Eigen::PlainObjectBase<Derived>::_set_noalias(const Eigen::DenseBase<OtherDerived>&) [with OtherDerived = Eigen::CwiseBinaryOp<Eigen::internal::scalar_quotient_op<double, double>, const Eigen::Product<Eigen::Transpose<const Eigen::Matrix<double, -1, -1> >, Eigen::Matrix<double, -1, -1>, 0>, const Eigen::CwiseNullaryOp<Eigen::internal::scalar_constant_op<double>, const Eigen::Matrix<double, -1, -1> > >; Derived = Eigen::Matrix<double, -1, -1>]’
/home/u12/darrenc/R/test/RcppEigen/include/Eigen/src/Core/PlainObjectBase.h:594:7:   required from ‘Eigen::PlainObjectBase<Derived>::PlainObjectBase(const Eigen::DenseBase<OtherDerived>&) [with OtherDerived = Eigen::CwiseBinaryOp<Eigen::internal::scalar_quotient_op<double, double>, const Eigen::Product<Eigen::Transpose<const Eigen::Matrix<double, -1, -1> >, Eigen::Matrix<double, -1, -1>, 0>, const Eigen::CwiseNullaryOp<Eigen::internal::scalar_constant_op<double>, const Eigen::Matrix<double, -1, -1> > >; Derived = Eigen::Matrix<double, -1, -1>]’
/home/u12/darrenc/R/test/RcppEigen/include/Eigen/src/Core/Matrix.h:423:29:   required from ‘Eigen::Matrix<_Scalar, _Rows, _Cols, _Options, _MaxRows, _MaxCols>::Matrix(const Eigen::EigenBase<OtherDerived>&) [with OtherDerived = Eigen::CwiseBinaryOp<Eigen::internal::scalar_quotient_op<double, double>, const Eigen::Product<Eigen::Transpose<const Eigen::Matrix<double, -1, -1> >, Eigen::Matrix<double, -1, -1>, 0>, const Eigen::CwiseNullaryOp<Eigen::internal::scalar_constant_op<double>, const Eigen::Matrix<double, -1, -1> > >; _Scalar = double; int _Rows = -1; int _Cols = -1; int _Options = 0; int _MaxRows = -1; int _MaxCols = -1]’
data_manipulation.cpp:231:70:   required from here
/home/u12/darrenc/R/test/RcppEigen/include/Eigen/src/Core/DenseCoeffsBase.h:56:30: warning: ignoring attributes on template argument ‘Eigen::internal::packet_traits<double>::type’ {aka ‘__vector(2) double’} [-Wignored-attributes]
/home/u12/darrenc/R/test/RcppEigen/include/Eigen/src/Core/DenseCoeffsBase.h: In instantiation of ‘class Eigen::DenseCoeffsBase<Eigen::Transpose<const Eigen::Block<const Eigen::Transpose<const Eigen::Matrix<double, -1, -1> >, 1, -1, true> >, 0>’:
/home/u12/darrenc/R/test/RcppEigen/include/Eigen/src/Core/DenseCoeffsBase.h:481:7:   required from ‘class Eigen::DenseCoeffsBase<Eigen::Transpose<const Eigen::Block<const Eigen::Transpose<const Eigen::Matrix<double, -1, -1> >, 1, -1, true> >, 2>’
/home/u12/darrenc/R/test/RcppEigen/include/Eigen/src/Core/DenseBase.h:41:34:   required from ‘class Eigen::DenseBase<Eigen::Transpose<const Eigen::Block<const Eigen::Transpose<const Eigen::Matrix<double, -1, -1> >, 1, -1, true> > >’
/home/u12/darrenc/R/test/RcppEigen/include/Eigen/src/Core/MatrixBase.h:48:34:   required from ‘class Eigen::MatrixBase<Eigen::Transpose<const Eigen::Block<const Eigen::Transpose<const Eigen::Matrix<double, -1, -1> >, 1, -1, true> > >’
/home/u12/darrenc/R/test/RcppEigen/include/Eigen/src/Core/Transpose.h:118:37:   required from ‘class Eigen::TransposeImpl<const Eigen::Block<const Eigen::Transpose<const Eigen::Matrix<double, -1, -1> >, 1, -1, true>, Eigen::Dense>’
/home/u12/darrenc/R/test/RcppEigen/include/Eigen/src/Core/Transpose.h:52:37:   required from ‘class Eigen::Transpose<const Eigen::Block<const Eigen::Transpose<const Eigen::Matrix<double, -1, -1> >, 1, -1, true> >’
/home/u12/darrenc/R/test/RcppEigen/include/Eigen/src/Core/GeneralProduct.h:207:12:   [ skipping 11 instantiation contexts, use -ftemplate-backtrace-limit=0 to disable ]
/home/u12/darrenc/R/test/RcppEigen/include/Eigen/src/Core/AssignEvaluator.h:954:31:   required from ‘static void Eigen::internal::Assignment<DstXprType, SrcXprType, Functor, Eigen::internal::Dense2Dense, Weak>::run(DstXprType&, const SrcXprType&, const Functor&) [with DstXprType = Eigen::Matrix<double, -1, -1>; SrcXprType = Eigen::CwiseBinaryOp<Eigen::internal::scalar_quotient_op<double, double>, const Eigen::Product<Eigen::Transpose<const Eigen::Matrix<double, -1, -1> >, Eigen::Matrix<double, -1, -1>, 0>, const Eigen::CwiseNullaryOp<Eigen::internal::scalar_constant_op<double>, const Eigen::Matrix<double, -1, -1> > >; Functor = Eigen::internal::assign_op<double, double>; Weak = void]’
/home/u12/darrenc/R/test/RcppEigen/include/Eigen/src/Core/AssignEvaluator.h:890:49:   required from ‘void Eigen::internal::call_assignment_no_alias(Dst&, const Src&, const Func&) [with Dst = Eigen::Matrix<double, -1, -1>; Src = Eigen::CwiseBinaryOp<Eigen::internal::scalar_quotient_op<double, double>, const Eigen::Product<Eigen::Transpose<const Eigen::Matrix<double, -1, -1> >, Eigen::Matrix<double, -1, -1>, 0>, const Eigen::CwiseNullaryOp<Eigen::internal::scalar_constant_op<double>, const Eigen::Matrix<double, -1, -1> > >; Func = Eigen::internal::assign_op<double, double>]’
/home/u12/darrenc/R/test/RcppEigen/include/Eigen/src/Core/PlainObjectBase.h:797:41:   required from ‘Derived& Eigen::PlainObjectBase<Derived>::_set_noalias(const Eigen::DenseBase<OtherDerived>&) [with OtherDerived = Eigen::CwiseBinaryOp<Eigen::internal::scalar_quotient_op<double, double>, const Eigen::Product<Eigen::Transpose<const Eigen::Matrix<double, -1, -1> >, Eigen::Matrix<double, -1, -1>, 0>, const Eigen::CwiseNullaryOp<Eigen::internal::scalar_constant_op<double>, const Eigen::Matrix<double, -1, -1> > >; Derived = Eigen::Matrix<double, -1, -1>]’
/home/u12/darrenc/R/test/RcppEigen/include/Eigen/src/Core/PlainObjectBase.h:594:7:   required from ‘Eigen::PlainObjectBase<Derived>::PlainObjectBase(const Eigen::DenseBase<OtherDerived>&) [with OtherDerived = Eigen::CwiseBinaryOp<Eigen::internal::scalar_quotient_op<double, double>, const Eigen::Product<Eigen::Transpose<const Eigen::Matrix<double, -1, -1> >, Eigen::Matrix<double, -1, -1>, 0>, const Eigen::CwiseNullaryOp<Eigen::internal::scalar_constant_op<double>, const Eigen::Matrix<double, -1, -1> > >; Derived = Eigen::Matrix<double, -1, -1>]’
/home/u12/darrenc/R/test/RcppEigen/include/Eigen/src/Core/Matrix.h:423:29:   required from ‘Eigen::Matrix<_Scalar, _Rows, _Cols, _Options, _MaxRows, _MaxCols>::Matrix(const Eigen::EigenBase<OtherDerived>&) [with OtherDerived = Eigen::CwiseBinaryOp<Eigen::internal::scalar_quotient_op<double, double>, const Eigen::Product<Eigen::Transpose<const Eigen::Matrix<double, -1, -1> >, Eigen::Matrix<double, -1, -1>, 0>, const Eigen::CwiseNullaryOp<Eigen::internal::scalar_constant_op<double>, const Eigen::Matrix<double, -1, -1> > >; _Scalar = double; int _Rows = -1; int _Cols = -1; int _Options = 0; int _MaxRows = -1; int _MaxCols = -1]’
data_manipulation.cpp:231:70:   required from here
/home/u12/darrenc/R/test/RcppEigen/include/Eigen/src/Core/DenseCoeffsBase.h:56:30: warning: ignoring attributes on template argument ‘Eigen::internal::packet_traits<double>::type’ {aka ‘__vector(2) double’} [-Wignored-attributes]
/home/u12/darrenc/R/test/RcppEigen/include/Eigen/src/Core/DenseCoeffsBase.h: In instantiation of ‘class Eigen::DenseCoeffsBase<Eigen::CwiseBinaryOp<Eigen::internal::scalar_conj_product_op<double, double>, const Eigen::Transpose<const Eigen::Block<const Eigen::Transpose<const Eigen::Matrix<double, -1, -1> >, 1, -1, true> >, const Eigen::Block<const Eigen::Block<const Eigen::Matrix<double, -1, -1>, -1, 1, true>, -1, 1, true> >, 0>’:
/home/u12/darrenc/R/test/RcppEigen/include/Eigen/src/Core/DenseBase.h:41:34:   required from ‘class Eigen::DenseBase<Eigen::CwiseBinaryOp<Eigen::internal::scalar_conj_product_op<double, double>, const Eigen::Transpose<const Eigen::Block<const Eigen::Transpose<const Eigen::Matrix<double, -1, -1> >, 1, -1, true> >, const Eigen::Block<const Eigen::Block<const Eigen::Matrix<double, -1, -1>, -1, 1, true>, -1, 1, true> > >’
/home/u12/darrenc/R/test/RcppEigen/include/Eigen/src/Core/MatrixBase.h:48:34:   required from ‘class Eigen::MatrixBase<Eigen::CwiseBinaryOp<Eigen::internal::scalar_conj_product_op<double, double>, const Eigen::Transpose<const Eigen::Block<const Eigen::Transpose<const Eigen::Matrix<double, -1, -1> >, 1, -1, true> >, const Eigen::Block<const Eigen::Block<const Eigen::Matrix<double, -1, -1>, -1, 1, true>, -1, 1, true> > >’
/home/u12/darrenc/R/test/RcppEigen/include/Eigen/src/Core/CwiseBinaryOp.h:148:7:   required from ‘class Eigen::CwiseBinaryOpImpl<Eigen::internal::scalar_conj_product_op<double, double>, const Eigen::Transpose<const Eigen::Block<const Eigen::Transpose<const Eigen::Matrix<double, -1, -1> >, 1, -1, true> >, const Eigen::Block<const Eigen::Block<const Eigen::Matrix<double, -1, -1>, -1, 1, true>, -1, 1, true>, Eigen::Dense>’
/home/u12/darrenc/R/test/RcppEigen/include/Eigen/src/Core/CwiseBinaryOp.h:77:7:   required from ‘class Eigen::CwiseBinaryOp<Eigen::internal::scalar_conj_product_op<double, double>, const Eigen::Transpose<const Eigen::Block<const Eigen::Transpose<const Eigen::Matrix<double, -1, -1> >, 1, -1, true> >, const Eigen::Block<const Eigen::Block<const Eigen::Matrix<double, -1, -1>, -1, 1, true>, -1, 1, true> >’
/home/u12/darrenc/R/test/RcppEigen/include/Eigen/src/Core/Dot.h:50:60:   required from ‘static Eigen::internal::dot_nocheck<T, U, true>::ResScalar Eigen::internal::dot_nocheck<T, U, true>::run(const Eigen::MatrixBase<Derived>&, const Eigen::MatrixBase<U>&) [with T = Eigen::Block<const Eigen::Transpose<const Eigen::Matrix<double, -1, -1> >, 1, -1, true>; U = Eigen::Block<const Eigen::Block<const Eigen::Matrix<double, -1, -1>, -1, 1, true>, -1, 1, true>; Eigen::internal::dot_nocheck<T, U, true>::ResScalar = double]’
/home/u12/darrenc/R/test/RcppEigen/include/Eigen/src/Core/Dot.h:84:58:   [ skipping 11 instantiation contexts, use -ftemplate-backtrace-limit=0 to disable ]
/home/u12/darrenc/R/test/RcppEigen/include/Eigen/src/Core/AssignEvaluator.h:954:31:   required from ‘static void Eigen::internal::Assignment<DstXprType, SrcXprType, Functor, Eigen::internal::Dense2Dense, Weak>::run(DstXprType&, const SrcXprType&, const Functor&) [with DstXprType = Eigen::Matrix<double, -1, -1>; SrcXprType = Eigen::CwiseBinaryOp<Eigen::internal::scalar_quotient_op<double, double>, const Eigen::Product<Eigen::Transpose<const Eigen::Matrix<double, -1, -1> >, Eigen::Matrix<double, -1, -1>, 0>, const Eigen::CwiseNullaryOp<Eigen::internal::scalar_constant_op<double>, const Eigen::Matrix<double, -1, -1> > >; Functor = Eigen::internal::assign_op<double, double>; Weak = void]’
/home/u12/darrenc/R/test/RcppEigen/include/Eigen/src/Core/AssignEvaluator.h:890:49:   required from ‘void Eigen::internal::call_assignment_no_alias(Dst&, const Src&, const Func&) [with Dst = Eigen::Matrix<double, -1, -1>; Src = Eigen::CwiseBinaryOp<Eigen::internal::scalar_quotient_op<double, double>, const Eigen::Product<Eigen::Transpose<const Eigen::Matrix<double, -1, -1> >, Eigen::Matrix<double, -1, -1>, 0>, const Eigen::CwiseNullaryOp<Eigen::internal::scalar_constant_op<double>, const Eigen::Matrix<double, -1, -1> > >; Func = Eigen::internal::assign_op<double, double>]’
/home/u12/darrenc/R/test/RcppEigen/include/Eigen/src/Core/PlainObjectBase.h:797:41:   required from ‘Derived& Eigen::PlainObjectBase<Derived>::_set_noalias(const Eigen::DenseBase<OtherDerived>&) [with OtherDerived = Eigen::CwiseBinaryOp<Eigen::internal::scalar_quotient_op<double, double>, const Eigen::Product<Eigen::Transpose<const Eigen::Matrix<double, -1, -1> >, Eigen::Matrix<double, -1, -1>, 0>, const Eigen::CwiseNullaryOp<Eigen::internal::scalar_constant_op<double>, const Eigen::Matrix<double, -1, -1> > >; Derived = Eigen::Matrix<double, -1, -1>]’
/home/u12/darrenc/R/test/RcppEigen/include/Eigen/src/Core/PlainObjectBase.h:594:7:   required from ‘Eigen::PlainObjectBase<Derived>::PlainObjectBase(const Eigen::DenseBase<OtherDerived>&) [with OtherDerived = Eigen::CwiseBinaryOp<Eigen::internal::scalar_quotient_op<double, double>, const Eigen::Product<Eigen::Transpose<const Eigen::Matrix<double, -1, -1> >, Eigen::Matrix<double, -1, -1>, 0>, const Eigen::CwiseNullaryOp<Eigen::internal::scalar_constant_op<double>, const Eigen::Matrix<double, -1, -1> > >; Derived = Eigen::Matrix<double, -1, -1>]’
/home/u12/darrenc/R/test/RcppEigen/include/Eigen/src/Core/Matrix.h:423:29:   required from ‘Eigen::Matrix<_Scalar, _Rows, _Cols, _Options, _MaxRows, _MaxCols>::Matrix(const Eigen::EigenBase<OtherDerived>&) [with OtherDerived = Eigen::CwiseBinaryOp<Eigen::internal::scalar_quotient_op<double, double>, const Eigen::Product<Eigen::Transpose<const Eigen::Matrix<double, -1, -1> >, Eigen::Matrix<double, -1, -1>, 0>, const Eigen::CwiseNullaryOp<Eigen::internal::scalar_constant_op<double>, const Eigen::Matrix<double, -1, -1> > >; _Scalar = double; int _Rows = -1; int _Cols = -1; int _Options = 0; int _MaxRows = -1; int _MaxCols = -1]’
data_manipulation.cpp:231:70:   required from here
/home/u12/darrenc/R/test/RcppEigen/include/Eigen/src/Core/DenseCoeffsBase.h:56:30: warning: ignoring attributes on template argument ‘Eigen::internal::packet_traits<double>::type’ {aka ‘__vector(2) double’} [-Wignored-attributes]
/home/u12/darrenc/R/test/RcppEigen/include/Eigen/src/Core/DenseCoeffsBase.h: In instantiation of ‘class Eigen::DenseCoeffsBase<Eigen::Transpose<const Eigen::Block<const Eigen::Block<const Eigen::Transpose<const Eigen::Matrix<double, -1, -1> >, 1, -1, true>, 1, -1, true> >, 0>’:
/home/u12/darrenc/R/test/RcppEigen/include/Eigen/src/Core/DenseCoeffsBase.h:481:7:   required from ‘class Eigen::DenseCoeffsBase<Eigen::Transpose<const Eigen::Block<const Eigen::Block<const Eigen::Transpose<const Eigen::Matrix<double, -1, -1> >, 1, -1, true>, 1, -1, true> >, 2>’
/home/u12/darrenc/R/test/RcppEigen/include/Eigen/src/Core/DenseBase.h:41:34:   required from ‘class Eigen::DenseBase<Eigen::Transpose<const Eigen::Block<const Eigen::Block<const Eigen::Transpose<const Eigen::Matrix<double, -1, -1> >, 1, -1, true>, 1, -1, true> > >’
/home/u12/darrenc/R/test/RcppEigen/include/Eigen/src/Core/MatrixBase.h:48:34:   required from ‘class Eigen::MatrixBase<Eigen::Transpose<const Eigen::Block<const Eigen::Block<const Eigen::Transpose<const Eigen::Matrix<double, -1, -1> >, 1, -1, true>, 1, -1, true> > >’
/home/u12/darrenc/R/test/RcppEigen/include/Eigen/src/Core/Transpose.h:118:37:   required from ‘class Eigen::TransposeImpl<const Eigen::Block<const Eigen::Block<const Eigen::Transpose<const Eigen::Matrix<double, -1, -1> >, 1, -1, true>, 1, -1, true>, Eigen::Dense>’
/home/u12/darrenc/R/test/RcppEigen/include/Eigen/src/Core/Transpose.h:52:37:   required from ‘class Eigen::Transpose<const Eigen::Block<const Eigen::Block<const Eigen::Transpose<const Eigen::Matrix<double, -1, -1> >, 1, -1, true>, 1, -1, true> >’
/home/u12/darrenc/R/test/RcppEigen/include/Eigen/src/Core/Dot.h:50:35:   [ skipping 12 instantiation contexts, use -ftemplate-backtrace-limit=0 to disable ]
/home/u12/darrenc/R/test/RcppEigen/include/Eigen/src/Core/AssignEvaluator.h:954:31:   required from ‘static void Eigen::internal::Assignment<DstXprType, SrcXprType, Functor, Eigen::internal::Dense2Dense, Weak>::run(DstXprType&, const SrcXprType&, const Functor&) [with DstXprType = Eigen::Matrix<double, -1, -1>; SrcXprType = Eigen::CwiseBinaryOp<Eigen::internal::scalar_quotient_op<double, double>, const Eigen::Product<Eigen::Transpose<const Eigen::Matrix<double, -1, -1> >, Eigen::Matrix<double, -1, -1>, 0>, const Eigen::CwiseNullaryOp<Eigen::internal::scalar_constant_op<double>, const Eigen::Matrix<double, -1, -1> > >; Functor = Eigen::internal::assign_op<double, double>; Weak = void]’
/home/u12/darrenc/R/test/RcppEigen/include/Eigen/src/Core/AssignEvaluator.h:890:49:   required from ‘void Eigen::internal::call_assignment_no_alias(Dst&, const Src&, const Func&) [with Dst = Eigen::Matrix<double, -1, -1>; Src = Eigen::CwiseBinaryOp<Eigen::internal::scalar_quotient_op<double, double>, const Eigen::Product<Eigen::Transpose<const Eigen::Matrix<double, -1, -1> >, Eigen::Matrix<double, -1, -1>, 0>, const Eigen::CwiseNullaryOp<Eigen::internal::scalar_constant_op<double>, const Eigen::Matrix<double, -1, -1> > >; Func = Eigen::internal::assign_op<double, double>]’
/home/u12/darrenc/R/test/RcppEigen/include/Eigen/src/Core/PlainObjectBase.h:797:41:   required from ‘Derived& Eigen::PlainObjectBase<Derived>::_set_noalias(const Eigen::DenseBase<OtherDerived>&) [with OtherDerived = Eigen::CwiseBinaryOp<Eigen::internal::scalar_quotient_op<double, double>, const Eigen::Product<Eigen::Transpose<const Eigen::Matrix<double, -1, -1> >, Eigen::Matrix<double, -1, -1>, 0>, const Eigen::CwiseNullaryOp<Eigen::internal::scalar_constant_op<double>, const Eigen::Matrix<double, -1, -1> > >; Derived = Eigen::Matrix<double, -1, -1>]’
/home/u12/darrenc/R/test/RcppEigen/include/Eigen/src/Core/PlainObjectBase.h:594:7:   required from ‘Eigen::PlainObjectBase<Derived>::PlainObjectBase(const Eigen::DenseBase<OtherDerived>&) [with OtherDerived = Eigen::CwiseBinaryOp<Eigen::internal::scalar_quotient_op<double, double>, const Eigen::Product<Eigen::Transpose<const Eigen::Matrix<double, -1, -1> >, Eigen::Matrix<double, -1, -1>, 0>, const Eigen::CwiseNullaryOp<Eigen::internal::scalar_constant_op<double>, const Eigen::Matrix<double, -1, -1> > >; Derived = Eigen::Matrix<double, -1, -1>]’
/home/u12/darrenc/R/test/RcppEigen/include/Eigen/src/Core/Matrix.h:423:29:   required from ‘Eigen::Matrix<_Scalar, _Rows, _Cols, _Options, _MaxRows, _MaxCols>::Matrix(const Eigen::EigenBase<OtherDerived>&) [with OtherDerived = Eigen::CwiseBinaryOp<Eigen::internal::scalar_quotient_op<double, double>, const Eigen::Product<Eigen::Transpose<const Eigen::Matrix<double, -1, -1> >, Eigen::Matrix<double, -1, -1>, 0>, const Eigen::CwiseNullaryOp<Eigen::internal::scalar_constant_op<double>, const Eigen::Matrix<double, -1, -1> > >; _Scalar = double; int _Rows = -1; int _Cols = -1; int _Options = 0; int _MaxRows = -1; int _MaxCols = -1]’
data_manipulation.cpp:231:70:   required from here
/home/u12/darrenc/R/test/RcppEigen/include/Eigen/src/Core/DenseCoeffsBase.h:56:30: warning: ignoring attributes on template argument ‘Eigen::internal::packet_traits<double>::type’ {aka ‘__vector(2) double’} [-Wignored-attributes]
/home/u12/darrenc/R/test/RcppEigen/include/Eigen/src/Core/DenseCoeffsBase.h: In instantiation of ‘class Eigen::DenseCoeffsBase<Eigen::CwiseBinaryOp<Eigen::internal::scalar_conj_product_op<double, double>, const Eigen::Transpose<const Eigen::Block<const Eigen::Block<const Eigen::Transpose<const Eigen::Matrix<double, -1, -1> >, 1, -1, true>, 1, -1, true> >, const Eigen::Block<const Eigen::Matrix<double, -1, -1>, -1, 1, true> >, 0>’:
/home/u12/darrenc/R/test/RcppEigen/include/Eigen/src/Core/DenseBase.h:41:34:   required from ‘class Eigen::DenseBase<Eigen::CwiseBinaryOp<Eigen::internal::scalar_conj_product_op<double, double>, const Eigen::Transpose<const Eigen::Block<const Eigen::Block<const Eigen::Transpose<const Eigen::Matrix<double, -1, -1> >, 1, -1, true>, 1, -1, true> >, const Eigen::Block<const Eigen::Matrix<double, -1, -1>, -1, 1, true> > >’
/home/u12/darrenc/R/test/RcppEigen/include/Eigen/src/Core/MatrixBase.h:48:34:   required from ‘class Eigen::MatrixBase<Eigen::CwiseBinaryOp<Eigen::internal::scalar_conj_product_op<double, double>, const Eigen::Transpose<const Eigen::Block<const Eigen::Block<const Eigen::Transpose<const Eigen::Matrix<double, -1, -1> >, 1, -1, true>, 1, -1, true> >, const Eigen::Block<const Eigen::Matrix<double, -1, -1>, -1, 1, true> > >’
/home/u12/darrenc/R/test/RcppEigen/include/Eigen/src/Core/CwiseBinaryOp.h:148:7:   required from ‘class Eigen::CwiseBinaryOpImpl<Eigen::internal::scalar_conj_product_op<double, double>, const Eigen::Transpose<const Eigen::Block<const Eigen::Block<const Eigen::Transpose<const Eigen::Matrix<double, -1, -1> >, 1, -1, true>, 1, -1, true> >, const Eigen::Block<const Eigen::Matrix<double, -1, -1>, -1, 1, true>, Eigen::Dense>’
/home/u12/darrenc/R/test/RcppEigen/include/Eigen/src/Core/CwiseBinaryOp.h:77:7:   required from ‘class Eigen::CwiseBinaryOp<Eigen::internal::scalar_conj_product_op<double, double>, const Eigen::Transpose<const Eigen::Block<const Eigen::Block<const Eigen::Transpose<const Eigen::Matrix<double, -1, -1> >, 1, -1, true>, 1, -1, true> >, const Eigen::Block<const Eigen::Matrix<double, -1, -1>, -1, 1, true> >’
/home/u12/darrenc/R/test/RcppEigen/include/Eigen/src/Core/Dot.h:50:60:   required from ‘static Eigen::internal::dot_nocheck<T, U, true>::ResScalar Eigen::internal::dot_nocheck<T, U, true>::run(const Eigen::MatrixBase<Derived>&, const Eigen::MatrixBase<U>&) [with T = Eigen::Block<const Eigen::Block<const Eigen::Transpose<const Eigen::Matrix<double, -1, -1> >, 1, -1, true>, 1, -1, true>; U = Eigen::Block<const Eigen::Matrix<double, -1, -1>, -1, 1, true>; Eigen::internal::dot_nocheck<T, U, true>::ResScalar = double]’
/home/u12/darrenc/R/test/RcppEigen/include/Eigen/src/Core/Dot.h:84:58:   [ skipping 11 instantiation contexts, use -ftemplate-backtrace-limit=0 to disable ]
/home/u12/darrenc/R/test/RcppEigen/include/Eigen/src/Core/AssignEvaluator.h:954:31:   required from ‘static void Eigen::internal::Assignment<DstXprType, SrcXprType, Functor, Eigen::internal::Dense2Dense, Weak>::run(DstXprType&, const SrcXprType&, const Functor&) [with DstXprType = Eigen::Matrix<double, -1, -1>; SrcXprType = Eigen::CwiseBinaryOp<Eigen::internal::scalar_quotient_op<double, double>, const Eigen::Product<Eigen::Transpose<const Eigen::Matrix<double, -1, -1> >, Eigen::Matrix<double, -1, -1>, 0>, const Eigen::CwiseNullaryOp<Eigen::internal::scalar_constant_op<double>, const Eigen::Matrix<double, -1, -1> > >; Functor = Eigen::internal::assign_op<double, double>; Weak = void]’
/home/u12/darrenc/R/test/RcppEigen/include/Eigen/src/Core/AssignEvaluator.h:890:49:   required from ‘void Eigen::internal::call_assignment_no_alias(Dst&, const Src&, const Func&) [with Dst = Eigen::Matrix<double, -1, -1>; Src = Eigen::CwiseBinaryOp<Eigen::internal::scalar_quotient_op<double, double>, const Eigen::Product<Eigen::Transpose<const Eigen::Matrix<double, -1, -1> >, Eigen::Matrix<double, -1, -1>, 0>, const Eigen::CwiseNullaryOp<Eigen::internal::scalar_constant_op<double>, const Eigen::Matrix<double, -1, -1> > >; Func = Eigen::internal::assign_op<double, double>]’
/home/u12/darrenc/R/test/RcppEigen/include/Eigen/src/Core/PlainObjectBase.h:797:41:   required from ‘Derived& Eigen::PlainObjectBase<Derived>::_set_noalias(const Eigen::DenseBase<OtherDerived>&) [with OtherDerived = Eigen::CwiseBinaryOp<Eigen::internal::scalar_quotient_op<double, double>, const Eigen::Product<Eigen::Transpose<const Eigen::Matrix<double, -1, -1> >, Eigen::Matrix<double, -1, -1>, 0>, const Eigen::CwiseNullaryOp<Eigen::internal::scalar_constant_op<double>, const Eigen::Matrix<double, -1, -1> > >; Derived = Eigen::Matrix<double, -1, -1>]’
/home/u12/darrenc/R/test/RcppEigen/include/Eigen/src/Core/PlainObjectBase.h:594:7:   required from ‘Eigen::PlainObjectBase<Derived>::PlainObjectBase(const Eigen::DenseBase<OtherDerived>&) [with OtherDerived = Eigen::CwiseBinaryOp<Eigen::internal::scalar_quotient_op<double, double>, const Eigen::Product<Eigen::Transpose<const Eigen::Matrix<double, -1, -1> >, Eigen::Matrix<double, -1, -1>, 0>, const Eigen::CwiseNullaryOp<Eigen::internal::scalar_constant_op<double>, const Eigen::Matrix<double, -1, -1> > >; Derived = Eigen::Matrix<double, -1, -1>]’
/home/u12/darrenc/R/test/RcppEigen/include/Eigen/src/Core/Matrix.h:423:29:   required from ‘Eigen::Matrix<_Scalar, _Rows, _Cols, _Options, _MaxRows, _MaxCols>::Matrix(const Eigen::EigenBase<OtherDerived>&) [with OtherDerived = Eigen::CwiseBinaryOp<Eigen::internal::scalar_quotient_op<double, double>, const Eigen::Product<Eigen::Transpose<const Eigen::Matrix<double, -1, -1> >, Eigen::Matrix<double, -1, -1>, 0>, const Eigen::CwiseNullaryOp<Eigen::internal::scalar_constant_op<double>, const Eigen::Matrix<double, -1, -1> > >; _Scalar = double; int _Rows = -1; int _Cols = -1; int _Options = 0; int _MaxRows = -1; int _MaxCols = -1]’
data_manipulation.cpp:231:70:   required from here
/home/u12/darrenc/R/test/RcppEigen/include/Eigen/src/Core/DenseCoeffsBase.h:56:30: warning: ignoring attributes on template argument ‘Eigen::internal::packet_traits<double>::type’ {aka ‘__vector(2) double’} [-Wignored-attributes]
/home/u12/darrenc/R/test/RcppEigen/include/Eigen/src/Core/DenseCoeffsBase.h: In instantiation of ‘class Eigen::DenseCoeffsBase<Eigen::Block<Eigen::Transpose<Eigen::Block<Eigen::Matrix<double, -1, -1>, 1, -1, false> >, -1, 1, true>, 0>’:
/home/u12/darrenc/R/test/RcppEigen/include/Eigen/src/Core/DenseCoeffsBase.h:302:7:   required from ‘class Eigen::DenseCoeffsBase<Eigen::Block<Eigen::Transpose<Eigen::Block<Eigen::Matrix<double, -1, -1>, 1, -1, false> >, -1, 1, true>, 1>’
/home/u12/darrenc/R/test/RcppEigen/include/Eigen/src/Core/DenseCoeffsBase.h:555:7:   required from ‘class Eigen::DenseCoeffsBase<Eigen::Block<Eigen::Transpose<Eigen::Block<Eigen::Matrix<double, -1, -1>, 1, -1, false> >, -1, 1, true>, 3>’
/home/u12/darrenc/R/test/RcppEigen/include/Eigen/src/Core/DenseBase.h:41:34:   required from ‘class Eigen::DenseBase<Eigen::Block<Eigen::Transpose<Eigen::Block<Eigen::Matrix<double, -1, -1>, 1, -1, false> >, -1, 1, true> >’
/home/u12/darrenc/R/test/RcppEigen/include/Eigen/src/Core/MatrixBase.h:48:34:   required from ‘class Eigen::MatrixBase<Eigen::Block<Eigen::Transpose<Eigen::Block<Eigen::Matrix<double, -1, -1>, 1, -1, false> >, -1, 1, true> >’
/home/u12/darrenc/R/test/RcppEigen/include/Eigen/src/Core/MapBase.h:37:34:   required from ‘class Eigen::MapBase<Eigen::Block<Eigen::Transpose<Eigen::Block<Eigen::Matrix<double, -1, -1>, 1, -1, false> >, -1, 1, true>, 0>’
/home/u12/darrenc/R/test/RcppEigen/include/Eigen/src/Core/MapBase.h:223:34:   [ skipping 16 instantiation contexts, use -ftemplate-backtrace-limit=0 to disable ]
/home/u12/darrenc/R/test/RcppEigen/include/Eigen/src/Core/AssignEvaluator.h:954:31:   required from ‘static void Eigen::internal::Assignment<DstXprType, SrcXprType, Functor, Eigen::internal::Dense2Dense, Weak>::run(DstXprType&, const SrcXprType&, const Functor&) [with DstXprType = Eigen::Matrix<double, -1, -1>; SrcXprType = Eigen::CwiseBinaryOp<Eigen::internal::scalar_quotient_op<double, double>, const Eigen::Product<Eigen::Transpose<const Eigen::Matrix<double, -1, -1> >, Eigen::Matrix<double, -1, -1>, 0>, const Eigen::CwiseNullaryOp<Eigen::internal::scalar_constant_op<double>, const Eigen::Matrix<double, -1, -1> > >; Functor = Eigen::internal::assign_op<double, double>; Weak = void]’
/home/u12/darrenc/R/test/RcppEigen/include/Eigen/src/Core/AssignEvaluator.h:890:49:   required from ‘void Eigen::internal::call_assignment_no_alias(Dst&, const Src&, const Func&) [with Dst = Eigen::Matrix<double, -1, -1>; Src = Eigen::CwiseBinaryOp<Eigen::internal::scalar_quotient_op<double, double>, const Eigen::Product<Eigen::Transpose<const Eigen::Matrix<double, -1, -1> >, Eigen::Matrix<double, -1, -1>, 0>, const Eigen::CwiseNullaryOp<Eigen::internal::scalar_constant_op<double>, const Eigen::Matrix<double, -1, -1> > >; Func = Eigen::internal::assign_op<double, double>]’
/home/u12/darrenc/R/test/RcppEigen/include/Eigen/src/Core/PlainObjectBase.h:797:41:   required from ‘Derived& Eigen::PlainObjectBase<Derived>::_set_noalias(const Eigen::DenseBase<OtherDerived>&) [with OtherDerived = Eigen::CwiseBinaryOp<Eigen::internal::scalar_quotient_op<double, double>, const Eigen::Product<Eigen::Transpose<const Eigen::Matrix<double, -1, -1> >, Eigen::Matrix<double, -1, -1>, 0>, const Eigen::CwiseNullaryOp<Eigen::internal::scalar_constant_op<double>, const Eigen::Matrix<double, -1, -1> > >; Derived = Eigen::Matrix<double, -1, -1>]’
/home/u12/darrenc/R/test/RcppEigen/include/Eigen/src/Core/PlainObjectBase.h:594:7:   required from ‘Eigen::PlainObjectBase<Derived>::PlainObjectBase(const Eigen::DenseBase<OtherDerived>&) [with OtherDerived = Eigen::CwiseBinaryOp<Eigen::internal::scalar_quotient_op<double, double>, const Eigen::Product<Eigen::Transpose<const Eigen::Matrix<double, -1, -1> >, Eigen::Matrix<double, -1, -1>, 0>, const Eigen::CwiseNullaryOp<Eigen::internal::scalar_constant_op<double>, const Eigen::Matrix<double, -1, -1> > >; Derived = Eigen::Matrix<double, -1, -1>]’
/home/u12/darrenc/R/test/RcppEigen/include/Eigen/src/Core/Matrix.h:423:29:   required from ‘Eigen::Matrix<_Scalar, _Rows, _Cols, _Options, _MaxRows, _MaxCols>::Matrix(const Eigen::EigenBase<OtherDerived>&) [with OtherDerived = Eigen::CwiseBinaryOp<Eigen::internal::scalar_quotient_op<double, double>, const Eigen::Product<Eigen::Transpose<const Eigen::Matrix<double, -1, -1> >, Eigen::Matrix<double, -1, -1>, 0>, const Eigen::CwiseNullaryOp<Eigen::internal::scalar_constant_op<double>, const Eigen::Matrix<double, -1, -1> > >; _Scalar = double; int _Rows = -1; int _Cols = -1; int _Options = 0; int _MaxRows = -1; int _MaxCols = -1]’
data_manipulation.cpp:231:70:   required from here
/home/u12/darrenc/R/test/RcppEigen/include/Eigen/src/Core/DenseCoeffsBase.h:56:30: warning: ignoring attributes on template argument ‘Eigen::internal::packet_traits<double>::type’ {aka ‘__vector(2) double’} [-Wignored-attributes]
In file included from /home/u12/darrenc/R/test/RcppEigen/include/Eigen/Core:330,
                 from /home/u12/darrenc/R/test/RcppEigen/include/Eigen/Dense:1,
                 from /home/u12/darrenc/R/test/RcppEigen/include/RcppEigenForward.h:28,
                 from /home/u12/darrenc/R/test/RcppEigen/include/RcppEigen.h:25,
                 from data_manipulation.cpp:1:
/home/u12/darrenc/R/test/RcppEigen/include/Eigen/src/Core/products/GeneralBlockPanelKernel.h: In instantiation of ‘class Eigen::internal::gebp_traits<double, double, false, false, 1, 0>’:
/home/u12/darrenc/R/test/RcppEigen/include/Eigen/src/Core/products/GeneralBlockPanelKernel.h:147:40:   required from ‘void Eigen::internal::evaluateProductBlockingSizesHeuristic(Index&, Index&, Index&, Index) [with LhsScalar = double; RhsScalar = double; int KcFactor = 1; Index = long int]’
/home/u12/darrenc/R/test/RcppEigen/include/Eigen/src/Core/products/GeneralBlockPanelKernel.h:342:81:   required from ‘void Eigen::internal::computeProductBlockingSizes(Index&, Index&, Index&, Index) [with LhsScalar = double; RhsScalar = double; int KcFactor = 1; Index = long int]’
/home/u12/darrenc/R/test/RcppEigen/include/Eigen/src/Core/products/GeneralMatrixMatrix.h:355:66:   required from ‘Eigen::internal::gemm_blocking_space<StorageOrder, _LhsScalar, _RhsScalar, MaxRows, MaxCols, MaxDepth, KcFactor, false>::gemm_blocking_space(Eigen::Index, Eigen::Index, Eigen::Index, Eigen::Index, bool) [with int StorageOrder = 0; _LhsScalar = double; _RhsScalar = double; int MaxRows = -1; int MaxCols = -1; int MaxDepth = -1; int KcFactor = 1; Eigen::Index = long int]’
/home/u12/darrenc/R/test/RcppEigen/include/Eigen/src/Core/products/GeneralMatrixMatrix.h:507:18:   required from ‘static void Eigen::internal::generic_product_impl<Lhs, Rhs, Eigen::DenseShape, Eigen::DenseShape, 8>::scaleAndAddTo(Dest&, const Lhs&, const Rhs&, const Scalar&) [with Dest = Eigen::Matrix<double, -1, -1>; Lhs = Eigen::Transpose<const Eigen::Matrix<double, -1, -1> >; Rhs = Eigen::Matrix<double, -1, -1>; Eigen::internal::generic_product_impl<Lhs, Rhs, Eigen::DenseShape, Eigen::DenseShape, 8>::Scalar = double]’
/home/u12/darrenc/R/test/RcppEigen/include/Eigen/src/Core/products/GeneralMatrixMatrix.h:445:20:   required from ‘static void Eigen::internal::generic_product_impl<Lhs, Rhs, Eigen::DenseShape, Eigen::DenseShape, 8>::evalTo(Dst&, const Lhs&, const Rhs&) [with Dst = Eigen::Matrix<double, -1, -1>; Lhs = Eigen::Transpose<const Eigen::Matrix<double, -1, -1> >; Rhs = Eigen::Matrix<double, -1, -1>]’
/home/u12/darrenc/R/test/RcppEigen/include/Eigen/src/Core/ProductEvaluators.h:124:75:   [ skipping 7 instantiation contexts, use -ftemplate-backtrace-limit=0 to disable ]
/home/u12/darrenc/R/test/RcppEigen/include/Eigen/src/Core/AssignEvaluator.h:954:31:   required from ‘static void Eigen::internal::Assignment<DstXprType, SrcXprType, Functor, Eigen::internal::Dense2Dense, Weak>::run(DstXprType&, const SrcXprType&, const Functor&) [with DstXprType = Eigen::Matrix<double, -1, -1>; SrcXprType = Eigen::CwiseBinaryOp<Eigen::internal::scalar_quotient_op<double, double>, const Eigen::Product<Eigen::Transpose<const Eigen::Matrix<double, -1, -1> >, Eigen::Matrix<double, -1, -1>, 0>, const Eigen::CwiseNullaryOp<Eigen::internal::scalar_constant_op<double>, const Eigen::Matrix<double, -1, -1> > >; Functor = Eigen::internal::assign_op<double, double>; Weak = void]’
/home/u12/darrenc/R/test/RcppEigen/include/Eigen/src/Core/AssignEvaluator.h:890:49:   required from ‘void Eigen::internal::call_assignment_no_alias(Dst&, const Src&, const Func&) [with Dst = Eigen::Matrix<double, -1, -1>; Src = Eigen::CwiseBinaryOp<Eigen::internal::scalar_quotient_op<double, double>, const Eigen::Product<Eigen::Transpose<const Eigen::Matrix<double, -1, -1> >, Eigen::Matrix<double, -1, -1>, 0>, const Eigen::CwiseNullaryOp<Eigen::internal::scalar_constant_op<double>, const Eigen::Matrix<double, -1, -1> > >; Func = Eigen::internal::assign_op<double, double>]’
/home/u12/darrenc/R/test/RcppEigen/include/Eigen/src/Core/PlainObjectBase.h:797:41:   required from ‘Derived& Eigen::PlainObjectBase<Derived>::_set_noalias(const Eigen::DenseBase<OtherDerived>&) [with OtherDerived = Eigen::CwiseBinaryOp<Eigen::internal::scalar_quotient_op<double, double>, const Eigen::Product<Eigen::Transpose<const Eigen::Matrix<double, -1, -1> >, Eigen::Matrix<double, -1, -1>, 0>, const Eigen::CwiseNullaryOp<Eigen::internal::scalar_constant_op<double>, const Eigen::Matrix<double, -1, -1> > >; Derived = Eigen::Matrix<double, -1, -1>]’
/home/u12/darrenc/R/test/RcppEigen/include/Eigen/src/Core/PlainObjectBase.h:594:7:   required from ‘Eigen::PlainObjectBase<Derived>::PlainObjectBase(const Eigen::DenseBase<OtherDerived>&) [with OtherDerived = Eigen::CwiseBinaryOp<Eigen::internal::scalar_quotient_op<double, double>, const Eigen::Product<Eigen::Transpose<const Eigen::Matrix<double, -1, -1> >, Eigen::Matrix<double, -1, -1>, 0>, const Eigen::CwiseNullaryOp<Eigen::internal::scalar_constant_op<double>, const Eigen::Matrix<double, -1, -1> > >; Derived = Eigen::Matrix<double, -1, -1>]’
/home/u12/darrenc/R/test/RcppEigen/include/Eigen/src/Core/Matrix.h:423:29:   required from ‘Eigen::Matrix<_Scalar, _Rows, _Cols, _Options, _MaxRows, _MaxCols>::Matrix(const Eigen::EigenBase<OtherDerived>&) [with OtherDerived = Eigen::CwiseBinaryOp<Eigen::internal::scalar_quotient_op<double, double>, const Eigen::Product<Eigen::Transpose<const Eigen::Matrix<double, -1, -1> >, Eigen::Matrix<double, -1, -1>, 0>, const Eigen::CwiseNullaryOp<Eigen::internal::scalar_constant_op<double>, const Eigen::Matrix<double, -1, -1> > >; _Scalar = double; int _Rows = -1; int _Cols = -1; int _Options = 0; int _MaxRows = -1; int _MaxCols = -1]’
data_manipulation.cpp:231:70:   required from here
/home/u12/darrenc/R/test/RcppEigen/include/Eigen/src/Core/products/GeneralBlockPanelKernel.h:425:27: warning: ignoring attributes on template argument ‘Eigen::internal::packet_traits<double>::half’ {aka ‘__vector(2) double’} [-Wignored-attributes]
   PACKET_DECL_COND_PREFIX(_, Lhs, _PacketSize);
                           ^
/home/u12/darrenc/R/test/RcppEigen/include/Eigen/src/Core/products/GeneralBlockPanelKernel.h:384:3: note: in definition of macro ‘PACKET_DECL_COND_PREFIX’
   prefix ## name ## Packet
   ^~~~~~
/home/u12/darrenc/R/test/RcppEigen/include/Eigen/src/Core/products/GeneralBlockPanelKernel.h:425:27: warning: ignoring attributes on template argument ‘Eigen::internal::packet_traits<double>::type’ {aka ‘__vector(2) double’} [-Wignored-attributes]
   PACKET_DECL_COND_PREFIX(_, Lhs, _PacketSize);
                           ^
/home/u12/darrenc/R/test/RcppEigen/include/Eigen/src/Core/products/GeneralBlockPanelKernel.h:384:3: note: in definition of macro ‘PACKET_DECL_COND_PREFIX’
   prefix ## name ## Packet
   ^~~~~~
/home/u12/darrenc/R/test/RcppEigen/include/Eigen/src/Core/products/GeneralBlockPanelKernel.h:425:27: warning: ignoring attributes on template argument ‘Eigen::internal::packet_traits<double>::half’ {aka ‘__vector(2) double’} [-Wignored-attributes]
   PACKET_DECL_COND_PREFIX(_, Lhs, _PacketSize);
                           ^
/home/u12/darrenc/R/test/RcppEigen/include/Eigen/src/Core/products/GeneralBlockPanelKernel.h:384:3: note: in definition of macro ‘PACKET_DECL_COND_PREFIX’
   prefix ## name ## Packet
   ^~~~~~
/home/u12/darrenc/R/test/RcppEigen/include/Eigen/src/Core/products/GeneralBlockPanelKernel.h:425:27: warning: ignoring attributes on template argument ‘Eigen::internal::unpacket_traits<__vector(2) double>::half’ {aka ‘__vector(2) double’} [-Wignored-attributes]
   PACKET_DECL_COND_PREFIX(_, Lhs, _PacketSize);
                           ^
/home/u12/darrenc/R/test/RcppEigen/include/Eigen/src/Core/products/GeneralBlockPanelKernel.h:384:3: note: in definition of macro ‘PACKET_DECL_COND_PREFIX’
   prefix ## name ## Packet
   ^~~~~~
/home/u12/darrenc/R/test/RcppEigen/include/Eigen/src/Core/products/GeneralBlockPanelKernel.h:426:27: warning: ignoring attributes on template argument ‘Eigen::internal::packet_traits<double>::half’ {aka ‘__vector(2) double’} [-Wignored-attributes]
   PACKET_DECL_COND_PREFIX(_, Rhs, _PacketSize);
                           ^
/home/u12/darrenc/R/test/RcppEigen/include/Eigen/src/Core/products/GeneralBlockPanelKernel.h:384:3: note: in definition of macro ‘PACKET_DECL_COND_PREFIX’
   prefix ## name ## Packet
   ^~~~~~
/home/u12/darrenc/R/test/RcppEigen/include/Eigen/src/Core/products/GeneralBlockPanelKernel.h:426:27: warning: ignoring attributes on template argument ‘Eigen::internal::packet_traits<double>::type’ {aka ‘__vector(2) double’} [-Wignored-attributes]
   PACKET_DECL_COND_PREFIX(_, Rhs, _PacketSize);
                           ^
/home/u12/darrenc/R/test/RcppEigen/include/Eigen/src/Core/products/GeneralBlockPanelKernel.h:384:3: note: in definition of macro ‘PACKET_DECL_COND_PREFIX’
   prefix ## name ## Packet
   ^~~~~~
/home/u12/darrenc/R/test/RcppEigen/include/Eigen/src/Core/products/GeneralBlockPanelKernel.h:426:27: warning: ignoring attributes on template argument ‘Eigen::internal::packet_traits<double>::half’ {aka ‘__vector(2) double’} [-Wignored-attributes]
   PACKET_DECL_COND_PREFIX(_, Rhs, _PacketSize);
                           ^
/home/u12/darrenc/R/test/RcppEigen/include/Eigen/src/Core/products/GeneralBlockPanelKernel.h:384:3: note: in definition of macro ‘PACKET_DECL_COND_PREFIX’
   prefix ## name ## Packet
   ^~~~~~
/home/u12/darrenc/R/test/RcppEigen/include/Eigen/src/Core/products/GeneralBlockPanelKernel.h:426:27: warning: ignoring attributes on template argument ‘Eigen::internal::unpacket_traits<__vector(2) double>::half’ {aka ‘__vector(2) double’} [-Wignored-attributes]
   PACKET_DECL_COND_PREFIX(_, Rhs, _PacketSize);
                           ^
/home/u12/darrenc/R/test/RcppEigen/include/Eigen/src/Core/products/GeneralBlockPanelKernel.h:384:3: note: in definition of macro ‘PACKET_DECL_COND_PREFIX’
   prefix ## name ## Packet
   ^~~~~~
/home/u12/darrenc/R/test/RcppEigen/include/Eigen/src/Core/products/GeneralBlockPanelKernel.h:427:27: warning: ignoring attributes on template argument ‘Eigen::internal::packet_traits<double>::half’ {aka ‘__vector(2) double’} [-Wignored-attributes]
   PACKET_DECL_COND_PREFIX(_, Res, _PacketSize);
                           ^
/home/u12/darrenc/R/test/RcppEigen/include/Eigen/src/Core/products/GeneralBlockPanelKernel.h:384:3: note: in definition of macro ‘PACKET_DECL_COND_PREFIX’
   prefix ## name ## Packet
   ^~~~~~
/home/u12/darrenc/R/test/RcppEigen/include/Eigen/src/Core/products/GeneralBlockPanelKernel.h:427:27: warning: ignoring attributes on template argument ‘Eigen::internal::packet_traits<double>::type’ {aka ‘__vector(2) double’} [-Wignored-attributes]
   PACKET_DECL_COND_PREFIX(_, Res, _PacketSize);
                           ^
/home/u12/darrenc/R/test/RcppEigen/include/Eigen/src/Core/products/GeneralBlockPanelKernel.h:384:3: note: in definition of macro ‘PACKET_DECL_COND_PREFIX’
   prefix ## name ## Packet
   ^~~~~~
/home/u12/darrenc/R/test/RcppEigen/include/Eigen/src/Core/products/GeneralBlockPanelKernel.h:427:27: warning: ignoring attributes on template argument ‘Eigen::internal::packet_traits<double>::half’ {aka ‘__vector(2) double’} [-Wignored-attributes]
   PACKET_DECL_COND_PREFIX(_, Res, _PacketSize);
                           ^
/home/u12/darrenc/R/test/RcppEigen/include/Eigen/src/Core/products/GeneralBlockPanelKernel.h:384:3: note: in definition of macro ‘PACKET_DECL_COND_PREFIX’
   prefix ## name ## Packet
   ^~~~~~
/home/u12/darrenc/R/test/RcppEigen/include/Eigen/src/Core/products/GeneralBlockPanelKernel.h:427:27: warning: ignoring attributes on template argument ‘Eigen::internal::unpacket_traits<__vector(2) double>::half’ {aka ‘__vector(2) double’} [-Wignored-attributes]
   PACKET_DECL_COND_PREFIX(_, Res, _PacketSize);
                           ^
/home/u12/darrenc/R/test/RcppEigen/include/Eigen/src/Core/products/GeneralBlockPanelKernel.h:384:3: note: in definition of macro ‘PACKET_DECL_COND_PREFIX’
   prefix ## name ## Packet
   ^~~~~~
/home/u12/darrenc/R/test/RcppEigen/include/Eigen/src/Core/products/GeneralBlockPanelKernel.h:432:62: warning: ignoring attributes on template argument ‘Eigen::internal::packet_traits<double>::half’ {aka ‘__vector(2) double’} [-Wignored-attributes]
     Vectorizable = unpacket_traits<_LhsPacket>::vectorizable && unpacket_traits<_RhsPacket>::vectorizable,
                    ~~~~~~~~~~~~~~~~~~~~~~~~~~~~~~~~~~~~~~~~~~^~~~~~~~~~~~~~~~~~~~~~~~~~~~~~
/home/u12/darrenc/R/test/RcppEigen/include/Eigen/src/Core/products/GeneralBlockPanelKernel.h:432:62: warning: ignoring attributes on template argument ‘Eigen::internal::packet_traits<double>::type’ {aka ‘__vector(2) double’} [-Wignored-attributes]
/home/u12/darrenc/R/test/RcppEigen/include/Eigen/src/Core/products/GeneralBlockPanelKernel.h:432:62: warning: ignoring attributes on template argument ‘Eigen::internal::packet_traits<double>::half’ {aka ‘__vector(2) double’} [-Wignored-attributes]
/home/u12/darrenc/R/test/RcppEigen/include/Eigen/src/Core/products/GeneralBlockPanelKernel.h:432:62: warning: ignoring attributes on template argument ‘Eigen::internal::unpacket_traits<__vector(2) double>::half’ {aka ‘__vector(2) double’} [-Wignored-attributes]
/home/u12/darrenc/R/test/RcppEigen/include/Eigen/src/Core/products/GeneralBlockPanelKernel.h:432:62: warning: ignoring attributes on template argument ‘Eigen::internal::packet_traits<double>::half’ {aka ‘__vector(2) double’} [-Wignored-attributes]
/home/u12/darrenc/R/test/RcppEigen/include/Eigen/src/Core/products/GeneralBlockPanelKernel.h:432:62: warning: ignoring attributes on template argument ‘Eigen::internal::packet_traits<double>::type’ {aka ‘__vector(2) double’} [-Wignored-attributes]
/home/u12/darrenc/R/test/RcppEigen/include/Eigen/src/Core/products/GeneralBlockPanelKernel.h:432:62: warning: ignoring attributes on template argument ‘Eigen::internal::packet_traits<double>::half’ {aka ‘__vector(2) double’} [-Wignored-attributes]
/home/u12/darrenc/R/test/RcppEigen/include/Eigen/src/Core/products/GeneralBlockPanelKernel.h:432:62: warning: ignoring attributes on template argument ‘Eigen::internal::unpacket_traits<__vector(2) double>::half’ {aka ‘__vector(2) double’} [-Wignored-attributes]
/home/u12/darrenc/R/test/RcppEigen/include/Eigen/src/Core/products/GeneralBlockPanelKernel.h:433:34: warning: ignoring attributes on template argument ‘Eigen::internal::packet_traits<double>::half’ {aka ‘__vector(2) double’} [-Wignored-attributes]
     LhsPacketSize = Vectorizable ? unpacket_traits<_LhsPacket>::size : 1,
                     ~~~~~~~~~~~~~^~~~~~~~~~~~~~~~~~~~~~~~~~~~~~~~~~~~~~~
/home/u12/darrenc/R/test/RcppEigen/include/Eigen/src/Core/products/GeneralBlockPanelKernel.h:433:34: warning: ignoring attributes on template argument ‘Eigen::internal::packet_traits<double>::type’ {aka ‘__vector(2) double’} [-Wignored-attributes]
/home/u12/darrenc/R/test/RcppEigen/include/Eigen/src/Core/products/GeneralBlockPanelKernel.h:433:34: warning: ignoring attributes on template argument ‘Eigen::internal::packet_traits<double>::half’ {aka ‘__vector(2) double’} [-Wignored-attributes]
/home/u12/darrenc/R/test/RcppEigen/include/Eigen/src/Core/products/GeneralBlockPanelKernel.h:433:34: warning: ignoring attributes on template argument ‘Eigen::internal::unpacket_traits<__vector(2) double>::half’ {aka ‘__vector(2) double’} [-Wignored-attributes]
/home/u12/darrenc/R/test/RcppEigen/include/Eigen/src/Core/products/GeneralBlockPanelKernel.h:434:34: warning: ignoring attributes on template argument ‘Eigen::internal::packet_traits<double>::half’ {aka ‘__vector(2) double’} [-Wignored-attributes]
     RhsPacketSize = Vectorizable ? unpacket_traits<_RhsPacket>::size : 1,
                     ~~~~~~~~~~~~~^~~~~~~~~~~~~~~~~~~~~~~~~~~~~~~~~~~~~~~
/home/u12/darrenc/R/test/RcppEigen/include/Eigen/src/Core/products/GeneralBlockPanelKernel.h:434:34: warning: ignoring attributes on template argument ‘Eigen::internal::packet_traits<double>::type’ {aka ‘__vector(2) double’} [-Wignored-attributes]
/home/u12/darrenc/R/test/RcppEigen/include/Eigen/src/Core/products/GeneralBlockPanelKernel.h:434:34: warning: ignoring attributes on template argument ‘Eigen::internal::packet_traits<double>::half’ {aka ‘__vector(2) double’} [-Wignored-attributes]
/home/u12/darrenc/R/test/RcppEigen/include/Eigen/src/Core/products/GeneralBlockPanelKernel.h:434:34: warning: ignoring attributes on template argument ‘Eigen::internal::unpacket_traits<__vector(2) double>::half’ {aka ‘__vector(2) double’} [-Wignored-attributes]
/home/u12/darrenc/R/test/RcppEigen/include/Eigen/src/Core/products/GeneralBlockPanelKernel.h:435:34: warning: ignoring attributes on template argument ‘Eigen::internal::packet_traits<double>::half’ {aka ‘__vector(2) double’} [-Wignored-attributes]
     ResPacketSize = Vectorizable ? unpacket_traits<_ResPacket>::size : 1,
                     ~~~~~~~~~~~~~^~~~~~~~~~~~~~~~~~~~~~~~~~~~~~~~~~~~~~~
/home/u12/darrenc/R/test/RcppEigen/include/Eigen/src/Core/products/GeneralBlockPanelKernel.h:435:34: warning: ignoring attributes on template argument ‘Eigen::internal::packet_traits<double>::type’ {aka ‘__vector(2) double’} [-Wignored-attributes]
/home/u12/darrenc/R/test/RcppEigen/include/Eigen/src/Core/products/GeneralBlockPanelKernel.h:435:34: warning: ignoring attributes on template argument ‘Eigen::internal::packet_traits<double>::half’ {aka ‘__vector(2) double’} [-Wignored-attributes]
/home/u12/darrenc/R/test/RcppEigen/include/Eigen/src/Core/products/GeneralBlockPanelKernel.h:435:34: warning: ignoring attributes on template argument ‘Eigen::internal::unpacket_traits<__vector(2) double>::half’ {aka ‘__vector(2) double’} [-Wignored-attributes]
/home/u12/darrenc/R/test/RcppEigen/include/Eigen/src/Core/products/GeneralBlockPanelKernel.h:460:73: warning: ignoring attributes on template argument ‘Eigen::internal::packet_traits<double>::half’ {aka ‘__vector(2) double’} [-Wignored-attributes]
   typedef typename conditional<Vectorizable,_LhsPacket,LhsScalar>::type LhsPacket;
                                                                         ^~~~~~~~~
/home/u12/darrenc/R/test/RcppEigen/include/Eigen/src/Core/products/GeneralBlockPanelKernel.h:460:73: warning: ignoring attributes on template argument ‘Eigen::internal::packet_traits<double>::type’ {aka ‘__vector(2) double’} [-Wignored-attributes]
/home/u12/darrenc/R/test/RcppEigen/include/Eigen/src/Core/products/GeneralBlockPanelKernel.h:460:73: warning: ignoring attributes on template argument ‘Eigen::internal::packet_traits<double>::half’ {aka ‘__vector(2) double’} [-Wignored-attributes]
/home/u12/darrenc/R/test/RcppEigen/include/Eigen/src/Core/products/GeneralBlockPanelKernel.h:460:73: warning: ignoring attributes on template argument ‘Eigen::internal::unpacket_traits<__vector(2) double>::half’ {aka ‘__vector(2) double’} [-Wignored-attributes]
/home/u12/darrenc/R/test/RcppEigen/include/Eigen/src/Core/products/GeneralBlockPanelKernel.h:461:73: warning: ignoring attributes on template argument ‘Eigen::internal::packet_traits<double>::half’ {aka ‘__vector(2) double’} [-Wignored-attributes]
   typedef typename conditional<Vectorizable,_RhsPacket,RhsScalar>::type RhsPacket;
                                                                         ^~~~~~~~~
/home/u12/darrenc/R/test/RcppEigen/include/Eigen/src/Core/products/GeneralBlockPanelKernel.h:461:73: warning: ignoring attributes on template argument ‘Eigen::internal::packet_traits<double>::type’ {aka ‘__vector(2) double’} [-Wignored-attributes]
/home/u12/darrenc/R/test/RcppEigen/include/Eigen/src/Core/products/GeneralBlockPanelKernel.h:461:73: warning: ignoring attributes on template argument ‘Eigen::internal::packet_traits<double>::half’ {aka ‘__vector(2) double’} [-Wignored-attributes]
/home/u12/darrenc/R/test/RcppEigen/include/Eigen/src/Core/products/GeneralBlockPanelKernel.h:461:73: warning: ignoring attributes on template argument ‘Eigen::internal::unpacket_traits<__vector(2) double>::half’ {aka ‘__vector(2) double’} [-Wignored-attributes]
/home/u12/darrenc/R/test/RcppEigen/include/Eigen/src/Core/products/GeneralBlockPanelKernel.h:462:73: warning: ignoring attributes on template argument ‘Eigen::internal::packet_traits<double>::half’ {aka ‘__vector(2) double’} [-Wignored-attributes]
   typedef typename conditional<Vectorizable,_ResPacket,ResScalar>::type ResPacket;
                                                                         ^~~~~~~~~
/home/u12/darrenc/R/test/RcppEigen/include/Eigen/src/Core/products/GeneralBlockPanelKernel.h:462:73: warning: ignoring attributes on template argument ‘Eigen::internal::packet_traits<double>::type’ {aka ‘__vector(2) double’} [-Wignored-attributes]
/home/u12/darrenc/R/test/RcppEigen/include/Eigen/src/Core/products/GeneralBlockPanelKernel.h:462:73: warning: ignoring attributes on template argument ‘Eigen::internal::packet_traits<double>::half’ {aka ‘__vector(2) double’} [-Wignored-attributes]
/home/u12/darrenc/R/test/RcppEigen/include/Eigen/src/Core/products/GeneralBlockPanelKernel.h:462:73: warning: ignoring attributes on template argument ‘Eigen::internal::unpacket_traits<__vector(2) double>::half’ {aka ‘__vector(2) double’} [-Wignored-attributes]
/home/u12/darrenc/R/test/RcppEigen/include/Eigen/src/Core/products/GeneralBlockPanelKernel.h:465:33: warning: ignoring attributes on template argument ‘Eigen::internal::packet_traits<double>::half’ {aka ‘__vector(2) double’} [-Wignored-attributes]
   typedef QuadPacket<RhsPacket> RhsPacketx4;
                                 ^~~~~~~~~~~
/home/u12/darrenc/R/test/RcppEigen/include/Eigen/src/Core/products/GeneralBlockPanelKernel.h:465:33: warning: ignoring attributes on template argument ‘Eigen::internal::packet_traits<double>::type’ {aka ‘__vector(2) double’} [-Wignored-attributes]
/home/u12/darrenc/R/test/RcppEigen/include/Eigen/src/Core/products/GeneralBlockPanelKernel.h:465:33: warning: ignoring attributes on template argument ‘Eigen::internal::packet_traits<double>::half’ {aka ‘__vector(2) double’} [-Wignored-attributes]
/home/u12/darrenc/R/test/RcppEigen/include/Eigen/src/Core/products/GeneralBlockPanelKernel.h:465:33: warning: ignoring attributes on template argument ‘Eigen::internal::unpacket_traits<__vector(2) double>::half’ {aka ‘__vector(2) double’} [-Wignored-attributes]
/home/u12/darrenc/R/test/RcppEigen/include/Eigen/src/Core/products/GeneralBlockPanelKernel.h: In instantiation of ‘class Eigen::internal::gebp_traits<double, double, false, false, 1, 1>’:
/home/u12/darrenc/R/test/RcppEigen/include/Eigen/src/Core/products/GeneralBlockPanelKernel.h:1080:42:   required from ‘struct Eigen::internal::gebp_kernel<double, double, long int, Eigen::internal::blas_data_mapper<double, long int, 0, 0, 1>, 4, 4, false, false>’
/home/u12/darrenc/R/test/RcppEigen/include/Eigen/src/Core/products/GeneralMatrixMatrix.h:82:107:   required from ‘static void Eigen::internal::general_matrix_matrix_product<Index, LhsScalar, LhsStorageOrder, ConjugateLhs, RhsScalar, RhsStorageOrder, ConjugateRhs, 0, ResInnerStride>::run(Index, Index, Index, const LhsScalar*, Index, const RhsScalar*, Index, Eigen::internal::general_matrix_matrix_product<Index, LhsScalar, LhsStorageOrder, ConjugateLhs, RhsScalar, RhsStorageOrder, ConjugateRhs, 0, ResInnerStride>::ResScalar*, Index, Index, Eigen::internal::general_matrix_matrix_product<Index, LhsScalar, LhsStorageOrder, ConjugateLhs, RhsScalar, RhsStorageOrder, ConjugateRhs, 0, ResInnerStride>::ResScalar, Eigen::internal::level3_blocking<LhsScalar, RhsScalar>&, Eigen::internal::GemmParallelInfo<Index>*) [with Index = long int; LhsScalar = double; int LhsStorageOrder = 1; bool ConjugateLhs = false; RhsScalar = double; int RhsStorageOrder = 0; bool ConjugateRhs = false; int ResInnerStride = 1; Eigen::internal::general_matrix_matrix_product<Index, LhsScalar, LhsStorageOrder, ConjugateLhs, RhsScalar, RhsStorageOrder, ConjugateRhs, 0, ResInnerStride>::ResScalar = double]’
/home/u12/darrenc/R/test/RcppEigen/include/Eigen/src/Core/products/GeneralMatrixMatrix.h:230:14:   required from ‘void Eigen::internal::gemm_functor<Scalar, Index, Gemm, Lhs, Rhs, Dest, BlockingType>::operator()(Index, Index, Index, Index, Eigen::internal::GemmParallelInfo<Index>*) const [with Scalar = double; Index = long int; Gemm = Eigen::internal::general_matrix_matrix_product<long int, double, 1, false, double, 0, false, 0, 1>; Lhs = Eigen::Transpose<const Eigen::Matrix<double, -1, -1> >; Rhs = Eigen::Matrix<double, -1, -1>; Dest = Eigen::Matrix<double, -1, -1>; BlockingType = Eigen::internal::gemm_blocking_space<0, double, double, -1, -1, -1, 1, false>]’
/home/u12/darrenc/R/test/RcppEigen/include/Eigen/src/Core/products/Parallelizer.h:114:7:   required from ‘void Eigen::internal::parallelize_gemm(const Functor&, Index, Index, Index, bool) [with bool Condition = true; Functor = Eigen::internal::gemm_functor<double, long int, Eigen::internal::general_matrix_matrix_product<long int, double, 1, false, double, 0, false, 0, 1>, Eigen::Transpose<const Eigen::Matrix<double, -1, -1> >, Eigen::Matrix<double, -1, -1>, Eigen::Matrix<double, -1, -1>, Eigen::internal::gemm_blocking_space<0, double, double, -1, -1, -1, 1, false> >; Index = long int]’
/home/u12/darrenc/R/test/RcppEigen/include/Eigen/src/Core/products/GeneralMatrixMatrix.h:509:9:   required from ‘static void Eigen::internal::generic_product_impl<Lhs, Rhs, Eigen::DenseShape, Eigen::DenseShape, 8>::scaleAndAddTo(Dest&, const Lhs&, const Rhs&, const Scalar&) [with Dest = Eigen::Matrix<double, -1, -1>; Lhs = Eigen::Transpose<const Eigen::Matrix<double, -1, -1> >; Rhs = Eigen::Matrix<double, -1, -1>; Eigen::internal::generic_product_impl<Lhs, Rhs, Eigen::DenseShape, Eigen::DenseShape, 8>::Scalar = double]’
/home/u12/darrenc/R/test/RcppEigen/include/Eigen/src/Core/products/GeneralMatrixMatrix.h:445:20:   [ skipping 8 instantiation contexts, use -ftemplate-backtrace-limit=0 to disable ]
/home/u12/darrenc/R/test/RcppEigen/include/Eigen/src/Core/AssignEvaluator.h:954:31:   required from ‘static void Eigen::internal::Assignment<DstXprType, SrcXprType, Functor, Eigen::internal::Dense2Dense, Weak>::run(DstXprType&, const SrcXprType&, const Functor&) [with DstXprType = Eigen::Matrix<double, -1, -1>; SrcXprType = Eigen::CwiseBinaryOp<Eigen::internal::scalar_quotient_op<double, double>, const Eigen::Product<Eigen::Transpose<const Eigen::Matrix<double, -1, -1> >, Eigen::Matrix<double, -1, -1>, 0>, const Eigen::CwiseNullaryOp<Eigen::internal::scalar_constant_op<double>, const Eigen::Matrix<double, -1, -1> > >; Functor = Eigen::internal::assign_op<double, double>; Weak = void]’
/home/u12/darrenc/R/test/RcppEigen/include/Eigen/src/Core/AssignEvaluator.h:890:49:   required from ‘void Eigen::internal::call_assignment_no_alias(Dst&, const Src&, const Func&) [with Dst = Eigen::Matrix<double, -1, -1>; Src = Eigen::CwiseBinaryOp<Eigen::internal::scalar_quotient_op<double, double>, const Eigen::Product<Eigen::Transpose<const Eigen::Matrix<double, -1, -1> >, Eigen::Matrix<double, -1, -1>, 0>, const Eigen::CwiseNullaryOp<Eigen::internal::scalar_constant_op<double>, const Eigen::Matrix<double, -1, -1> > >; Func = Eigen::internal::assign_op<double, double>]’
/home/u12/darrenc/R/test/RcppEigen/include/Eigen/src/Core/PlainObjectBase.h:797:41:   required from ‘Derived& Eigen::PlainObjectBase<Derived>::_set_noalias(const Eigen::DenseBase<OtherDerived>&) [with OtherDerived = Eigen::CwiseBinaryOp<Eigen::internal::scalar_quotient_op<double, double>, const Eigen::Product<Eigen::Transpose<const Eigen::Matrix<double, -1, -1> >, Eigen::Matrix<double, -1, -1>, 0>, const Eigen::CwiseNullaryOp<Eigen::internal::scalar_constant_op<double>, const Eigen::Matrix<double, -1, -1> > >; Derived = Eigen::Matrix<double, -1, -1>]’
/home/u12/darrenc/R/test/RcppEigen/include/Eigen/src/Core/PlainObjectBase.h:594:7:   required from ‘Eigen::PlainObjectBase<Derived>::PlainObjectBase(const Eigen::DenseBase<OtherDerived>&) [with OtherDerived = Eigen::CwiseBinaryOp<Eigen::internal::scalar_quotient_op<double, double>, const Eigen::Product<Eigen::Transpose<const Eigen::Matrix<double, -1, -1> >, Eigen::Matrix<double, -1, -1>, 0>, const Eigen::CwiseNullaryOp<Eigen::internal::scalar_constant_op<double>, const Eigen::Matrix<double, -1, -1> > >; Derived = Eigen::Matrix<double, -1, -1>]’
/home/u12/darrenc/R/test/RcppEigen/include/Eigen/src/Core/Matrix.h:423:29:   required from ‘Eigen::Matrix<_Scalar, _Rows, _Cols, _Options, _MaxRows, _MaxCols>::Matrix(const Eigen::EigenBase<OtherDerived>&) [with OtherDerived = Eigen::CwiseBinaryOp<Eigen::internal::scalar_quotient_op<double, double>, const Eigen::Product<Eigen::Transpose<const Eigen::Matrix<double, -1, -1> >, Eigen::Matrix<double, -1, -1>, 0>, const Eigen::CwiseNullaryOp<Eigen::internal::scalar_constant_op<double>, const Eigen::Matrix<double, -1, -1> > >; _Scalar = double; int _Rows = -1; int _Cols = -1; int _Options = 0; int _MaxRows = -1; int _MaxCols = -1]’
data_manipulation.cpp:231:70:   required from here
/home/u12/darrenc/R/test/RcppEigen/include/Eigen/src/Core/products/GeneralBlockPanelKernel.h:425:27: warning: ignoring attributes on template argument ‘Eigen::internal::packet_traits<double>::half’ {aka ‘__vector(2) double’} [-Wignored-attributes]
   PACKET_DECL_COND_PREFIX(_, Lhs, _PacketSize);
                           ^
/home/u12/darrenc/R/test/RcppEigen/include/Eigen/src/Core/products/GeneralBlockPanelKernel.h:384:3: note: in definition of macro ‘PACKET_DECL_COND_PREFIX’
   prefix ## name ## Packet
   ^~~~~~
/home/u12/darrenc/R/test/RcppEigen/include/Eigen/src/Core/products/GeneralBlockPanelKernel.h:425:27: warning: ignoring attributes on template argument ‘Eigen::internal::packet_traits<double>::type’ {aka ‘__vector(2) double’} [-Wignored-attributes]
   PACKET_DECL_COND_PREFIX(_, Lhs, _PacketSize);
                           ^
/home/u12/darrenc/R/test/RcppEigen/include/Eigen/src/Core/products/GeneralBlockPanelKernel.h:384:3: note: in definition of macro ‘PACKET_DECL_COND_PREFIX’
   prefix ## name ## Packet
   ^~~~~~
/home/u12/darrenc/R/test/RcppEigen/include/Eigen/src/Core/products/GeneralBlockPanelKernel.h:425:27: warning: ignoring attributes on template argument ‘Eigen::internal::packet_traits<double>::half’ {aka ‘__vector(2) double’} [-Wignored-attributes]
   PACKET_DECL_COND_PREFIX(_, Lhs, _PacketSize);
                           ^
/home/u12/darrenc/R/test/RcppEigen/include/Eigen/src/Core/products/GeneralBlockPanelKernel.h:384:3: note: in definition of macro ‘PACKET_DECL_COND_PREFIX’
   prefix ## name ## Packet
   ^~~~~~
/home/u12/darrenc/R/test/RcppEigen/include/Eigen/src/Core/products/GeneralBlockPanelKernel.h:425:27: warning: ignoring attributes on template argument ‘Eigen::internal::unpacket_traits<__vector(2) double>::half’ {aka ‘__vector(2) double’} [-Wignored-attributes]
   PACKET_DECL_COND_PREFIX(_, Lhs, _PacketSize);
                           ^
/home/u12/darrenc/R/test/RcppEigen/include/Eigen/src/Core/products/GeneralBlockPanelKernel.h:384:3: note: in definition of macro ‘PACKET_DECL_COND_PREFIX’
   prefix ## name ## Packet
   ^~~~~~
/home/u12/darrenc/R/test/RcppEigen/include/Eigen/src/Core/products/GeneralBlockPanelKernel.h:426:27: warning: ignoring attributes on template argument ‘Eigen::internal::packet_traits<double>::half’ {aka ‘__vector(2) double’} [-Wignored-attributes]
   PACKET_DECL_COND_PREFIX(_, Rhs, _PacketSize);
                           ^
/home/u12/darrenc/R/test/RcppEigen/include/Eigen/src/Core/products/GeneralBlockPanelKernel.h:384:3: note: in definition of macro ‘PACKET_DECL_COND_PREFIX’
   prefix ## name ## Packet
   ^~~~~~
/home/u12/darrenc/R/test/RcppEigen/include/Eigen/src/Core/products/GeneralBlockPanelKernel.h:426:27: warning: ignoring attributes on template argument ‘Eigen::internal::packet_traits<double>::type’ {aka ‘__vector(2) double’} [-Wignored-attributes]
   PACKET_DECL_COND_PREFIX(_, Rhs, _PacketSize);
                           ^
/home/u12/darrenc/R/test/RcppEigen/include/Eigen/src/Core/products/GeneralBlockPanelKernel.h:384:3: note: in definition of macro ‘PACKET_DECL_COND_PREFIX’
   prefix ## name ## Packet
   ^~~~~~
/home/u12/darrenc/R/test/RcppEigen/include/Eigen/src/Core/products/GeneralBlockPanelKernel.h:426:27: warning: ignoring attributes on template argument ‘Eigen::internal::packet_traits<double>::half’ {aka ‘__vector(2) double’} [-Wignored-attributes]
   PACKET_DECL_COND_PREFIX(_, Rhs, _PacketSize);
                           ^
/home/u12/darrenc/R/test/RcppEigen/include/Eigen/src/Core/products/GeneralBlockPanelKernel.h:384:3: note: in definition of macro ‘PACKET_DECL_COND_PREFIX’
   prefix ## name ## Packet
   ^~~~~~
/home/u12/darrenc/R/test/RcppEigen/include/Eigen/src/Core/products/GeneralBlockPanelKernel.h:426:27: warning: ignoring attributes on template argument ‘Eigen::internal::unpacket_traits<__vector(2) double>::half’ {aka ‘__vector(2) double’} [-Wignored-attributes]
   PACKET_DECL_COND_PREFIX(_, Rhs, _PacketSize);
                           ^
/home/u12/darrenc/R/test/RcppEigen/include/Eigen/src/Core/products/GeneralBlockPanelKernel.h:384:3: note: in definition of macro ‘PACKET_DECL_COND_PREFIX’
   prefix ## name ## Packet
   ^~~~~~
/home/u12/darrenc/R/test/RcppEigen/include/Eigen/src/Core/products/GeneralBlockPanelKernel.h:427:27: warning: ignoring attributes on template argument ‘Eigen::internal::packet_traits<double>::half’ {aka ‘__vector(2) double’} [-Wignored-attributes]
   PACKET_DECL_COND_PREFIX(_, Res, _PacketSize);
                           ^
/home/u12/darrenc/R/test/RcppEigen/include/Eigen/src/Core/products/GeneralBlockPanelKernel.h:384:3: note: in definition of macro ‘PACKET_DECL_COND_PREFIX’
   prefix ## name ## Packet
   ^~~~~~
/home/u12/darrenc/R/test/RcppEigen/include/Eigen/src/Core/products/GeneralBlockPanelKernel.h:427:27: warning: ignoring attributes on template argument ‘Eigen::internal::packet_traits<double>::type’ {aka ‘__vector(2) double’} [-Wignored-attributes]
   PACKET_DECL_COND_PREFIX(_, Res, _PacketSize);
                           ^
/home/u12/darrenc/R/test/RcppEigen/include/Eigen/src/Core/products/GeneralBlockPanelKernel.h:384:3: note: in definition of macro ‘PACKET_DECL_COND_PREFIX’
   prefix ## name ## Packet
   ^~~~~~
/home/u12/darrenc/R/test/RcppEigen/include/Eigen/src/Core/products/GeneralBlockPanelKernel.h:427:27: warning: ignoring attributes on template argument ‘Eigen::internal::packet_traits<double>::half’ {aka ‘__vector(2) double’} [-Wignored-attributes]
   PACKET_DECL_COND_PREFIX(_, Res, _PacketSize);
                           ^
/home/u12/darrenc/R/test/RcppEigen/include/Eigen/src/Core/products/GeneralBlockPanelKernel.h:384:3: note: in definition of macro ‘PACKET_DECL_COND_PREFIX’
   prefix ## name ## Packet
   ^~~~~~
/home/u12/darrenc/R/test/RcppEigen/include/Eigen/src/Core/products/GeneralBlockPanelKernel.h:427:27: warning: ignoring attributes on template argument ‘Eigen::internal::unpacket_traits<__vector(2) double>::half’ {aka ‘__vector(2) double’} [-Wignored-attributes]
   PACKET_DECL_COND_PREFIX(_, Res, _PacketSize);
                           ^
/home/u12/darrenc/R/test/RcppEigen/include/Eigen/src/Core/products/GeneralBlockPanelKernel.h:384:3: note: in definition of macro ‘PACKET_DECL_COND_PREFIX’
   prefix ## name ## Packet
   ^~~~~~
/home/u12/darrenc/R/test/RcppEigen/include/Eigen/src/Core/products/GeneralBlockPanelKernel.h:432:62: warning: ignoring attributes on template argument ‘Eigen::internal::packet_traits<double>::half’ {aka ‘__vector(2) double’} [-Wignored-attributes]
     Vectorizable = unpacket_traits<_LhsPacket>::vectorizable && unpacket_traits<_RhsPacket>::vectorizable,
                    ~~~~~~~~~~~~~~~~~~~~~~~~~~~~~~~~~~~~~~~~~~^~~~~~~~~~~~~~~~~~~~~~~~~~~~~~
/home/u12/darrenc/R/test/RcppEigen/include/Eigen/src/Core/products/GeneralBlockPanelKernel.h:432:62: warning: ignoring attributes on template argument ‘Eigen::internal::packet_traits<double>::type’ {aka ‘__vector(2) double’} [-Wignored-attributes]
/home/u12/darrenc/R/test/RcppEigen/include/Eigen/src/Core/products/GeneralBlockPanelKernel.h:432:62: warning: ignoring attributes on template argument ‘Eigen::internal::packet_traits<double>::half’ {aka ‘__vector(2) double’} [-Wignored-attributes]
/home/u12/darrenc/R/test/RcppEigen/include/Eigen/src/Core/products/GeneralBlockPanelKernel.h:432:62: warning: ignoring attributes on template argument ‘Eigen::internal::unpacket_traits<__vector(2) double>::half’ {aka ‘__vector(2) double’} [-Wignored-attributes]
/home/u12/darrenc/R/test/RcppEigen/include/Eigen/src/Core/products/GeneralBlockPanelKernel.h:432:62: warning: ignoring attributes on template argument ‘Eigen::internal::packet_traits<double>::half’ {aka ‘__vector(2) double’} [-Wignored-attributes]
/home/u12/darrenc/R/test/RcppEigen/include/Eigen/src/Core/products/GeneralBlockPanelKernel.h:432:62: warning: ignoring attributes on template argument ‘Eigen::internal::packet_traits<double>::type’ {aka ‘__vector(2) double’} [-Wignored-attributes]
/home/u12/darrenc/R/test/RcppEigen/include/Eigen/src/Core/products/GeneralBlockPanelKernel.h:432:62: warning: ignoring attributes on template argument ‘Eigen::internal::packet_traits<double>::half’ {aka ‘__vector(2) double’} [-Wignored-attributes]
/home/u12/darrenc/R/test/RcppEigen/include/Eigen/src/Core/products/GeneralBlockPanelKernel.h:432:62: warning: ignoring attributes on template argument ‘Eigen::internal::unpacket_traits<__vector(2) double>::half’ {aka ‘__vector(2) double’} [-Wignored-attributes]
/home/u12/darrenc/R/test/RcppEigen/include/Eigen/src/Core/products/GeneralBlockPanelKernel.h:433:34: warning: ignoring attributes on template argument ‘Eigen::internal::packet_traits<double>::half’ {aka ‘__vector(2) double’} [-Wignored-attributes]
     LhsPacketSize = Vectorizable ? unpacket_traits<_LhsPacket>::size : 1,
                     ~~~~~~~~~~~~~^~~~~~~~~~~~~~~~~~~~~~~~~~~~~~~~~~~~~~~
/home/u12/darrenc/R/test/RcppEigen/include/Eigen/src/Core/products/GeneralBlockPanelKernel.h:433:34: warning: ignoring attributes on template argument ‘Eigen::internal::packet_traits<double>::type’ {aka ‘__vector(2) double’} [-Wignored-attributes]
/home/u12/darrenc/R/test/RcppEigen/include/Eigen/src/Core/products/GeneralBlockPanelKernel.h:433:34: warning: ignoring attributes on template argument ‘Eigen::internal::packet_traits<double>::half’ {aka ‘__vector(2) double’} [-Wignored-attributes]
/home/u12/darrenc/R/test/RcppEigen/include/Eigen/src/Core/products/GeneralBlockPanelKernel.h:433:34: warning: ignoring attributes on template argument ‘Eigen::internal::unpacket_traits<__vector(2) double>::half’ {aka ‘__vector(2) double’} [-Wignored-attributes]
/home/u12/darrenc/R/test/RcppEigen/include/Eigen/src/Core/products/GeneralBlockPanelKernel.h:434:34: warning: ignoring attributes on template argument ‘Eigen::internal::packet_traits<double>::half’ {aka ‘__vector(2) double’} [-Wignored-attributes]
     RhsPacketSize = Vectorizable ? unpacket_traits<_RhsPacket>::size : 1,
                     ~~~~~~~~~~~~~^~~~~~~~~~~~~~~~~~~~~~~~~~~~~~~~~~~~~~~
/home/u12/darrenc/R/test/RcppEigen/include/Eigen/src/Core/products/GeneralBlockPanelKernel.h:434:34: warning: ignoring attributes on template argument ‘Eigen::internal::packet_traits<double>::type’ {aka ‘__vector(2) double’} [-Wignored-attributes]
/home/u12/darrenc/R/test/RcppEigen/include/Eigen/src/Core/products/GeneralBlockPanelKernel.h:434:34: warning: ignoring attributes on template argument ‘Eigen::internal::packet_traits<double>::half’ {aka ‘__vector(2) double’} [-Wignored-attributes]
/home/u12/darrenc/R/test/RcppEigen/include/Eigen/src/Core/products/GeneralBlockPanelKernel.h:434:34: warning: ignoring attributes on template argument ‘Eigen::internal::unpacket_traits<__vector(2) double>::half’ {aka ‘__vector(2) double’} [-Wignored-attributes]
/home/u12/darrenc/R/test/RcppEigen/include/Eigen/src/Core/products/GeneralBlockPanelKernel.h:435:34: warning: ignoring attributes on template argument ‘Eigen::internal::packet_traits<double>::half’ {aka ‘__vector(2) double’} [-Wignored-attributes]
     ResPacketSize = Vectorizable ? unpacket_traits<_ResPacket>::size : 1,
                     ~~~~~~~~~~~~~^~~~~~~~~~~~~~~~~~~~~~~~~~~~~~~~~~~~~~~
/home/u12/darrenc/R/test/RcppEigen/include/Eigen/src/Core/products/GeneralBlockPanelKernel.h:435:34: warning: ignoring attributes on template argument ‘Eigen::internal::packet_traits<double>::type’ {aka ‘__vector(2) double’} [-Wignored-attributes]
/home/u12/darrenc/R/test/RcppEigen/include/Eigen/src/Core/products/GeneralBlockPanelKernel.h:435:34: warning: ignoring attributes on template argument ‘Eigen::internal::packet_traits<double>::half’ {aka ‘__vector(2) double’} [-Wignored-attributes]
/home/u12/darrenc/R/test/RcppEigen/include/Eigen/src/Core/products/GeneralBlockPanelKernel.h:435:34: warning: ignoring attributes on template argument ‘Eigen::internal::unpacket_traits<__vector(2) double>::half’ {aka ‘__vector(2) double’} [-Wignored-attributes]
/home/u12/darrenc/R/test/RcppEigen/include/Eigen/src/Core/products/GeneralBlockPanelKernel.h:460:73: warning: ignoring attributes on template argument ‘Eigen::internal::packet_traits<double>::half’ {aka ‘__vector(2) double’} [-Wignored-attributes]
   typedef typename conditional<Vectorizable,_LhsPacket,LhsScalar>::type LhsPacket;
                                                                         ^~~~~~~~~
/home/u12/darrenc/R/test/RcppEigen/include/Eigen/src/Core/products/GeneralBlockPanelKernel.h:460:73: warning: ignoring attributes on template argument ‘Eigen::internal::packet_traits<double>::type’ {aka ‘__vector(2) double’} [-Wignored-attributes]
/home/u12/darrenc/R/test/RcppEigen/include/Eigen/src/Core/products/GeneralBlockPanelKernel.h:460:73: warning: ignoring attributes on template argument ‘Eigen::internal::packet_traits<double>::half’ {aka ‘__vector(2) double’} [-Wignored-attributes]
/home/u12/darrenc/R/test/RcppEigen/include/Eigen/src/Core/products/GeneralBlockPanelKernel.h:460:73: warning: ignoring attributes on template argument ‘Eigen::internal::unpacket_traits<__vector(2) double>::half’ {aka ‘__vector(2) double’} [-Wignored-attributes]
/home/u12/darrenc/R/test/RcppEigen/include/Eigen/src/Core/products/GeneralBlockPanelKernel.h:461:73: warning: ignoring attributes on template argument ‘Eigen::internal::packet_traits<double>::half’ {aka ‘__vector(2) double’} [-Wignored-attributes]
   typedef typename conditional<Vectorizable,_RhsPacket,RhsScalar>::type RhsPacket;
                                                                         ^~~~~~~~~
/home/u12/darrenc/R/test/RcppEigen/include/Eigen/src/Core/products/GeneralBlockPanelKernel.h:461:73: warning: ignoring attributes on template argument ‘Eigen::internal::packet_traits<double>::type’ {aka ‘__vector(2) double’} [-Wignored-attributes]
/home/u12/darrenc/R/test/RcppEigen/include/Eigen/src/Core/products/GeneralBlockPanelKernel.h:461:73: warning: ignoring attributes on template argument ‘Eigen::internal::packet_traits<double>::half’ {aka ‘__vector(2) double’} [-Wignored-attributes]
/home/u12/darrenc/R/test/RcppEigen/include/Eigen/src/Core/products/GeneralBlockPanelKernel.h:461:73: warning: ignoring attributes on template argument ‘Eigen::internal::unpacket_traits<__vector(2) double>::half’ {aka ‘__vector(2) double’} [-Wignored-attributes]
/home/u12/darrenc/R/test/RcppEigen/include/Eigen/src/Core/products/GeneralBlockPanelKernel.h:462:73: warning: ignoring attributes on template argument ‘Eigen::internal::packet_traits<double>::half’ {aka ‘__vector(2) double’} [-Wignored-attributes]
   typedef typename conditional<Vectorizable,_ResPacket,ResScalar>::type ResPacket;
                                                                         ^~~~~~~~~
/home/u12/darrenc/R/test/RcppEigen/include/Eigen/src/Core/products/GeneralBlockPanelKernel.h:462:73: warning: ignoring attributes on template argument ‘Eigen::internal::packet_traits<double>::type’ {aka ‘__vector(2) double’} [-Wignored-attributes]
/home/u12/darrenc/R/test/RcppEigen/include/Eigen/src/Core/products/GeneralBlockPanelKernel.h:462:73: warning: ignoring attributes on template argument ‘Eigen::internal::packet_traits<double>::half’ {aka ‘__vector(2) double’} [-Wignored-attributes]
/home/u12/darrenc/R/test/RcppEigen/include/Eigen/src/Core/products/GeneralBlockPanelKernel.h:462:73: warning: ignoring attributes on template argument ‘Eigen::internal::unpacket_traits<__vector(2) double>::half’ {aka ‘__vector(2) double’} [-Wignored-attributes]
/home/u12/darrenc/R/test/RcppEigen/include/Eigen/src/Core/products/GeneralBlockPanelKernel.h:465:33: warning: ignoring attributes on template argument ‘Eigen::internal::packet_traits<double>::half’ {aka ‘__vector(2) double’} [-Wignored-attributes]
   typedef QuadPacket<RhsPacket> RhsPacketx4;
                                 ^~~~~~~~~~~
/home/u12/darrenc/R/test/RcppEigen/include/Eigen/src/Core/products/GeneralBlockPanelKernel.h:465:33: warning: ignoring attributes on template argument ‘Eigen::internal::packet_traits<double>::type’ {aka ‘__vector(2) double’} [-Wignored-attributes]
/home/u12/darrenc/R/test/RcppEigen/include/Eigen/src/Core/products/GeneralBlockPanelKernel.h:465:33: warning: ignoring attributes on template argument ‘Eigen::internal::packet_traits<double>::half’ {aka ‘__vector(2) double’} [-Wignored-attributes]
/home/u12/darrenc/R/test/RcppEigen/include/Eigen/src/Core/products/GeneralBlockPanelKernel.h:465:33: warning: ignoring attributes on template argument ‘Eigen::internal::unpacket_traits<__vector(2) double>::half’ {aka ‘__vector(2) double’} [-Wignored-attributes]
/home/u12/darrenc/R/test/RcppEigen/include/Eigen/src/Core/products/GeneralBlockPanelKernel.h: In instantiation of ‘class Eigen::internal::gebp_traits<double, double, false, false, 1, 2>’:
/home/u12/darrenc/R/test/RcppEigen/include/Eigen/src/Core/products/GeneralBlockPanelKernel.h:1085:45:   required from ‘struct Eigen::internal::gebp_kernel<double, double, long int, Eigen::internal::blas_data_mapper<double, long int, 0, 0, 1>, 4, 4, false, false>’
/home/u12/darrenc/R/test/RcppEigen/include/Eigen/src/Core/products/GeneralMatrixMatrix.h:82:107:   required from ‘static void Eigen::internal::general_matrix_matrix_product<Index, LhsScalar, LhsStorageOrder, ConjugateLhs, RhsScalar, RhsStorageOrder, ConjugateRhs, 0, ResInnerStride>::run(Index, Index, Index, const LhsScalar*, Index, const RhsScalar*, Index, Eigen::internal::general_matrix_matrix_product<Index, LhsScalar, LhsStorageOrder, ConjugateLhs, RhsScalar, RhsStorageOrder, ConjugateRhs, 0, ResInnerStride>::ResScalar*, Index, Index, Eigen::internal::general_matrix_matrix_product<Index, LhsScalar, LhsStorageOrder, ConjugateLhs, RhsScalar, RhsStorageOrder, ConjugateRhs, 0, ResInnerStride>::ResScalar, Eigen::internal::level3_blocking<LhsScalar, RhsScalar>&, Eigen::internal::GemmParallelInfo<Index>*) [with Index = long int; LhsScalar = double; int LhsStorageOrder = 1; bool ConjugateLhs = false; RhsScalar = double; int RhsStorageOrder = 0; bool ConjugateRhs = false; int ResInnerStride = 1; Eigen::internal::general_matrix_matrix_product<Index, LhsScalar, LhsStorageOrder, ConjugateLhs, RhsScalar, RhsStorageOrder, ConjugateRhs, 0, ResInnerStride>::ResScalar = double]’
/home/u12/darrenc/R/test/RcppEigen/include/Eigen/src/Core/products/GeneralMatrixMatrix.h:230:14:   required from ‘void Eigen::internal::gemm_functor<Scalar, Index, Gemm, Lhs, Rhs, Dest, BlockingType>::operator()(Index, Index, Index, Index, Eigen::internal::GemmParallelInfo<Index>*) const [with Scalar = double; Index = long int; Gemm = Eigen::internal::general_matrix_matrix_product<long int, double, 1, false, double, 0, false, 0, 1>; Lhs = Eigen::Transpose<const Eigen::Matrix<double, -1, -1> >; Rhs = Eigen::Matrix<double, -1, -1>; Dest = Eigen::Matrix<double, -1, -1>; BlockingType = Eigen::internal::gemm_blocking_space<0, double, double, -1, -1, -1, 1, false>]’
/home/u12/darrenc/R/test/RcppEigen/include/Eigen/src/Core/products/Parallelizer.h:114:7:   required from ‘void Eigen::internal::parallelize_gemm(const Functor&, Index, Index, Index, bool) [with bool Condition = true; Functor = Eigen::internal::gemm_functor<double, long int, Eigen::internal::general_matrix_matrix_product<long int, double, 1, false, double, 0, false, 0, 1>, Eigen::Transpose<const Eigen::Matrix<double, -1, -1> >, Eigen::Matrix<double, -1, -1>, Eigen::Matrix<double, -1, -1>, Eigen::internal::gemm_blocking_space<0, double, double, -1, -1, -1, 1, false> >; Index = long int]’
/home/u12/darrenc/R/test/RcppEigen/include/Eigen/src/Core/products/GeneralMatrixMatrix.h:509:9:   required from ‘static void Eigen::internal::generic_product_impl<Lhs, Rhs, Eigen::DenseShape, Eigen::DenseShape, 8>::scaleAndAddTo(Dest&, const Lhs&, const Rhs&, const Scalar&) [with Dest = Eigen::Matrix<double, -1, -1>; Lhs = Eigen::Transpose<const Eigen::Matrix<double, -1, -1> >; Rhs = Eigen::Matrix<double, -1, -1>; Eigen::internal::generic_product_impl<Lhs, Rhs, Eigen::DenseShape, Eigen::DenseShape, 8>::Scalar = double]’
/home/u12/darrenc/R/test/RcppEigen/include/Eigen/src/Core/products/GeneralMatrixMatrix.h:445:20:   [ skipping 8 instantiation contexts, use -ftemplate-backtrace-limit=0 to disable ]
/home/u12/darrenc/R/test/RcppEigen/include/Eigen/src/Core/AssignEvaluator.h:954:31:   required from ‘static void Eigen::internal::Assignment<DstXprType, SrcXprType, Functor, Eigen::internal::Dense2Dense, Weak>::run(DstXprType&, const SrcXprType&, const Functor&) [with DstXprType = Eigen::Matrix<double, -1, -1>; SrcXprType = Eigen::CwiseBinaryOp<Eigen::internal::scalar_quotient_op<double, double>, const Eigen::Product<Eigen::Transpose<const Eigen::Matrix<double, -1, -1> >, Eigen::Matrix<double, -1, -1>, 0>, const Eigen::CwiseNullaryOp<Eigen::internal::scalar_constant_op<double>, const Eigen::Matrix<double, -1, -1> > >; Functor = Eigen::internal::assign_op<double, double>; Weak = void]’
/home/u12/darrenc/R/test/RcppEigen/include/Eigen/src/Core/AssignEvaluator.h:890:49:   required from ‘void Eigen::internal::call_assignment_no_alias(Dst&, const Src&, const Func&) [with Dst = Eigen::Matrix<double, -1, -1>; Src = Eigen::CwiseBinaryOp<Eigen::internal::scalar_quotient_op<double, double>, const Eigen::Product<Eigen::Transpose<const Eigen::Matrix<double, -1, -1> >, Eigen::Matrix<double, -1, -1>, 0>, const Eigen::CwiseNullaryOp<Eigen::internal::scalar_constant_op<double>, const Eigen::Matrix<double, -1, -1> > >; Func = Eigen::internal::assign_op<double, double>]’
/home/u12/darrenc/R/test/RcppEigen/include/Eigen/src/Core/PlainObjectBase.h:797:41:   required from ‘Derived& Eigen::PlainObjectBase<Derived>::_set_noalias(const Eigen::DenseBase<OtherDerived>&) [with OtherDerived = Eigen::CwiseBinaryOp<Eigen::internal::scalar_quotient_op<double, double>, const Eigen::Product<Eigen::Transpose<const Eigen::Matrix<double, -1, -1> >, Eigen::Matrix<double, -1, -1>, 0>, const Eigen::CwiseNullaryOp<Eigen::internal::scalar_constant_op<double>, const Eigen::Matrix<double, -1, -1> > >; Derived = Eigen::Matrix<double, -1, -1>]’
/home/u12/darrenc/R/test/RcppEigen/include/Eigen/src/Core/PlainObjectBase.h:594:7:   required from ‘Eigen::PlainObjectBase<Derived>::PlainObjectBase(const Eigen::DenseBase<OtherDerived>&) [with OtherDerived = Eigen::CwiseBinaryOp<Eigen::internal::scalar_quotient_op<double, double>, const Eigen::Product<Eigen::Transpose<const Eigen::Matrix<double, -1, -1> >, Eigen::Matrix<double, -1, -1>, 0>, const Eigen::CwiseNullaryOp<Eigen::internal::scalar_constant_op<double>, const Eigen::Matrix<double, -1, -1> > >; Derived = Eigen::Matrix<double, -1, -1>]’
/home/u12/darrenc/R/test/RcppEigen/include/Eigen/src/Core/Matrix.h:423:29:   required from ‘Eigen::Matrix<_Scalar, _Rows, _Cols, _Options, _MaxRows, _MaxCols>::Matrix(const Eigen::EigenBase<OtherDerived>&) [with OtherDerived = Eigen::CwiseBinaryOp<Eigen::internal::scalar_quotient_op<double, double>, const Eigen::Product<Eigen::Transpose<const Eigen::Matrix<double, -1, -1> >, Eigen::Matrix<double, -1, -1>, 0>, const Eigen::CwiseNullaryOp<Eigen::internal::scalar_constant_op<double>, const Eigen::Matrix<double, -1, -1> > >; _Scalar = double; int _Rows = -1; int _Cols = -1; int _Options = 0; int _MaxRows = -1; int _MaxCols = -1]’
data_manipulation.cpp:231:70:   required from here
/home/u12/darrenc/R/test/RcppEigen/include/Eigen/src/Core/products/GeneralBlockPanelKernel.h:425:27: warning: ignoring attributes on template argument ‘Eigen::internal::packet_traits<double>::half’ {aka ‘__vector(2) double’} [-Wignored-attributes]
   PACKET_DECL_COND_PREFIX(_, Lhs, _PacketSize);
                           ^
/home/u12/darrenc/R/test/RcppEigen/include/Eigen/src/Core/products/GeneralBlockPanelKernel.h:384:3: note: in definition of macro ‘PACKET_DECL_COND_PREFIX’
   prefix ## name ## Packet
   ^~~~~~
/home/u12/darrenc/R/test/RcppEigen/include/Eigen/src/Core/products/GeneralBlockPanelKernel.h:425:27: warning: ignoring attributes on template argument ‘Eigen::internal::packet_traits<double>::type’ {aka ‘__vector(2) double’} [-Wignored-attributes]
   PACKET_DECL_COND_PREFIX(_, Lhs, _PacketSize);
                           ^
/home/u12/darrenc/R/test/RcppEigen/include/Eigen/src/Core/products/GeneralBlockPanelKernel.h:384:3: note: in definition of macro ‘PACKET_DECL_COND_PREFIX’
   prefix ## name ## Packet
   ^~~~~~
/home/u12/darrenc/R/test/RcppEigen/include/Eigen/src/Core/products/GeneralBlockPanelKernel.h:425:27: warning: ignoring attributes on template argument ‘Eigen::internal::packet_traits<double>::half’ {aka ‘__vector(2) double’} [-Wignored-attributes]
   PACKET_DECL_COND_PREFIX(_, Lhs, _PacketSize);
                           ^
/home/u12/darrenc/R/test/RcppEigen/include/Eigen/src/Core/products/GeneralBlockPanelKernel.h:384:3: note: in definition of macro ‘PACKET_DECL_COND_PREFIX’
   prefix ## name ## Packet
   ^~~~~~
/home/u12/darrenc/R/test/RcppEigen/include/Eigen/src/Core/products/GeneralBlockPanelKernel.h:425:27: warning: ignoring attributes on template argument ‘Eigen::internal::unpacket_traits<__vector(2) double>::half’ {aka ‘__vector(2) double’} [-Wignored-attributes]
   PACKET_DECL_COND_PREFIX(_, Lhs, _PacketSize);
                           ^
/home/u12/darrenc/R/test/RcppEigen/include/Eigen/src/Core/products/GeneralBlockPanelKernel.h:384:3: note: in definition of macro ‘PACKET_DECL_COND_PREFIX’
   prefix ## name ## Packet
   ^~~~~~
/home/u12/darrenc/R/test/RcppEigen/include/Eigen/src/Core/products/GeneralBlockPanelKernel.h:426:27: warning: ignoring attributes on template argument ‘Eigen::internal::packet_traits<double>::half’ {aka ‘__vector(2) double’} [-Wignored-attributes]
   PACKET_DECL_COND_PREFIX(_, Rhs, _PacketSize);
                           ^
/home/u12/darrenc/R/test/RcppEigen/include/Eigen/src/Core/products/GeneralBlockPanelKernel.h:384:3: note: in definition of macro ‘PACKET_DECL_COND_PREFIX’
   prefix ## name ## Packet
   ^~~~~~
/home/u12/darrenc/R/test/RcppEigen/include/Eigen/src/Core/products/GeneralBlockPanelKernel.h:426:27: warning: ignoring attributes on template argument ‘Eigen::internal::packet_traits<double>::type’ {aka ‘__vector(2) double’} [-Wignored-attributes]
   PACKET_DECL_COND_PREFIX(_, Rhs, _PacketSize);
                           ^
/home/u12/darrenc/R/test/RcppEigen/include/Eigen/src/Core/products/GeneralBlockPanelKernel.h:384:3: note: in definition of macro ‘PACKET_DECL_COND_PREFIX’
   prefix ## name ## Packet
   ^~~~~~
/home/u12/darrenc/R/test/RcppEigen/include/Eigen/src/Core/products/GeneralBlockPanelKernel.h:426:27: warning: ignoring attributes on template argument ‘Eigen::internal::packet_traits<double>::half’ {aka ‘__vector(2) double’} [-Wignored-attributes]
   PACKET_DECL_COND_PREFIX(_, Rhs, _PacketSize);
                           ^
/home/u12/darrenc/R/test/RcppEigen/include/Eigen/src/Core/products/GeneralBlockPanelKernel.h:384:3: note: in definition of macro ‘PACKET_DECL_COND_PREFIX’
   prefix ## name ## Packet
   ^~~~~~
/home/u12/darrenc/R/test/RcppEigen/include/Eigen/src/Core/products/GeneralBlockPanelKernel.h:426:27: warning: ignoring attributes on template argument ‘Eigen::internal::unpacket_traits<__vector(2) double>::half’ {aka ‘__vector(2) double’} [-Wignored-attributes]
   PACKET_DECL_COND_PREFIX(_, Rhs, _PacketSize);
                           ^
/home/u12/darrenc/R/test/RcppEigen/include/Eigen/src/Core/products/GeneralBlockPanelKernel.h:384:3: note: in definition of macro ‘PACKET_DECL_COND_PREFIX’
   prefix ## name ## Packet
   ^~~~~~
/home/u12/darrenc/R/test/RcppEigen/include/Eigen/src/Core/products/GeneralBlockPanelKernel.h:427:27: warning: ignoring attributes on template argument ‘Eigen::internal::packet_traits<double>::half’ {aka ‘__vector(2) double’} [-Wignored-attributes]
   PACKET_DECL_COND_PREFIX(_, Res, _PacketSize);
                           ^
/home/u12/darrenc/R/test/RcppEigen/include/Eigen/src/Core/products/GeneralBlockPanelKernel.h:384:3: note: in definition of macro ‘PACKET_DECL_COND_PREFIX’
   prefix ## name ## Packet
   ^~~~~~
/home/u12/darrenc/R/test/RcppEigen/include/Eigen/src/Core/products/GeneralBlockPanelKernel.h:427:27: warning: ignoring attributes on template argument ‘Eigen::internal::packet_traits<double>::type’ {aka ‘__vector(2) double’} [-Wignored-attributes]
   PACKET_DECL_COND_PREFIX(_, Res, _PacketSize);
                           ^
/home/u12/darrenc/R/test/RcppEigen/include/Eigen/src/Core/products/GeneralBlockPanelKernel.h:384:3: note: in definition of macro ‘PACKET_DECL_COND_PREFIX’
   prefix ## name ## Packet
   ^~~~~~
/home/u12/darrenc/R/test/RcppEigen/include/Eigen/src/Core/products/GeneralBlockPanelKernel.h:427:27: warning: ignoring attributes on template argument ‘Eigen::internal::packet_traits<double>::half’ {aka ‘__vector(2) double’} [-Wignored-attributes]
   PACKET_DECL_COND_PREFIX(_, Res, _PacketSize);
                           ^
/home/u12/darrenc/R/test/RcppEigen/include/Eigen/src/Core/products/GeneralBlockPanelKernel.h:384:3: note: in definition of macro ‘PACKET_DECL_COND_PREFIX’
   prefix ## name ## Packet
   ^~~~~~
/home/u12/darrenc/R/test/RcppEigen/include/Eigen/src/Core/products/GeneralBlockPanelKernel.h:427:27: warning: ignoring attributes on template argument ‘Eigen::internal::unpacket_traits<__vector(2) double>::half’ {aka ‘__vector(2) double’} [-Wignored-attributes]
   PACKET_DECL_COND_PREFIX(_, Res, _PacketSize);
                           ^
/home/u12/darrenc/R/test/RcppEigen/include/Eigen/src/Core/products/GeneralBlockPanelKernel.h:384:3: note: in definition of macro ‘PACKET_DECL_COND_PREFIX’
   prefix ## name ## Packet
   ^~~~~~
/home/u12/darrenc/R/test/RcppEigen/include/Eigen/src/Core/products/GeneralBlockPanelKernel.h:432:62: warning: ignoring attributes on template argument ‘Eigen::internal::packet_traits<double>::half’ {aka ‘__vector(2) double’} [-Wignored-attributes]
     Vectorizable = unpacket_traits<_LhsPacket>::vectorizable && unpacket_traits<_RhsPacket>::vectorizable,
                    ~~~~~~~~~~~~~~~~~~~~~~~~~~~~~~~~~~~~~~~~~~^~~~~~~~~~~~~~~~~~~~~~~~~~~~~~
/home/u12/darrenc/R/test/RcppEigen/include/Eigen/src/Core/products/GeneralBlockPanelKernel.h:432:62: warning: ignoring attributes on template argument ‘Eigen::internal::packet_traits<double>::type’ {aka ‘__vector(2) double’} [-Wignored-attributes]
/home/u12/darrenc/R/test/RcppEigen/include/Eigen/src/Core/products/GeneralBlockPanelKernel.h:432:62: warning: ignoring attributes on template argument ‘Eigen::internal::packet_traits<double>::half’ {aka ‘__vector(2) double’} [-Wignored-attributes]
/home/u12/darrenc/R/test/RcppEigen/include/Eigen/src/Core/products/GeneralBlockPanelKernel.h:432:62: warning: ignoring attributes on template argument ‘Eigen::internal::unpacket_traits<__vector(2) double>::half’ {aka ‘__vector(2) double’} [-Wignored-attributes]
/home/u12/darrenc/R/test/RcppEigen/include/Eigen/src/Core/products/GeneralBlockPanelKernel.h:432:62: warning: ignoring attributes on template argument ‘Eigen::internal::packet_traits<double>::half’ {aka ‘__vector(2) double’} [-Wignored-attributes]
/home/u12/darrenc/R/test/RcppEigen/include/Eigen/src/Core/products/GeneralBlockPanelKernel.h:432:62: warning: ignoring attributes on template argument ‘Eigen::internal::packet_traits<double>::type’ {aka ‘__vector(2) double’} [-Wignored-attributes]
/home/u12/darrenc/R/test/RcppEigen/include/Eigen/src/Core/products/GeneralBlockPanelKernel.h:432:62: warning: ignoring attributes on template argument ‘Eigen::internal::packet_traits<double>::half’ {aka ‘__vector(2) double’} [-Wignored-attributes]
/home/u12/darrenc/R/test/RcppEigen/include/Eigen/src/Core/products/GeneralBlockPanelKernel.h:432:62: warning: ignoring attributes on template argument ‘Eigen::internal::unpacket_traits<__vector(2) double>::half’ {aka ‘__vector(2) double’} [-Wignored-attributes]
/home/u12/darrenc/R/test/RcppEigen/include/Eigen/src/Core/products/GeneralBlockPanelKernel.h:433:34: warning: ignoring attributes on template argument ‘Eigen::internal::packet_traits<double>::half’ {aka ‘__vector(2) double’} [-Wignored-attributes]
     LhsPacketSize = Vectorizable ? unpacket_traits<_LhsPacket>::size : 1,
                     ~~~~~~~~~~~~~^~~~~~~~~~~~~~~~~~~~~~~~~~~~~~~~~~~~~~~
/home/u12/darrenc/R/test/RcppEigen/include/Eigen/src/Core/products/GeneralBlockPanelKernel.h:433:34: warning: ignoring attributes on template argument ‘Eigen::internal::packet_traits<double>::type’ {aka ‘__vector(2) double’} [-Wignored-attributes]
/home/u12/darrenc/R/test/RcppEigen/include/Eigen/src/Core/products/GeneralBlockPanelKernel.h:433:34: warning: ignoring attributes on template argument ‘Eigen::internal::packet_traits<double>::half’ {aka ‘__vector(2) double’} [-Wignored-attributes]
/home/u12/darrenc/R/test/RcppEigen/include/Eigen/src/Core/products/GeneralBlockPanelKernel.h:433:34: warning: ignoring attributes on template argument ‘Eigen::internal::unpacket_traits<__vector(2) double>::half’ {aka ‘__vector(2) double’} [-Wignored-attributes]
/home/u12/darrenc/R/test/RcppEigen/include/Eigen/src/Core/products/GeneralBlockPanelKernel.h:434:34: warning: ignoring attributes on template argument ‘Eigen::internal::packet_traits<double>::half’ {aka ‘__vector(2) double’} [-Wignored-attributes]
     RhsPacketSize = Vectorizable ? unpacket_traits<_RhsPacket>::size : 1,
                     ~~~~~~~~~~~~~^~~~~~~~~~~~~~~~~~~~~~~~~~~~~~~~~~~~~~~
/home/u12/darrenc/R/test/RcppEigen/include/Eigen/src/Core/products/GeneralBlockPanelKernel.h:434:34: warning: ignoring attributes on template argument ‘Eigen::internal::packet_traits<double>::type’ {aka ‘__vector(2) double’} [-Wignored-attributes]
/home/u12/darrenc/R/test/RcppEigen/include/Eigen/src/Core/products/GeneralBlockPanelKernel.h:434:34: warning: ignoring attributes on template argument ‘Eigen::internal::packet_traits<double>::half’ {aka ‘__vector(2) double’} [-Wignored-attributes]
/home/u12/darrenc/R/test/RcppEigen/include/Eigen/src/Core/products/GeneralBlockPanelKernel.h:434:34: warning: ignoring attributes on template argument ‘Eigen::internal::unpacket_traits<__vector(2) double>::half’ {aka ‘__vector(2) double’} [-Wignored-attributes]
/home/u12/darrenc/R/test/RcppEigen/include/Eigen/src/Core/products/GeneralBlockPanelKernel.h:435:34: warning: ignoring attributes on template argument ‘Eigen::internal::packet_traits<double>::half’ {aka ‘__vector(2) double’} [-Wignored-attributes]
     ResPacketSize = Vectorizable ? unpacket_traits<_ResPacket>::size : 1,
                     ~~~~~~~~~~~~~^~~~~~~~~~~~~~~~~~~~~~~~~~~~~~~~~~~~~~~
/home/u12/darrenc/R/test/RcppEigen/include/Eigen/src/Core/products/GeneralBlockPanelKernel.h:435:34: warning: ignoring attributes on template argument ‘Eigen::internal::packet_traits<double>::type’ {aka ‘__vector(2) double’} [-Wignored-attributes]
/home/u12/darrenc/R/test/RcppEigen/include/Eigen/src/Core/products/GeneralBlockPanelKernel.h:435:34: warning: ignoring attributes on template argument ‘Eigen::internal::packet_traits<double>::half’ {aka ‘__vector(2) double’} [-Wignored-attributes]
/home/u12/darrenc/R/test/RcppEigen/include/Eigen/src/Core/products/GeneralBlockPanelKernel.h:435:34: warning: ignoring attributes on template argument ‘Eigen::internal::unpacket_traits<__vector(2) double>::half’ {aka ‘__vector(2) double’} [-Wignored-attributes]
/home/u12/darrenc/R/test/RcppEigen/include/Eigen/src/Core/products/GeneralBlockPanelKernel.h:460:73: warning: ignoring attributes on template argument ‘Eigen::internal::packet_traits<double>::half’ {aka ‘__vector(2) double’} [-Wignored-attributes]
   typedef typename conditional<Vectorizable,_LhsPacket,LhsScalar>::type LhsPacket;
                                                                         ^~~~~~~~~
/home/u12/darrenc/R/test/RcppEigen/include/Eigen/src/Core/products/GeneralBlockPanelKernel.h:460:73: warning: ignoring attributes on template argument ‘Eigen::internal::packet_traits<double>::type’ {aka ‘__vector(2) double’} [-Wignored-attributes]
/home/u12/darrenc/R/test/RcppEigen/include/Eigen/src/Core/products/GeneralBlockPanelKernel.h:460:73: warning: ignoring attributes on template argument ‘Eigen::internal::packet_traits<double>::half’ {aka ‘__vector(2) double’} [-Wignored-attributes]
/home/u12/darrenc/R/test/RcppEigen/include/Eigen/src/Core/products/GeneralBlockPanelKernel.h:460:73: warning: ignoring attributes on template argument ‘Eigen::internal::unpacket_traits<__vector(2) double>::half’ {aka ‘__vector(2) double’} [-Wignored-attributes]
/home/u12/darrenc/R/test/RcppEigen/include/Eigen/src/Core/products/GeneralBlockPanelKernel.h:461:73: warning: ignoring attributes on template argument ‘Eigen::internal::packet_traits<double>::half’ {aka ‘__vector(2) double’} [-Wignored-attributes]
   typedef typename conditional<Vectorizable,_RhsPacket,RhsScalar>::type RhsPacket;
                                                                         ^~~~~~~~~
/home/u12/darrenc/R/test/RcppEigen/include/Eigen/src/Core/products/GeneralBlockPanelKernel.h:461:73: warning: ignoring attributes on template argument ‘Eigen::internal::packet_traits<double>::type’ {aka ‘__vector(2) double’} [-Wignored-attributes]
/home/u12/darrenc/R/test/RcppEigen/include/Eigen/src/Core/products/GeneralBlockPanelKernel.h:461:73: warning: ignoring attributes on template argument ‘Eigen::internal::packet_traits<double>::half’ {aka ‘__vector(2) double’} [-Wignored-attributes]
/home/u12/darrenc/R/test/RcppEigen/include/Eigen/src/Core/products/GeneralBlockPanelKernel.h:461:73: warning: ignoring attributes on template argument ‘Eigen::internal::unpacket_traits<__vector(2) double>::half’ {aka ‘__vector(2) double’} [-Wignored-attributes]
/home/u12/darrenc/R/test/RcppEigen/include/Eigen/src/Core/products/GeneralBlockPanelKernel.h:462:73: warning: ignoring attributes on template argument ‘Eigen::internal::packet_traits<double>::half’ {aka ‘__vector(2) double’} [-Wignored-attributes]
   typedef typename conditional<Vectorizable,_ResPacket,ResScalar>::type ResPacket;
                                                                         ^~~~~~~~~
/home/u12/darrenc/R/test/RcppEigen/include/Eigen/src/Core/products/GeneralBlockPanelKernel.h:462:73: warning: ignoring attributes on template argument ‘Eigen::internal::packet_traits<double>::type’ {aka ‘__vector(2) double’} [-Wignored-attributes]
/home/u12/darrenc/R/test/RcppEigen/include/Eigen/src/Core/products/GeneralBlockPanelKernel.h:462:73: warning: ignoring attributes on template argument ‘Eigen::internal::packet_traits<double>::half’ {aka ‘__vector(2) double’} [-Wignored-attributes]
/home/u12/darrenc/R/test/RcppEigen/include/Eigen/src/Core/products/GeneralBlockPanelKernel.h:462:73: warning: ignoring attributes on template argument ‘Eigen::internal::unpacket_traits<__vector(2) double>::half’ {aka ‘__vector(2) double’} [-Wignored-attributes]
/home/u12/darrenc/R/test/RcppEigen/include/Eigen/src/Core/products/GeneralBlockPanelKernel.h:465:33: warning: ignoring attributes on template argument ‘Eigen::internal::packet_traits<double>::half’ {aka ‘__vector(2) double’} [-Wignored-attributes]
   typedef QuadPacket<RhsPacket> RhsPacketx4;
                                 ^~~~~~~~~~~
/home/u12/darrenc/R/test/RcppEigen/include/Eigen/src/Core/products/GeneralBlockPanelKernel.h:465:33: warning: ignoring attributes on template argument ‘Eigen::internal::packet_traits<double>::type’ {aka ‘__vector(2) double’} [-Wignored-attributes]
/home/u12/darrenc/R/test/RcppEigen/include/Eigen/src/Core/products/GeneralBlockPanelKernel.h:465:33: warning: ignoring attributes on template argument ‘Eigen::internal::packet_traits<double>::half’ {aka ‘__vector(2) double’} [-Wignored-attributes]
/home/u12/darrenc/R/test/RcppEigen/include/Eigen/src/Core/products/GeneralBlockPanelKernel.h:465:33: warning: ignoring attributes on template argument ‘Eigen::internal::unpacket_traits<__vector(2) double>::half’ {aka ‘__vector(2) double’} [-Wignored-attributes]
In file included from /home/u12/darrenc/R/test/RcppEigen/include/Eigen/Core:330,
                 from /home/u12/darrenc/R/test/RcppEigen/include/Eigen/Dense:1,
                 from /home/u12/darrenc/R/test/RcppEigen/include/RcppEigenForward.h:28,
                 from /home/u12/darrenc/R/test/RcppEigen/include/RcppEigen.h:25,
                 from data_manipulation.cpp:1:
/home/u12/darrenc/R/test/RcppEigen/include/Eigen/src/Core/products/GeneralBlockPanelKernel.h: In instantiation of ‘void Eigen::internal::gemm_pack_lhs<Scalar, Index, DataMapper, Pack1, Pack2, Packet, 1, Conjugate, PanelMode>::operator()(Scalar*, const DataMapper&, Index, Index, Index, Index) [with Scalar = double; Index = long int; DataMapper = Eigen::internal::const_blas_data_mapper<double, long int, 1>; int Pack1 = 4; int Pack2 = 2; Packet = __vector(2) double; bool Conjugate = false; bool PanelMode = false]’:
/home/u12/darrenc/R/test/RcppEigen/include/Eigen/src/Core/products/GeneralMatrixMatrix.h:184:17:   required from ‘static void Eigen::internal::general_matrix_matrix_product<Index, LhsScalar, LhsStorageOrder, ConjugateLhs, RhsScalar, RhsStorageOrder, ConjugateRhs, 0, ResInnerStride>::run(Index, Index, Index, const LhsScalar*, Index, const RhsScalar*, Index, Eigen::internal::general_matrix_matrix_product<Index, LhsScalar, LhsStorageOrder, ConjugateLhs, RhsScalar, RhsStorageOrder, ConjugateRhs, 0, ResInnerStride>::ResScalar*, Index, Index, Eigen::internal::general_matrix_matrix_product<Index, LhsScalar, LhsStorageOrder, ConjugateLhs, RhsScalar, RhsStorageOrder, ConjugateRhs, 0, ResInnerStride>::ResScalar, Eigen::internal::level3_blocking<LhsScalar, RhsScalar>&, Eigen::internal::GemmParallelInfo<Index>*) [with Index = long int; LhsScalar = double; int LhsStorageOrder = 1; bool ConjugateLhs = false; RhsScalar = double; int RhsStorageOrder = 0; bool ConjugateRhs = false; int ResInnerStride = 1; Eigen::internal::general_matrix_matrix_product<Index, LhsScalar, LhsStorageOrder, ConjugateLhs, RhsScalar, RhsStorageOrder, ConjugateRhs, 0, ResInnerStride>::ResScalar = double]’
/home/u12/darrenc/R/test/RcppEigen/include/Eigen/src/Core/products/GeneralMatrixMatrix.h:230:14:   required from ‘void Eigen::internal::gemm_functor<Scalar, Index, Gemm, Lhs, Rhs, Dest, BlockingType>::operator()(Index, Index, Index, Index, Eigen::internal::GemmParallelInfo<Index>*) const [with Scalar = double; Index = long int; Gemm = Eigen::internal::general_matrix_matrix_product<long int, double, 1, false, double, 0, false, 0, 1>; Lhs = Eigen::Transpose<const Eigen::Matrix<double, -1, -1> >; Rhs = Eigen::Matrix<double, -1, -1>; Dest = Eigen::Matrix<double, -1, -1>; BlockingType = Eigen::internal::gemm_blocking_space<0, double, double, -1, -1, -1, 1, false>]’
/home/u12/darrenc/R/test/RcppEigen/include/Eigen/src/Core/products/Parallelizer.h:114:7:   required from ‘void Eigen::internal::parallelize_gemm(const Functor&, Index, Index, Index, bool) [with bool Condition = true; Functor = Eigen::internal::gemm_functor<double, long int, Eigen::internal::general_matrix_matrix_product<long int, double, 1, false, double, 0, false, 0, 1>, Eigen::Transpose<const Eigen::Matrix<double, -1, -1> >, Eigen::Matrix<double, -1, -1>, Eigen::Matrix<double, -1, -1>, Eigen::internal::gemm_blocking_space<0, double, double, -1, -1, -1, 1, false> >; Index = long int]’
/home/u12/darrenc/R/test/RcppEigen/include/Eigen/src/Core/products/GeneralMatrixMatrix.h:509:9:   required from ‘static void Eigen::internal::generic_product_impl<Lhs, Rhs, Eigen::DenseShape, Eigen::DenseShape, 8>::scaleAndAddTo(Dest&, const Lhs&, const Rhs&, const Scalar&) [with Dest = Eigen::Matrix<double, -1, -1>; Lhs = Eigen::Transpose<const Eigen::Matrix<double, -1, -1> >; Rhs = Eigen::Matrix<double, -1, -1>; Eigen::internal::generic_product_impl<Lhs, Rhs, Eigen::DenseShape, Eigen::DenseShape, 8>::Scalar = double]’
/home/u12/darrenc/R/test/RcppEigen/include/Eigen/src/Core/products/GeneralMatrixMatrix.h:445:20:   required from ‘static void Eigen::internal::generic_product_impl<Lhs, Rhs, Eigen::DenseShape, Eigen::DenseShape, 8>::evalTo(Dst&, const Lhs&, const Rhs&) [with Dst = Eigen::Matrix<double, -1, -1>; Lhs = Eigen::Transpose<const Eigen::Matrix<double, -1, -1> >; Rhs = Eigen::Matrix<double, -1, -1>]’
/home/u12/darrenc/R/test/RcppEigen/include/Eigen/src/Core/ProductEvaluators.h:124:75:   [ skipping 7 instantiation contexts, use -ftemplate-backtrace-limit=0 to disable ]
/home/u12/darrenc/R/test/RcppEigen/include/Eigen/src/Core/AssignEvaluator.h:954:31:   required from ‘static void Eigen::internal::Assignment<DstXprType, SrcXprType, Functor, Eigen::internal::Dense2Dense, Weak>::run(DstXprType&, const SrcXprType&, const Functor&) [with DstXprType = Eigen::Matrix<double, -1, -1>; SrcXprType = Eigen::CwiseBinaryOp<Eigen::internal::scalar_quotient_op<double, double>, const Eigen::Product<Eigen::Transpose<const Eigen::Matrix<double, -1, -1> >, Eigen::Matrix<double, -1, -1>, 0>, const Eigen::CwiseNullaryOp<Eigen::internal::scalar_constant_op<double>, const Eigen::Matrix<double, -1, -1> > >; Functor = Eigen::internal::assign_op<double, double>; Weak = void]’
/home/u12/darrenc/R/test/RcppEigen/include/Eigen/src/Core/AssignEvaluator.h:890:49:   required from ‘void Eigen::internal::call_assignment_no_alias(Dst&, const Src&, const Func&) [with Dst = Eigen::Matrix<double, -1, -1>; Src = Eigen::CwiseBinaryOp<Eigen::internal::scalar_quotient_op<double, double>, const Eigen::Product<Eigen::Transpose<const Eigen::Matrix<double, -1, -1> >, Eigen::Matrix<double, -1, -1>, 0>, const Eigen::CwiseNullaryOp<Eigen::internal::scalar_constant_op<double>, const Eigen::Matrix<double, -1, -1> > >; Func = Eigen::internal::assign_op<double, double>]’
/home/u12/darrenc/R/test/RcppEigen/include/Eigen/src/Core/PlainObjectBase.h:797:41:   required from ‘Derived& Eigen::PlainObjectBase<Derived>::_set_noalias(const Eigen::DenseBase<OtherDerived>&) [with OtherDerived = Eigen::CwiseBinaryOp<Eigen::internal::scalar_quotient_op<double, double>, const Eigen::Product<Eigen::Transpose<const Eigen::Matrix<double, -1, -1> >, Eigen::Matrix<double, -1, -1>, 0>, const Eigen::CwiseNullaryOp<Eigen::internal::scalar_constant_op<double>, const Eigen::Matrix<double, -1, -1> > >; Derived = Eigen::Matrix<double, -1, -1>]’
/home/u12/darrenc/R/test/RcppEigen/include/Eigen/src/Core/PlainObjectBase.h:594:7:   required from ‘Eigen::PlainObjectBase<Derived>::PlainObjectBase(const Eigen::DenseBase<OtherDerived>&) [with OtherDerived = Eigen::CwiseBinaryOp<Eigen::internal::scalar_quotient_op<double, double>, const Eigen::Product<Eigen::Transpose<const Eigen::Matrix<double, -1, -1> >, Eigen::Matrix<double, -1, -1>, 0>, const Eigen::CwiseNullaryOp<Eigen::internal::scalar_constant_op<double>, const Eigen::Matrix<double, -1, -1> > >; Derived = Eigen::Matrix<double, -1, -1>]’
/home/u12/darrenc/R/test/RcppEigen/include/Eigen/src/Core/Matrix.h:423:29:   required from ‘Eigen::Matrix<_Scalar, _Rows, _Cols, _Options, _MaxRows, _MaxCols>::Matrix(const Eigen::EigenBase<OtherDerived>&) [with OtherDerived = Eigen::CwiseBinaryOp<Eigen::internal::scalar_quotient_op<double, double>, const Eigen::Product<Eigen::Transpose<const Eigen::Matrix<double, -1, -1> >, Eigen::Matrix<double, -1, -1>, 0>, const Eigen::CwiseNullaryOp<Eigen::internal::scalar_constant_op<double>, const Eigen::Matrix<double, -1, -1> > >; _Scalar = double; int _Rows = -1; int _Cols = -1; int _Options = 0; int _MaxRows = -1; int _MaxCols = -1]’
data_manipulation.cpp:231:70:   required from here
/home/u12/darrenc/R/test/RcppEigen/include/Eigen/src/Core/products/GeneralBlockPanelKernel.h:2256:82: warning: ignoring attributes on template argument ‘Eigen::internal::unpacket_traits<__vector(2) double>::half’ {aka ‘__vector(2) double’} [-Wignored-attributes]
   typedef typename unpacket_traits<typename unpacket_traits<Packet>::half>::half QuarterPacket;
                                                                                  ^~~~~~~~~~~~~
/home/u12/darrenc/R/test/RcppEigen/include/Eigen/src/Core/products/GeneralBlockPanelKernel.h:2257:8: warning: ignoring attributes on template argument ‘Eigen::internal::unpacket_traits<__vector(2) double>::half’ {aka ‘__vector(2) double’} [-Wignored-attributes]
   enum { PacketSize = unpacket_traits<Packet>::size,
        ^
/home/u12/darrenc/R/test/RcppEigen/include/Eigen/src/Core/products/GeneralBlockPanelKernel.h:2257:8: warning: ignoring attributes on template argument ‘Eigen::internal::unpacket_traits<__vector(2) double>::half’ {aka ‘__vector(2) double’} [-Wignored-attributes]
/home/u12/darrenc/R/test/RcppEigen/include/Eigen/src/Core/products/GeneralBlockPanelKernel.h:2257:8: warning: ignoring attributes on template argument ‘Eigen::internal::unpacket_traits<__vector(2) double>::half’ {aka ‘__vector(2) double’} [-Wignored-attributes]
/home/u12/darrenc/R/test/RcppEigen/include/Eigen/src/Core/products/GeneralBlockPanelKernel.h:2298:39: warning: ignoring attributes on template argument ‘Eigen::internal::unpacket_traits<__vector(2) double>::half’ {aka ‘__vector(2) double’} [-Wignored-attributes]
               PacketBlock<HalfPacket> kernel_half;
                                       ^~~~~~~~~~~
/home/u12/darrenc/R/test/RcppEigen/include/Eigen/src/Core/products/GeneralBlockPanelKernel.h:2298:39: warning: ignoring attributes on template argument ‘Eigen::internal::unpacket_traits<__vector(2) double>::half’ {aka ‘__vector(2) double’} [-Wignored-attributes]
/home/u12/darrenc/R/test/RcppEigen/include/Eigen/src/Core/products/GeneralBlockPanelKernel.h:2304:42: warning: ignoring attributes on template argument ‘Eigen::internal::unpacket_traits<__vector(2) double>::half’ {aka ‘__vector(2) double’} [-Wignored-attributes]
               PacketBlock<QuarterPacket> kernel_quarter;
                                          ^~~~~~~~~~~~~~
/home/u12/darrenc/R/test/RcppEigen/include/Eigen/src/Core/products/GeneralBlockPanelKernel.h:2304:42: warning: ignoring attributes on template argument ‘Eigen::internal::unpacket_traits<__vector(2) double>::half’ {aka ‘__vector(2) double’} [-Wignored-attributes]
/home/u12/darrenc/R/test/RcppEigen/include/Eigen/src/Core/products/GeneralBlockPanelKernel.h:2304:42: warning: ignoring attributes on template argument ‘Eigen::internal::unpacket_traits<__vector(2) double>::half’ {aka ‘__vector(2) double’} [-Wignored-attributes]
/home/u12/darrenc/R/test/RcppEigen/include/Eigen/src/Core/products/GeneralBlockPanelKernel.h:2304:42: warning: ignoring attributes on template argument ‘Eigen::internal::unpacket_traits<__vector(2) double>::half’ {aka ‘__vector(2) double’} [-Wignored-attributes]
/home/u12/darrenc/R/test/RcppEigen/include/Eigen/src/Core/products/GeneralBlockPanelKernel.h: In instantiation of ‘void Eigen::internal::gemm_pack_rhs<Scalar, Index, DataMapper, nr, 0, Conjugate, PanelMode>::operator()(Scalar*, const DataMapper&, Index, Index, Index, Index) [with Scalar = double; Index = long int; DataMapper = Eigen::internal::const_blas_data_mapper<double, long int, 0>; int nr = 4; bool Conjugate = false; bool PanelMode = false]’:
/home/u12/darrenc/R/test/RcppEigen/include/Eigen/src/Core/products/GeneralMatrixMatrix.h:195:21:   required from ‘static void Eigen::internal::general_matrix_matrix_product<Index, LhsScalar, LhsStorageOrder, ConjugateLhs, RhsScalar, RhsStorageOrder, ConjugateRhs, 0, ResInnerStride>::run(Index, Index, Index, const LhsScalar*, Index, const RhsScalar*, Index, Eigen::internal::general_matrix_matrix_product<Index, LhsScalar, LhsStorageOrder, ConjugateLhs, RhsScalar, RhsStorageOrder, ConjugateRhs, 0, ResInnerStride>::ResScalar*, Index, Index, Eigen::internal::general_matrix_matrix_product<Index, LhsScalar, LhsStorageOrder, ConjugateLhs, RhsScalar, RhsStorageOrder, ConjugateRhs, 0, ResInnerStride>::ResScalar, Eigen::internal::level3_blocking<LhsScalar, RhsScalar>&, Eigen::internal::GemmParallelInfo<Index>*) [with Index = long int; LhsScalar = double; int LhsStorageOrder = 1; bool ConjugateLhs = false; RhsScalar = double; int RhsStorageOrder = 0; bool ConjugateRhs = false; int ResInnerStride = 1; Eigen::internal::general_matrix_matrix_product<Index, LhsScalar, LhsStorageOrder, ConjugateLhs, RhsScalar, RhsStorageOrder, ConjugateRhs, 0, ResInnerStride>::ResScalar = double]’
/home/u12/darrenc/R/test/RcppEigen/include/Eigen/src/Core/products/GeneralMatrixMatrix.h:230:14:   required from ‘void Eigen::internal::gemm_functor<Scalar, Index, Gemm, Lhs, Rhs, Dest, BlockingType>::operator()(Index, Index, Index, Index, Eigen::internal::GemmParallelInfo<Index>*) const [with Scalar = double; Index = long int; Gemm = Eigen::internal::general_matrix_matrix_product<long int, double, 1, false, double, 0, false, 0, 1>; Lhs = Eigen::Transpose<const Eigen::Matrix<double, -1, -1> >; Rhs = Eigen::Matrix<double, -1, -1>; Dest = Eigen::Matrix<double, -1, -1>; BlockingType = Eigen::internal::gemm_blocking_space<0, double, double, -1, -1, -1, 1, false>]’
/home/u12/darrenc/R/test/RcppEigen/include/Eigen/src/Core/products/Parallelizer.h:114:7:   required from ‘void Eigen::internal::parallelize_gemm(const Functor&, Index, Index, Index, bool) [with bool Condition = true; Functor = Eigen::internal::gemm_functor<double, long int, Eigen::internal::general_matrix_matrix_product<long int, double, 1, false, double, 0, false, 0, 1>, Eigen::Transpose<const Eigen::Matrix<double, -1, -1> >, Eigen::Matrix<double, -1, -1>, Eigen::Matrix<double, -1, -1>, Eigen::internal::gemm_blocking_space<0, double, double, -1, -1, -1, 1, false> >; Index = long int]’
/home/u12/darrenc/R/test/RcppEigen/include/Eigen/src/Core/products/GeneralMatrixMatrix.h:509:9:   required from ‘static void Eigen::internal::generic_product_impl<Lhs, Rhs, Eigen::DenseShape, Eigen::DenseShape, 8>::scaleAndAddTo(Dest&, const Lhs&, const Rhs&, const Scalar&) [with Dest = Eigen::Matrix<double, -1, -1>; Lhs = Eigen::Transpose<const Eigen::Matrix<double, -1, -1> >; Rhs = Eigen::Matrix<double, -1, -1>; Eigen::internal::generic_product_impl<Lhs, Rhs, Eigen::DenseShape, Eigen::DenseShape, 8>::Scalar = double]’
/home/u12/darrenc/R/test/RcppEigen/include/Eigen/src/Core/products/GeneralMatrixMatrix.h:445:20:   required from ‘static void Eigen::internal::generic_product_impl<Lhs, Rhs, Eigen::DenseShape, Eigen::DenseShape, 8>::evalTo(Dst&, const Lhs&, const Rhs&) [with Dst = Eigen::Matrix<double, -1, -1>; Lhs = Eigen::Transpose<const Eigen::Matrix<double, -1, -1> >; Rhs = Eigen::Matrix<double, -1, -1>]’
/home/u12/darrenc/R/test/RcppEigen/include/Eigen/src/Core/ProductEvaluators.h:124:75:   [ skipping 7 instantiation contexts, use -ftemplate-backtrace-limit=0 to disable ]
/home/u12/darrenc/R/test/RcppEigen/include/Eigen/src/Core/AssignEvaluator.h:954:31:   required from ‘static void Eigen::internal::Assignment<DstXprType, SrcXprType, Functor, Eigen::internal::Dense2Dense, Weak>::run(DstXprType&, const SrcXprType&, const Functor&) [with DstXprType = Eigen::Matrix<double, -1, -1>; SrcXprType = Eigen::CwiseBinaryOp<Eigen::internal::scalar_quotient_op<double, double>, const Eigen::Product<Eigen::Transpose<const Eigen::Matrix<double, -1, -1> >, Eigen::Matrix<double, -1, -1>, 0>, const Eigen::CwiseNullaryOp<Eigen::internal::scalar_constant_op<double>, const Eigen::Matrix<double, -1, -1> > >; Functor = Eigen::internal::assign_op<double, double>; Weak = void]’
/home/u12/darrenc/R/test/RcppEigen/include/Eigen/src/Core/AssignEvaluator.h:890:49:   required from ‘void Eigen::internal::call_assignment_no_alias(Dst&, const Src&, const Func&) [with Dst = Eigen::Matrix<double, -1, -1>; Src = Eigen::CwiseBinaryOp<Eigen::internal::scalar_quotient_op<double, double>, const Eigen::Product<Eigen::Transpose<const Eigen::Matrix<double, -1, -1> >, Eigen::Matrix<double, -1, -1>, 0>, const Eigen::CwiseNullaryOp<Eigen::internal::scalar_constant_op<double>, const Eigen::Matrix<double, -1, -1> > >; Func = Eigen::internal::assign_op<double, double>]’
/home/u12/darrenc/R/test/RcppEigen/include/Eigen/src/Core/PlainObjectBase.h:797:41:   required from ‘Derived& Eigen::PlainObjectBase<Derived>::_set_noalias(const Eigen::DenseBase<OtherDerived>&) [with OtherDerived = Eigen::CwiseBinaryOp<Eigen::internal::scalar_quotient_op<double, double>, const Eigen::Product<Eigen::Transpose<const Eigen::Matrix<double, -1, -1> >, Eigen::Matrix<double, -1, -1>, 0>, const Eigen::CwiseNullaryOp<Eigen::internal::scalar_constant_op<double>, const Eigen::Matrix<double, -1, -1> > >; Derived = Eigen::Matrix<double, -1, -1>]’
/home/u12/darrenc/R/test/RcppEigen/include/Eigen/src/Core/PlainObjectBase.h:594:7:   required from ‘Eigen::PlainObjectBase<Derived>::PlainObjectBase(const Eigen::DenseBase<OtherDerived>&) [with OtherDerived = Eigen::CwiseBinaryOp<Eigen::internal::scalar_quotient_op<double, double>, const Eigen::Product<Eigen::Transpose<const Eigen::Matrix<double, -1, -1> >, Eigen::Matrix<double, -1, -1>, 0>, const Eigen::CwiseNullaryOp<Eigen::internal::scalar_constant_op<double>, const Eigen::Matrix<double, -1, -1> > >; Derived = Eigen::Matrix<double, -1, -1>]’
/home/u12/darrenc/R/test/RcppEigen/include/Eigen/src/Core/Matrix.h:423:29:   required from ‘Eigen::Matrix<_Scalar, _Rows, _Cols, _Options, _MaxRows, _MaxCols>::Matrix(const Eigen::EigenBase<OtherDerived>&) [with OtherDerived = Eigen::CwiseBinaryOp<Eigen::internal::scalar_quotient_op<double, double>, const Eigen::Product<Eigen::Transpose<const Eigen::Matrix<double, -1, -1> >, Eigen::Matrix<double, -1, -1>, 0>, const Eigen::CwiseNullaryOp<Eigen::internal::scalar_constant_op<double>, const Eigen::Matrix<double, -1, -1> > >; _Scalar = double; int _Rows = -1; int _Cols = -1; int _Options = 0; int _MaxRows = -1; int _MaxCols = -1]’
data_manipulation.cpp:231:70:   required from here
/home/u12/darrenc/R/test/RcppEigen/include/Eigen/src/Core/products/GeneralBlockPanelKernel.h:2459:62: warning: ignoring attributes on template argument ‘Eigen::internal::packet_traits<double>::type’ {aka ‘__vector(2) double’} [-Wignored-attributes]
           PacketBlock<Packet,(PacketSize%4)==0?4:PacketSize> kernel;
                                                              ^~~~~~
/home/u12/darrenc/R/test/RcppEigen/include/Eigen/src/Core/products/GeneralBlockPanelKernel.h: In instantiation of ‘void Eigen::internal::gebp_kernel<LhsScalar, RhsScalar, Index, DataMapper, mr, nr, ConjugateLhs, ConjugateRhs>::operator()(const DataMapper&, const LhsScalar*, const RhsScalar*, Index, Index, Index, Eigen::internal::gebp_kernel<LhsScalar, RhsScalar, Index, DataMapper, mr, nr, ConjugateLhs, ConjugateRhs>::ResScalar, Index, Index, Index, Index) [with LhsScalar = double; RhsScalar = double; Index = long int; DataMapper = Eigen::internal::blas_data_mapper<double, long int, 0, 0, 1>; int mr = 4; int nr = 4; bool ConjugateLhs = false; bool ConjugateRhs = false; Eigen::internal::gebp_kernel<LhsScalar, RhsScalar, Index, DataMapper, mr, nr, ConjugateLhs, ConjugateRhs>::ResScalar = double]’:
/home/u12/darrenc/R/test/RcppEigen/include/Eigen/src/Core/products/GeneralMatrixMatrix.h:198:15:   required from ‘static void Eigen::internal::general_matrix_matrix_product<Index, LhsScalar, LhsStorageOrder, ConjugateLhs, RhsScalar, RhsStorageOrder, ConjugateRhs, 0, ResInnerStride>::run(Index, Index, Index, const LhsScalar*, Index, const RhsScalar*, Index, Eigen::internal::general_matrix_matrix_product<Index, LhsScalar, LhsStorageOrder, ConjugateLhs, RhsScalar, RhsStorageOrder, ConjugateRhs, 0, ResInnerStride>::ResScalar*, Index, Index, Eigen::internal::general_matrix_matrix_product<Index, LhsScalar, LhsStorageOrder, ConjugateLhs, RhsScalar, RhsStorageOrder, ConjugateRhs, 0, ResInnerStride>::ResScalar, Eigen::internal::level3_blocking<LhsScalar, RhsScalar>&, Eigen::internal::GemmParallelInfo<Index>*) [with Index = long int; LhsScalar = double; int LhsStorageOrder = 1; bool ConjugateLhs = false; RhsScalar = double; int RhsStorageOrder = 0; bool ConjugateRhs = false; int ResInnerStride = 1; Eigen::internal::general_matrix_matrix_product<Index, LhsScalar, LhsStorageOrder, ConjugateLhs, RhsScalar, RhsStorageOrder, ConjugateRhs, 0, ResInnerStride>::ResScalar = double]’
/home/u12/darrenc/R/test/RcppEigen/include/Eigen/src/Core/products/GeneralMatrixMatrix.h:230:14:   required from ‘void Eigen::internal::gemm_functor<Scalar, Index, Gemm, Lhs, Rhs, Dest, BlockingType>::operator()(Index, Index, Index, Index, Eigen::internal::GemmParallelInfo<Index>*) const [with Scalar = double; Index = long int; Gemm = Eigen::internal::general_matrix_matrix_product<long int, double, 1, false, double, 0, false, 0, 1>; Lhs = Eigen::Transpose<const Eigen::Matrix<double, -1, -1> >; Rhs = Eigen::Matrix<double, -1, -1>; Dest = Eigen::Matrix<double, -1, -1>; BlockingType = Eigen::internal::gemm_blocking_space<0, double, double, -1, -1, -1, 1, false>]’
/home/u12/darrenc/R/test/RcppEigen/include/Eigen/src/Core/products/Parallelizer.h:114:7:   required from ‘void Eigen::internal::parallelize_gemm(const Functor&, Index, Index, Index, bool) [with bool Condition = true; Functor = Eigen::internal::gemm_functor<double, long int, Eigen::internal::general_matrix_matrix_product<long int, double, 1, false, double, 0, false, 0, 1>, Eigen::Transpose<const Eigen::Matrix<double, -1, -1> >, Eigen::Matrix<double, -1, -1>, Eigen::Matrix<double, -1, -1>, Eigen::internal::gemm_blocking_space<0, double, double, -1, -1, -1, 1, false> >; Index = long int]’
/home/u12/darrenc/R/test/RcppEigen/include/Eigen/src/Core/products/GeneralMatrixMatrix.h:509:9:   required from ‘static void Eigen::internal::generic_product_impl<Lhs, Rhs, Eigen::DenseShape, Eigen::DenseShape, 8>::scaleAndAddTo(Dest&, const Lhs&, const Rhs&, const Scalar&) [with Dest = Eigen::Matrix<double, -1, -1>; Lhs = Eigen::Transpose<const Eigen::Matrix<double, -1, -1> >; Rhs = Eigen::Matrix<double, -1, -1>; Eigen::internal::generic_product_impl<Lhs, Rhs, Eigen::DenseShape, Eigen::DenseShape, 8>::Scalar = double]’
/home/u12/darrenc/R/test/RcppEigen/include/Eigen/src/Core/products/GeneralMatrixMatrix.h:445:20:   required from ‘static void Eigen::internal::generic_product_impl<Lhs, Rhs, Eigen::DenseShape, Eigen::DenseShape, 8>::evalTo(Dst&, const Lhs&, const Rhs&) [with Dst = Eigen::Matrix<double, -1, -1>; Lhs = Eigen::Transpose<const Eigen::Matrix<double, -1, -1> >; Rhs = Eigen::Matrix<double, -1, -1>]’
/home/u12/darrenc/R/test/RcppEigen/include/Eigen/src/Core/ProductEvaluators.h:124:75:   [ skipping 7 instantiation contexts, use -ftemplate-backtrace-limit=0 to disable ]
/home/u12/darrenc/R/test/RcppEigen/include/Eigen/src/Core/AssignEvaluator.h:954:31:   required from ‘static void Eigen::internal::Assignment<DstXprType, SrcXprType, Functor, Eigen::internal::Dense2Dense, Weak>::run(DstXprType&, const SrcXprType&, const Functor&) [with DstXprType = Eigen::Matrix<double, -1, -1>; SrcXprType = Eigen::CwiseBinaryOp<Eigen::internal::scalar_quotient_op<double, double>, const Eigen::Product<Eigen::Transpose<const Eigen::Matrix<double, -1, -1> >, Eigen::Matrix<double, -1, -1>, 0>, const Eigen::CwiseNullaryOp<Eigen::internal::scalar_constant_op<double>, const Eigen::Matrix<double, -1, -1> > >; Functor = Eigen::internal::assign_op<double, double>; Weak = void]’
/home/u12/darrenc/R/test/RcppEigen/include/Eigen/src/Core/AssignEvaluator.h:890:49:   required from ‘void Eigen::internal::call_assignment_no_alias(Dst&, const Src&, const Func&) [with Dst = Eigen::Matrix<double, -1, -1>; Src = Eigen::CwiseBinaryOp<Eigen::internal::scalar_quotient_op<double, double>, const Eigen::Product<Eigen::Transpose<const Eigen::Matrix<double, -1, -1> >, Eigen::Matrix<double, -1, -1>, 0>, const Eigen::CwiseNullaryOp<Eigen::internal::scalar_constant_op<double>, const Eigen::Matrix<double, -1, -1> > >; Func = Eigen::internal::assign_op<double, double>]’
/home/u12/darrenc/R/test/RcppEigen/include/Eigen/src/Core/PlainObjectBase.h:797:41:   required from ‘Derived& Eigen::PlainObjectBase<Derived>::_set_noalias(const Eigen::DenseBase<OtherDerived>&) [with OtherDerived = Eigen::CwiseBinaryOp<Eigen::internal::scalar_quotient_op<double, double>, const Eigen::Product<Eigen::Transpose<const Eigen::Matrix<double, -1, -1> >, Eigen::Matrix<double, -1, -1>, 0>, const Eigen::CwiseNullaryOp<Eigen::internal::scalar_constant_op<double>, const Eigen::Matrix<double, -1, -1> > >; Derived = Eigen::Matrix<double, -1, -1>]’
/home/u12/darrenc/R/test/RcppEigen/include/Eigen/src/Core/PlainObjectBase.h:594:7:   required from ‘Eigen::PlainObjectBase<Derived>::PlainObjectBase(const Eigen::DenseBase<OtherDerived>&) [with OtherDerived = Eigen::CwiseBinaryOp<Eigen::internal::scalar_quotient_op<double, double>, const Eigen::Product<Eigen::Transpose<const Eigen::Matrix<double, -1, -1> >, Eigen::Matrix<double, -1, -1>, 0>, const Eigen::CwiseNullaryOp<Eigen::internal::scalar_constant_op<double>, const Eigen::Matrix<double, -1, -1> > >; Derived = Eigen::Matrix<double, -1, -1>]’
/home/u12/darrenc/R/test/RcppEigen/include/Eigen/src/Core/Matrix.h:423:29:   required from ‘Eigen::Matrix<_Scalar, _Rows, _Cols, _Options, _MaxRows, _MaxCols>::Matrix(const Eigen::EigenBase<OtherDerived>&) [with OtherDerived = Eigen::CwiseBinaryOp<Eigen::internal::scalar_quotient_op<double, double>, const Eigen::Product<Eigen::Transpose<const Eigen::Matrix<double, -1, -1> >, Eigen::Matrix<double, -1, -1>, 0>, const Eigen::CwiseNullaryOp<Eigen::internal::scalar_constant_op<double>, const Eigen::Matrix<double, -1, -1> > >; _Scalar = double; int _Rows = -1; int _Cols = -1; int _Options = 0; int _MaxRows = -1; int _MaxCols = -1]’
data_manipulation.cpp:231:70:   required from here
/home/u12/darrenc/R/test/RcppEigen/include/Eigen/src/Core/products/GeneralBlockPanelKernel.h:1920:21: warning: ignoring attributes on template argument ‘Eigen::internal::unpacket_traits<__vector(2) double>::half’ {aka ‘__vector(2) double’} [-Wignored-attributes]
           const int SResPacketHalfSize = unpacket_traits<typename unpacket_traits<SResPacket>::half>::size;
                     ^~~~~~~~~~~~~~~~~~
/home/u12/darrenc/R/test/RcppEigen/include/Eigen/src/Core/products/GeneralBlockPanelKernel.h:1921:21: warning: ignoring attributes on template argument ‘Eigen::internal::unpacket_traits<__vector(2) double>::half’ {aka ‘__vector(2) double’} [-Wignored-attributes]
           const int SResPacketQuarterSize = unpacket_traits<typename unpacket_traits<typename unpacket_traits<SResPacket>::half>::half>::size;
                     ^~~~~~~~~~~~~~~~~~~~~
/home/u12/darrenc/R/test/RcppEigen/include/Eigen/src/Core/products/GeneralBlockPanelKernel.h:1921:21: warning: ignoring attributes on template argument ‘Eigen::internal::unpacket_traits<__vector(2) double>::half’ {aka ‘__vector(2) double’} [-Wignored-attributes]
/home/u12/darrenc/R/test/RcppEigen/include/Eigen/src/Core/products/GeneralBlockPanelKernel.h:1977:135: warning: ignoring attributes on template argument ‘Eigen::internal::unpacket_traits<__vector(2) double>::half’ {aka ‘__vector(2) double’} [-Wignored-attributes]
               typedef typename conditional<SwappedTraits::LhsProgress>=8,typename unpacket_traits<SResPacket>::half,SResPacket>::type SResPacketHalf;
                                                                                                                                       ^~~~~~~~~~~~~~
/home/u12/darrenc/R/test/RcppEigen/include/Eigen/src/Core/products/GeneralBlockPanelKernel.h:1978:135: warning: ignoring attributes on template argument ‘Eigen::internal::unpacket_traits<__vector(2) double>::half’ {aka ‘__vector(2) double’} [-Wignored-attributes]
               typedef typename conditional<SwappedTraits::LhsProgress>=8,typename unpacket_traits<SLhsPacket>::half,SLhsPacket>::type SLhsPacketHalf;
                                                                                                                                       ^~~~~~~~~~~~~~
/home/u12/darrenc/R/test/RcppEigen/include/Eigen/src/Core/products/GeneralBlockPanelKernel.h:1979:135: warning: ignoring attributes on template argument ‘Eigen::internal::unpacket_traits<__vector(2) double>::half’ {aka ‘__vector(2) double’} [-Wignored-attributes]
               typedef typename conditional<SwappedTraits::LhsProgress>=8,typename unpacket_traits<SRhsPacket>::half,SRhsPacket>::type SRhsPacketHalf;
                                                                                                                                       ^~~~~~~~~~~~~~
/home/u12/darrenc/R/test/RcppEigen/include/Eigen/src/Core/products/GeneralBlockPanelKernel.h:1980:135: warning: ignoring attributes on template argument ‘Eigen::internal::unpacket_traits<__vector(2) double>::half’ {aka ‘__vector(2) double’} [-Wignored-attributes]
               typedef typename conditional<SwappedTraits::LhsProgress>=8,typename unpacket_traits<SAccPacket>::half,SAccPacket>::type SAccPacketHalf;
                                                                                                                                       ^~~~~~~~~~~~~~
In file included from /home/u12/darrenc/R/test/RcppEigen/include/Eigen/Core:277,
                 from /home/u12/darrenc/R/test/RcppEigen/include/Eigen/Dense:1,
                 from /home/u12/darrenc/R/test/RcppEigen/include/RcppEigenForward.h:28,
                 from /home/u12/darrenc/R/test/RcppEigen/include/RcppEigen.h:25,
                 from data_manipulation.cpp:1:
/home/u12/darrenc/R/test/RcppEigen/include/Eigen/src/Core/CoreEvaluators.h: In instantiation of ‘struct Eigen::internal::evaluator<Eigen::Block<const Eigen::Block<const Eigen::Matrix<double, -1, -1>, -1, 1, true>, -1, 1, true> >’:
/home/u12/darrenc/R/test/RcppEigen/include/Eigen/src/Core/CoreEvaluators.h:100:8:   required from ‘struct Eigen::internal::evaluator<const Eigen::Block<const Eigen::Block<const Eigen::Matrix<double, -1, -1>, -1, 1, true>, -1, 1, true> >’
/home/u12/darrenc/R/test/RcppEigen/include/Eigen/src/Core/CoreEvaluators.h:739:58:   required from ‘struct Eigen::internal::binary_evaluator<Eigen::CwiseBinaryOp<Eigen::internal::scalar_conj_product_op<double, double>, const Eigen::Transpose<const Eigen::Block<const Eigen::Transpose<const Eigen::Matrix<double, -1, -1> >, 1, -1, true> >, const Eigen::Block<const Eigen::Block<const Eigen::Matrix<double, -1, -1>, -1, 1, true>, -1, 1, true> >, Eigen::internal::IndexBased, Eigen::internal::IndexBased, double, double>’
/home/u12/darrenc/R/test/RcppEigen/include/Eigen/src/Core/CoreEvaluators.h:722:8:   required from ‘struct Eigen::internal::evaluator<Eigen::CwiseBinaryOp<Eigen::internal::scalar_conj_product_op<double, double>, const Eigen::Transpose<const Eigen::Block<const Eigen::Transpose<const Eigen::Matrix<double, -1, -1> >, 1, -1, true> >, const Eigen::Block<const Eigen::Block<const Eigen::Matrix<double, -1, -1>, -1, 1, true>, -1, 1, true> > >’
/home/u12/darrenc/R/test/RcppEigen/include/Eigen/src/Core/Redux.h:357:7:   required from ‘class Eigen::internal::redux_evaluator<Eigen::CwiseBinaryOp<Eigen::internal::scalar_conj_product_op<double, double>, const Eigen::Transpose<const Eigen::Block<const Eigen::Transpose<const Eigen::Matrix<double, -1, -1> >, 1, -1, true> >, const Eigen::Block<const Eigen::Block<const Eigen::Matrix<double, -1, -1>, -1, 1, true>, -1, 1, true> > >’
/home/u12/darrenc/R/test/RcppEigen/include/Eigen/src/Core/Redux.h:414:17:   required from ‘typename Eigen::internal::traits<T>::Scalar Eigen::DenseBase<Derived>::redux(const Func&) const [with BinaryOp = Eigen::internal::scalar_sum_op<double, double>; Derived = Eigen::CwiseBinaryOp<Eigen::internal::scalar_conj_product_op<double, double>, const Eigen::Transpose<const Eigen::Block<const Eigen::Transpose<const Eigen::Matrix<double, -1, -1> >, 1, -1, true> >, const Eigen::Block<const Eigen::Block<const Eigen::Matrix<double, -1, -1>, -1, 1, true>, -1, 1, true> >; typename Eigen::internal::traits<T>::Scalar = double]’
/home/u12/darrenc/R/test/RcppEigen/include/Eigen/src/Core/Redux.h:463:73:   [ skipping 13 instantiation contexts, use -ftemplate-backtrace-limit=0 to disable ]
/home/u12/darrenc/R/test/RcppEigen/include/Eigen/src/Core/AssignEvaluator.h:954:31:   required from ‘static void Eigen::internal::Assignment<DstXprType, SrcXprType, Functor, Eigen::internal::Dense2Dense, Weak>::run(DstXprType&, const SrcXprType&, const Functor&) [with DstXprType = Eigen::Matrix<double, -1, -1>; SrcXprType = Eigen::CwiseBinaryOp<Eigen::internal::scalar_quotient_op<double, double>, const Eigen::Product<Eigen::Transpose<const Eigen::Matrix<double, -1, -1> >, Eigen::Matrix<double, -1, -1>, 0>, const Eigen::CwiseNullaryOp<Eigen::internal::scalar_constant_op<double>, const Eigen::Matrix<double, -1, -1> > >; Functor = Eigen::internal::assign_op<double, double>; Weak = void]’
/home/u12/darrenc/R/test/RcppEigen/include/Eigen/src/Core/AssignEvaluator.h:890:49:   required from ‘void Eigen::internal::call_assignment_no_alias(Dst&, const Src&, const Func&) [with Dst = Eigen::Matrix<double, -1, -1>; Src = Eigen::CwiseBinaryOp<Eigen::internal::scalar_quotient_op<double, double>, const Eigen::Product<Eigen::Transpose<const Eigen::Matrix<double, -1, -1> >, Eigen::Matrix<double, -1, -1>, 0>, const Eigen::CwiseNullaryOp<Eigen::internal::scalar_constant_op<double>, const Eigen::Matrix<double, -1, -1> > >; Func = Eigen::internal::assign_op<double, double>]’
/home/u12/darrenc/R/test/RcppEigen/include/Eigen/src/Core/PlainObjectBase.h:797:41:   required from ‘Derived& Eigen::PlainObjectBase<Derived>::_set_noalias(const Eigen::DenseBase<OtherDerived>&) [with OtherDerived = Eigen::CwiseBinaryOp<Eigen::internal::scalar_quotient_op<double, double>, const Eigen::Product<Eigen::Transpose<const Eigen::Matrix<double, -1, -1> >, Eigen::Matrix<double, -1, -1>, 0>, const Eigen::CwiseNullaryOp<Eigen::internal::scalar_constant_op<double>, const Eigen::Matrix<double, -1, -1> > >; Derived = Eigen::Matrix<double, -1, -1>]’
/home/u12/darrenc/R/test/RcppEigen/include/Eigen/src/Core/PlainObjectBase.h:594:7:   required from ‘Eigen::PlainObjectBase<Derived>::PlainObjectBase(const Eigen::DenseBase<OtherDerived>&) [with OtherDerived = Eigen::CwiseBinaryOp<Eigen::internal::scalar_quotient_op<double, double>, const Eigen::Product<Eigen::Transpose<const Eigen::Matrix<double, -1, -1> >, Eigen::Matrix<double, -1, -1>, 0>, const Eigen::CwiseNullaryOp<Eigen::internal::scalar_constant_op<double>, const Eigen::Matrix<double, -1, -1> > >; Derived = Eigen::Matrix<double, -1, -1>]’
/home/u12/darrenc/R/test/RcppEigen/include/Eigen/src/Core/Matrix.h:423:29:   required from ‘Eigen::Matrix<_Scalar, _Rows, _Cols, _Options, _MaxRows, _MaxCols>::Matrix(const Eigen::EigenBase<OtherDerived>&) [with OtherDerived = Eigen::CwiseBinaryOp<Eigen::internal::scalar_quotient_op<double, double>, const Eigen::Product<Eigen::Transpose<const Eigen::Matrix<double, -1, -1> >, Eigen::Matrix<double, -1, -1>, 0>, const Eigen::CwiseNullaryOp<Eigen::internal::scalar_constant_op<double>, const Eigen::Matrix<double, -1, -1> > >; _Scalar = double; int _Rows = -1; int _Cols = -1; int _Options = 0; int _MaxRows = -1; int _MaxCols = -1]’
data_manipulation.cpp:231:70:   required from here
/home/u12/darrenc/R/test/RcppEigen/include/Eigen/src/Core/CoreEvaluators.h:1042:8: warning: ignoring attributes on template argument ‘Eigen::internal::packet_traits<double>::type’ {aka ‘__vector(2) double’} [-Wignored-attributes]
   enum {
        ^
/home/u12/darrenc/R/test/RcppEigen/include/Eigen/src/Core/CoreEvaluators.h: In instantiation of ‘struct Eigen::internal::evaluator<Eigen::Block<const Eigen::Block<const Eigen::Transpose<const Eigen::Matrix<double, -1, -1> >, 1, -1, true>, 1, -1, true> >’:
/home/u12/darrenc/R/test/RcppEigen/include/Eigen/src/Core/CoreEvaluators.h:100:8:   required from ‘struct Eigen::internal::evaluator<const Eigen::Block<const Eigen::Block<const Eigen::Transpose<const Eigen::Matrix<double, -1, -1> >, 1, -1, true>, 1, -1, true> >’
/home/u12/darrenc/R/test/RcppEigen/include/Eigen/src/Core/CoreEvaluators.h:310:8:   required from ‘struct Eigen::internal::unary_evaluator<Eigen::Transpose<const Eigen::Block<const Eigen::Block<const Eigen::Transpose<const Eigen::Matrix<double, -1, -1> >, 1, -1, true>, 1, -1, true> >, Eigen::internal::IndexBased, double>’
/home/u12/darrenc/R/test/RcppEigen/include/Eigen/src/Core/CoreEvaluators.h:90:8:   required from ‘struct Eigen::internal::evaluator<Eigen::Transpose<const Eigen::Block<const Eigen::Block<const Eigen::Transpose<const Eigen::Matrix<double, -1, -1> >, 1, -1, true>, 1, -1, true> > >’
/home/u12/darrenc/R/test/RcppEigen/include/Eigen/src/Core/CoreEvaluators.h:100:8:   required from ‘struct Eigen::internal::evaluator<const Eigen::Transpose<const Eigen::Block<const Eigen::Block<const Eigen::Transpose<const Eigen::Matrix<double, -1, -1> >, 1, -1, true>, 1, -1, true> > >’
/home/u12/darrenc/R/test/RcppEigen/include/Eigen/src/Core/CoreEvaluators.h:739:21:   required from ‘struct Eigen::internal::binary_evaluator<Eigen::CwiseBinaryOp<Eigen::internal::scalar_conj_product_op<double, double>, const Eigen::Transpose<const Eigen::Block<const Eigen::Block<const Eigen::Transpose<const Eigen::Matrix<double, -1, -1> >, 1, -1, true>, 1, -1, true> >, const Eigen::Block<const Eigen::Matrix<double, -1, -1>, -1, 1, true> >, Eigen::internal::IndexBased, Eigen::internal::IndexBased, double, double>’
/home/u12/darrenc/R/test/RcppEigen/include/Eigen/src/Core/CoreEvaluators.h:722:8:   [ skipping 16 instantiation contexts, use -ftemplate-backtrace-limit=0 to disable ]
/home/u12/darrenc/R/test/RcppEigen/include/Eigen/src/Core/AssignEvaluator.h:954:31:   required from ‘static void Eigen::internal::Assignment<DstXprType, SrcXprType, Functor, Eigen::internal::Dense2Dense, Weak>::run(DstXprType&, const SrcXprType&, const Functor&) [with DstXprType = Eigen::Matrix<double, -1, -1>; SrcXprType = Eigen::CwiseBinaryOp<Eigen::internal::scalar_quotient_op<double, double>, const Eigen::Product<Eigen::Transpose<const Eigen::Matrix<double, -1, -1> >, Eigen::Matrix<double, -1, -1>, 0>, const Eigen::CwiseNullaryOp<Eigen::internal::scalar_constant_op<double>, const Eigen::Matrix<double, -1, -1> > >; Functor = Eigen::internal::assign_op<double, double>; Weak = void]’
/home/u12/darrenc/R/test/RcppEigen/include/Eigen/src/Core/AssignEvaluator.h:890:49:   required from ‘void Eigen::internal::call_assignment_no_alias(Dst&, const Src&, const Func&) [with Dst = Eigen::Matrix<double, -1, -1>; Src = Eigen::CwiseBinaryOp<Eigen::internal::scalar_quotient_op<double, double>, const Eigen::Product<Eigen::Transpose<const Eigen::Matrix<double, -1, -1> >, Eigen::Matrix<double, -1, -1>, 0>, const Eigen::CwiseNullaryOp<Eigen::internal::scalar_constant_op<double>, const Eigen::Matrix<double, -1, -1> > >; Func = Eigen::internal::assign_op<double, double>]’
/home/u12/darrenc/R/test/RcppEigen/include/Eigen/src/Core/PlainObjectBase.h:797:41:   required from ‘Derived& Eigen::PlainObjectBase<Derived>::_set_noalias(const Eigen::DenseBase<OtherDerived>&) [with OtherDerived = Eigen::CwiseBinaryOp<Eigen::internal::scalar_quotient_op<double, double>, const Eigen::Product<Eigen::Transpose<const Eigen::Matrix<double, -1, -1> >, Eigen::Matrix<double, -1, -1>, 0>, const Eigen::CwiseNullaryOp<Eigen::internal::scalar_constant_op<double>, const Eigen::Matrix<double, -1, -1> > >; Derived = Eigen::Matrix<double, -1, -1>]’
/home/u12/darrenc/R/test/RcppEigen/include/Eigen/src/Core/PlainObjectBase.h:594:7:   required from ‘Eigen::PlainObjectBase<Derived>::PlainObjectBase(const Eigen::DenseBase<OtherDerived>&) [with OtherDerived = Eigen::CwiseBinaryOp<Eigen::internal::scalar_quotient_op<double, double>, const Eigen::Product<Eigen::Transpose<const Eigen::Matrix<double, -1, -1> >, Eigen::Matrix<double, -1, -1>, 0>, const Eigen::CwiseNullaryOp<Eigen::internal::scalar_constant_op<double>, const Eigen::Matrix<double, -1, -1> > >; Derived = Eigen::Matrix<double, -1, -1>]’
/home/u12/darrenc/R/test/RcppEigen/include/Eigen/src/Core/Matrix.h:423:29:   required from ‘Eigen::Matrix<_Scalar, _Rows, _Cols, _Options, _MaxRows, _MaxCols>::Matrix(const Eigen::EigenBase<OtherDerived>&) [with OtherDerived = Eigen::CwiseBinaryOp<Eigen::internal::scalar_quotient_op<double, double>, const Eigen::Product<Eigen::Transpose<const Eigen::Matrix<double, -1, -1> >, Eigen::Matrix<double, -1, -1>, 0>, const Eigen::CwiseNullaryOp<Eigen::internal::scalar_constant_op<double>, const Eigen::Matrix<double, -1, -1> > >; _Scalar = double; int _Rows = -1; int _Cols = -1; int _Options = 0; int _MaxRows = -1; int _MaxCols = -1]’
data_manipulation.cpp:231:70:   required from here
/home/u12/darrenc/R/test/RcppEigen/include/Eigen/src/Core/CoreEvaluators.h:1042:8: warning: ignoring attributes on template argument ‘Eigen::internal::packet_traits<double>::type’ {aka ‘__vector(2) double’} [-Wignored-attributes]
In file included from /home/u12/darrenc/R/test/RcppEigen/include/Eigen/Core:271,
                 from /home/u12/darrenc/R/test/RcppEigen/include/Eigen/Dense:1,
                 from /home/u12/darrenc/R/test/RcppEigen/include/RcppEigenForward.h:28,
                 from /home/u12/darrenc/R/test/RcppEigen/include/RcppEigen.h:25,
                 from data_manipulation.cpp:1:
/home/u12/darrenc/R/test/RcppEigen/include/Eigen/src/Core/DenseCoeffsBase.h: In instantiation of ‘class Eigen::DenseCoeffsBase<Eigen::CwiseBinaryOp<Eigen::internal::scalar_product_op<double, double>, const Eigen::Transpose<const Eigen::Block<const Eigen::Transpose<const Eigen::Matrix<double, -1, -1> >, 1, -1, true> >, const Eigen::Block<const Eigen::Matrix<double, -1, -1>, -1, 1, true> >, 0>’:
/home/u12/darrenc/R/test/RcppEigen/include/Eigen/src/Core/DenseBase.h:41:34:   required from ‘class Eigen::DenseBase<Eigen::CwiseBinaryOp<Eigen::internal::scalar_product_op<double, double>, const Eigen::Transpose<const Eigen::Block<const Eigen::Transpose<const Eigen::Matrix<double, -1, -1> >, 1, -1, true> >, const Eigen::Block<const Eigen::Matrix<double, -1, -1>, -1, 1, true> > >’
/home/u12/darrenc/R/test/RcppEigen/include/Eigen/src/Core/MatrixBase.h:48:34:   required from ‘class Eigen::MatrixBase<Eigen::CwiseBinaryOp<Eigen::internal::scalar_product_op<double, double>, const Eigen::Transpose<const Eigen::Block<const Eigen::Transpose<const Eigen::Matrix<double, -1, -1> >, 1, -1, true> >, const Eigen::Block<const Eigen::Matrix<double, -1, -1>, -1, 1, true> > >’
/home/u12/darrenc/R/test/RcppEigen/include/Eigen/src/Core/CwiseBinaryOp.h:148:7:   required from ‘class Eigen::CwiseBinaryOpImpl<Eigen::internal::scalar_product_op<double, double>, const Eigen::Transpose<const Eigen::Block<const Eigen::Transpose<const Eigen::Matrix<double, -1, -1> >, 1, -1, true> >, const Eigen::Block<const Eigen::Matrix<double, -1, -1>, -1, 1, true>, Eigen::Dense>’
/home/u12/darrenc/R/test/RcppEigen/include/Eigen/src/Core/CwiseBinaryOp.h:77:7:   required from ‘class Eigen::CwiseBinaryOp<Eigen::internal::scalar_product_op<double, double>, const Eigen::Transpose<const Eigen::Block<const Eigen::Transpose<const Eigen::Matrix<double, -1, -1> >, 1, -1, true> >, const Eigen::Block<const Eigen::Matrix<double, -1, -1>, -1, 1, true> >’
/home/u12/darrenc/R/test/RcppEigen/include/Eigen/src/Core/ProductEvaluators.h:606:72:   required from ‘const CoeffReturnType Eigen::internal::product_evaluator<Eigen::Product<Lhs, Rhs, 1>, ProductTag, Eigen::DenseShape, Eigen::DenseShape>::coeff(Eigen::Index, Eigen::Index) const [with Lhs = Eigen::Transpose<const Eigen::Matrix<double, -1, -1> >; Rhs = Eigen::Matrix<double, -1, -1>; int ProductTag = 8; typename Eigen::internal::traits<typename Eigen::Product<Lhs, Rhs, 1>::Rhs>::Scalar = double; typename Eigen::internal::traits<typename Eigen::Product<Lhs, Rhs, 1>::Lhs>::Scalar = double; Eigen::internal::product_evaluator<Eigen::Product<Lhs, Rhs, 1>, ProductTag, Eigen::DenseShape, Eigen::DenseShape>::CoeffReturnType = double; Eigen::Index = long int]’
/home/u12/darrenc/R/test/RcppEigen/include/Eigen/src/Core/AssignEvaluator.h:654:5:   [ skipping 14 instantiation contexts, use -ftemplate-backtrace-limit=0 to disable ]
/home/u12/darrenc/R/test/RcppEigen/include/Eigen/src/Core/AssignEvaluator.h:954:31:   required from ‘static void Eigen::internal::Assignment<DstXprType, SrcXprType, Functor, Eigen::internal::Dense2Dense, Weak>::run(DstXprType&, const SrcXprType&, const Functor&) [with DstXprType = Eigen::Matrix<double, -1, -1>; SrcXprType = Eigen::CwiseBinaryOp<Eigen::internal::scalar_quotient_op<double, double>, const Eigen::Product<Eigen::Transpose<const Eigen::Matrix<double, -1, -1> >, Eigen::Matrix<double, -1, -1>, 0>, const Eigen::CwiseNullaryOp<Eigen::internal::scalar_constant_op<double>, const Eigen::Matrix<double, -1, -1> > >; Functor = Eigen::internal::assign_op<double, double>; Weak = void]’
/home/u12/darrenc/R/test/RcppEigen/include/Eigen/src/Core/AssignEvaluator.h:890:49:   required from ‘void Eigen::internal::call_assignment_no_alias(Dst&, const Src&, const Func&) [with Dst = Eigen::Matrix<double, -1, -1>; Src = Eigen::CwiseBinaryOp<Eigen::internal::scalar_quotient_op<double, double>, const Eigen::Product<Eigen::Transpose<const Eigen::Matrix<double, -1, -1> >, Eigen::Matrix<double, -1, -1>, 0>, const Eigen::CwiseNullaryOp<Eigen::internal::scalar_constant_op<double>, const Eigen::Matrix<double, -1, -1> > >; Func = Eigen::internal::assign_op<double, double>]’
/home/u12/darrenc/R/test/RcppEigen/include/Eigen/src/Core/PlainObjectBase.h:797:41:   required from ‘Derived& Eigen::PlainObjectBase<Derived>::_set_noalias(const Eigen::DenseBase<OtherDerived>&) [with OtherDerived = Eigen::CwiseBinaryOp<Eigen::internal::scalar_quotient_op<double, double>, const Eigen::Product<Eigen::Transpose<const Eigen::Matrix<double, -1, -1> >, Eigen::Matrix<double, -1, -1>, 0>, const Eigen::CwiseNullaryOp<Eigen::internal::scalar_constant_op<double>, const Eigen::Matrix<double, -1, -1> > >; Derived = Eigen::Matrix<double, -1, -1>]’
/home/u12/darrenc/R/test/RcppEigen/include/Eigen/src/Core/PlainObjectBase.h:594:7:   required from ‘Eigen::PlainObjectBase<Derived>::PlainObjectBase(const Eigen::DenseBase<OtherDerived>&) [with OtherDerived = Eigen::CwiseBinaryOp<Eigen::internal::scalar_quotient_op<double, double>, const Eigen::Product<Eigen::Transpose<const Eigen::Matrix<double, -1, -1> >, Eigen::Matrix<double, -1, -1>, 0>, const Eigen::CwiseNullaryOp<Eigen::internal::scalar_constant_op<double>, const Eigen::Matrix<double, -1, -1> > >; Derived = Eigen::Matrix<double, -1, -1>]’
/home/u12/darrenc/R/test/RcppEigen/include/Eigen/src/Core/Matrix.h:423:29:   required from ‘Eigen::Matrix<_Scalar, _Rows, _Cols, _Options, _MaxRows, _MaxCols>::Matrix(const Eigen::EigenBase<OtherDerived>&) [with OtherDerived = Eigen::CwiseBinaryOp<Eigen::internal::scalar_quotient_op<double, double>, const Eigen::Product<Eigen::Transpose<const Eigen::Matrix<double, -1, -1> >, Eigen::Matrix<double, -1, -1>, 0>, const Eigen::CwiseNullaryOp<Eigen::internal::scalar_constant_op<double>, const Eigen::Matrix<double, -1, -1> > >; _Scalar = double; int _Rows = -1; int _Cols = -1; int _Options = 0; int _MaxRows = -1; int _MaxCols = -1]’
data_manipulation.cpp:231:70:   required from here
/home/u12/darrenc/R/test/RcppEigen/include/Eigen/src/Core/DenseCoeffsBase.h:56:30: warning: ignoring attributes on template argument ‘Eigen::internal::packet_traits<double>::type’ {aka ‘__vector(2) double’} [-Wignored-attributes]
                      >::type PacketReturnType;
                              ^~~~~~~~~~~~~~~~
/home/u12/darrenc/R/test/RcppEigen/include/Eigen/src/Core/DenseCoeffsBase.h: In instantiation of ‘Eigen::Index Eigen::internal::first_default_aligned(const Eigen::DenseBase<Derived>&) [with Derived = Eigen::CwiseBinaryOp<Eigen::internal::scalar_conj_product_op<double, double>, const Eigen::Transpose<const Eigen::Block<const Eigen::Transpose<const Eigen::Matrix<double, -1, -1> >, 1, -1, true> >, const Eigen::Block<const Eigen::Block<const Eigen::Matrix<double, -1, -1>, -1, 1, true>, -1, 1, true> >; Eigen::Index = long int]’:
/home/u12/darrenc/R/test/RcppEigen/include/Eigen/src/Core/Redux.h:243:63:   required from ‘static Eigen::internal::redux_impl<Func, Evaluator, 3, 0>::Scalar Eigen::internal::redux_impl<Func, Evaluator, 3, 0>::run(const Evaluator&, const Func&, const XprType&) [with XprType = Eigen::CwiseBinaryOp<Eigen::internal::scalar_conj_product_op<double, double>, const Eigen::Transpose<const Eigen::Block<const Eigen::Transpose<const Eigen::Matrix<double, -1, -1> >, 1, -1, true> >, const Eigen::Block<const Eigen::Block<const Eigen::Matrix<double, -1, -1>, -1, 1, true>, -1, 1, true> >; Func = Eigen::internal::scalar_sum_op<double, double>; Evaluator = Eigen::internal::redux_evaluator<Eigen::CwiseBinaryOp<Eigen::internal::scalar_conj_product_op<double, double>, const Eigen::Transpose<const Eigen::Block<const Eigen::Transpose<const Eigen::Matrix<double, -1, -1> >, 1, -1, true> >, const Eigen::Block<const Eigen::Block<const Eigen::Matrix<double, -1, -1>, -1, 1, true>, -1, 1, true> > >; Eigen::internal::redux_impl<Func, Evaluator, 3, 0>::Scalar = double]’
/home/u12/darrenc/R/test/RcppEigen/include/Eigen/src/Core/Redux.h:418:56:   required from ‘typename Eigen::internal::traits<T>::Scalar Eigen::DenseBase<Derived>::redux(const Func&) const [with BinaryOp = Eigen::internal::scalar_sum_op<double, double>; Derived = Eigen::CwiseBinaryOp<Eigen::internal::scalar_conj_product_op<double, double>, const Eigen::Transpose<const Eigen::Block<const Eigen::Transpose<const Eigen::Matrix<double, -1, -1> >, 1, -1, true> >, const Eigen::Block<const Eigen::Block<const Eigen::Matrix<double, -1, -1>, -1, 1, true>, -1, 1, true> >; typename Eigen::internal::traits<T>::Scalar = double]’
/home/u12/darrenc/R/test/RcppEigen/include/Eigen/src/Core/Redux.h:463:73:   required from ‘typename Eigen::internal::traits<T>::Scalar Eigen::DenseBase<Derived>::sum() const [with Derived = Eigen::CwiseBinaryOp<Eigen::internal::scalar_conj_product_op<double, double>, const Eigen::Transpose<const Eigen::Block<const Eigen::Transpose<const Eigen::Matrix<double, -1, -1> >, 1, -1, true> >, const Eigen::Block<const Eigen::Block<const Eigen::Matrix<double, -1, -1>, -1, 1, true>, -1, 1, true> >; typename Eigen::internal::traits<T>::Scalar = double]’
/home/u12/darrenc/R/test/RcppEigen/include/Eigen/src/Core/Dot.h:50:64:   required from ‘static Eigen::internal::dot_nocheck<T, U, true>::ResScalar Eigen::internal::dot_nocheck<T, U, true>::run(const Eigen::MatrixBase<Derived>&, const Eigen::MatrixBase<U>&) [with T = Eigen::Block<const Eigen::Transpose<const Eigen::Matrix<double, -1, -1> >, 1, -1, true>; U = Eigen::Block<const Eigen::Block<const Eigen::Matrix<double, -1, -1>, -1, 1, true>, -1, 1, true>; Eigen::internal::dot_nocheck<T, U, true>::ResScalar = double]’
/home/u12/darrenc/R/test/RcppEigen/include/Eigen/src/Core/Dot.h:84:58:   required from ‘typename Eigen::ScalarBinaryOpTraits<typename Eigen::internal::traits<T>::Scalar, typename Eigen::internal::traits<OtherDerived>::Scalar>::ReturnType Eigen::MatrixBase<Derived>::dot(const Eigen::MatrixBase<OtherDerived>&) const [with OtherDerived = Eigen::Block<const Eigen::Block<const Eigen::Matrix<double, -1, -1>, -1, 1, true>, -1, 1, true>; Derived = Eigen::Block<const Eigen::Transpose<const Eigen::Matrix<double, -1, -1> >, 1, -1, true>; typename Eigen::ScalarBinaryOpTraits<typename Eigen::internal::traits<T>::Scalar, typename Eigen::internal::traits<OtherDerived>::Scalar>::ReturnType = double]’
/home/u12/darrenc/R/test/RcppEigen/include/Eigen/src/Core/ProductEvaluators.h:380:34:   [ skipping 10 instantiation contexts, use -ftemplate-backtrace-limit=0 to disable ]
/home/u12/darrenc/R/test/RcppEigen/include/Eigen/src/Core/AssignEvaluator.h:954:31:   required from ‘static void Eigen::internal::Assignment<DstXprType, SrcXprType, Functor, Eigen::internal::Dense2Dense, Weak>::run(DstXprType&, const SrcXprType&, const Functor&) [with DstXprType = Eigen::Matrix<double, -1, -1>; SrcXprType = Eigen::CwiseBinaryOp<Eigen::internal::scalar_quotient_op<double, double>, const Eigen::Product<Eigen::Transpose<const Eigen::Matrix<double, -1, -1> >, Eigen::Matrix<double, -1, -1>, 0>, const Eigen::CwiseNullaryOp<Eigen::internal::scalar_constant_op<double>, const Eigen::Matrix<double, -1, -1> > >; Functor = Eigen::internal::assign_op<double, double>; Weak = void]’
/home/u12/darrenc/R/test/RcppEigen/include/Eigen/src/Core/AssignEvaluator.h:890:49:   required from ‘void Eigen::internal::call_assignment_no_alias(Dst&, const Src&, const Func&) [with Dst = Eigen::Matrix<double, -1, -1>; Src = Eigen::CwiseBinaryOp<Eigen::internal::scalar_quotient_op<double, double>, const Eigen::Product<Eigen::Transpose<const Eigen::Matrix<double, -1, -1> >, Eigen::Matrix<double, -1, -1>, 0>, const Eigen::CwiseNullaryOp<Eigen::internal::scalar_constant_op<double>, const Eigen::Matrix<double, -1, -1> > >; Func = Eigen::internal::assign_op<double, double>]’
/home/u12/darrenc/R/test/RcppEigen/include/Eigen/src/Core/PlainObjectBase.h:797:41:   required from ‘Derived& Eigen::PlainObjectBase<Derived>::_set_noalias(const Eigen::DenseBase<OtherDerived>&) [with OtherDerived = Eigen::CwiseBinaryOp<Eigen::internal::scalar_quotient_op<double, double>, const Eigen::Product<Eigen::Transpose<const Eigen::Matrix<double, -1, -1> >, Eigen::Matrix<double, -1, -1>, 0>, const Eigen::CwiseNullaryOp<Eigen::internal::scalar_constant_op<double>, const Eigen::Matrix<double, -1, -1> > >; Derived = Eigen::Matrix<double, -1, -1>]’
/home/u12/darrenc/R/test/RcppEigen/include/Eigen/src/Core/PlainObjectBase.h:594:7:   required from ‘Eigen::PlainObjectBase<Derived>::PlainObjectBase(const Eigen::DenseBase<OtherDerived>&) [with OtherDerived = Eigen::CwiseBinaryOp<Eigen::internal::scalar_quotient_op<double, double>, const Eigen::Product<Eigen::Transpose<const Eigen::Matrix<double, -1, -1> >, Eigen::Matrix<double, -1, -1>, 0>, const Eigen::CwiseNullaryOp<Eigen::internal::scalar_constant_op<double>, const Eigen::Matrix<double, -1, -1> > >; Derived = Eigen::Matrix<double, -1, -1>]’
/home/u12/darrenc/R/test/RcppEigen/include/Eigen/src/Core/Matrix.h:423:29:   required from ‘Eigen::Matrix<_Scalar, _Rows, _Cols, _Options, _MaxRows, _MaxCols>::Matrix(const Eigen::EigenBase<OtherDerived>&) [with OtherDerived = Eigen::CwiseBinaryOp<Eigen::internal::scalar_quotient_op<double, double>, const Eigen::Product<Eigen::Transpose<const Eigen::Matrix<double, -1, -1> >, Eigen::Matrix<double, -1, -1>, 0>, const Eigen::CwiseNullaryOp<Eigen::internal::scalar_constant_op<double>, const Eigen::Matrix<double, -1, -1> > >; _Scalar = double; int _Rows = -1; int _Cols = -1; int _Options = 0; int _MaxRows = -1; int _MaxCols = -1]’
data_manipulation.cpp:231:70:   required from here
/home/u12/darrenc/R/test/RcppEigen/include/Eigen/src/Core/DenseCoeffsBase.h:654:34: warning: ignoring attributes on template argument ‘Eigen::internal::packet_traits<double>::type’ {aka ‘__vector(2) double’} [-Wignored-attributes]
   return internal::first_aligned<int(unpacket_traits<DefaultPacketType>::alignment),Derived>(m);
                                  ^~~~~~~~~~~~~~~~~~~~~~~~~~~~~~~~~~~~~~~~~~~~~~~~~~
/home/u12/darrenc/R/test/RcppEigen/include/Eigen/src/Core/DenseCoeffsBase.h: In instantiation of ‘Eigen::Index Eigen::internal::first_default_aligned(const Eigen::DenseBase<Derived>&) [with Derived = Eigen::CwiseBinaryOp<Eigen::internal::scalar_conj_product_op<double, double>, const Eigen::Transpose<const Eigen::Block<const Eigen::Block<const Eigen::Transpose<const Eigen::Matrix<double, -1, -1> >, 1, -1, true>, 1, -1, true> >, const Eigen::Block<const Eigen::Matrix<double, -1, -1>, -1, 1, true> >; Eigen::Index = long int]’:
/home/u12/darrenc/R/test/RcppEigen/include/Eigen/src/Core/Redux.h:243:63:   required from ‘static Eigen::internal::redux_impl<Func, Evaluator, 3, 0>::Scalar Eigen::internal::redux_impl<Func, Evaluator, 3, 0>::run(const Evaluator&, const Func&, const XprType&) [with XprType = Eigen::CwiseBinaryOp<Eigen::internal::scalar_conj_product_op<double, double>, const Eigen::Transpose<const Eigen::Block<const Eigen::Block<const Eigen::Transpose<const Eigen::Matrix<double, -1, -1> >, 1, -1, true>, 1, -1, true> >, const Eigen::Block<const Eigen::Matrix<double, -1, -1>, -1, 1, true> >; Func = Eigen::internal::scalar_sum_op<double, double>; Evaluator = Eigen::internal::redux_evaluator<Eigen::CwiseBinaryOp<Eigen::internal::scalar_conj_product_op<double, double>, const Eigen::Transpose<const Eigen::Block<const Eigen::Block<const Eigen::Transpose<const Eigen::Matrix<double, -1, -1> >, 1, -1, true>, 1, -1, true> >, const Eigen::Block<const Eigen::Matrix<double, -1, -1>, -1, 1, true> > >; Eigen::internal::redux_impl<Func, Evaluator, 3, 0>::Scalar = double]’
/home/u12/darrenc/R/test/RcppEigen/include/Eigen/src/Core/Redux.h:418:56:   required from ‘typename Eigen::internal::traits<T>::Scalar Eigen::DenseBase<Derived>::redux(const Func&) const [with BinaryOp = Eigen::internal::scalar_sum_op<double, double>; Derived = Eigen::CwiseBinaryOp<Eigen::internal::scalar_conj_product_op<double, double>, const Eigen::Transpose<const Eigen::Block<const Eigen::Block<const Eigen::Transpose<const Eigen::Matrix<double, -1, -1> >, 1, -1, true>, 1, -1, true> >, const Eigen::Block<const Eigen::Matrix<double, -1, -1>, -1, 1, true> >; typename Eigen::internal::traits<T>::Scalar = double]’
/home/u12/darrenc/R/test/RcppEigen/include/Eigen/src/Core/Redux.h:463:73:   required from ‘typename Eigen::internal::traits<T>::Scalar Eigen::DenseBase<Derived>::sum() const [with Derived = Eigen::CwiseBinaryOp<Eigen::internal::scalar_conj_product_op<double, double>, const Eigen::Transpose<const Eigen::Block<const Eigen::Block<const Eigen::Transpose<const Eigen::Matrix<double, -1, -1> >, 1, -1, true>, 1, -1, true> >, const Eigen::Block<const Eigen::Matrix<double, -1, -1>, -1, 1, true> >; typename Eigen::internal::traits<T>::Scalar = double]’
/home/u12/darrenc/R/test/RcppEigen/include/Eigen/src/Core/Dot.h:50:64:   required from ‘static Eigen::internal::dot_nocheck<T, U, true>::ResScalar Eigen::internal::dot_nocheck<T, U, true>::run(const Eigen::MatrixBase<Derived>&, const Eigen::MatrixBase<U>&) [with T = Eigen::Block<const Eigen::Block<const Eigen::Transpose<const Eigen::Matrix<double, -1, -1> >, 1, -1, true>, 1, -1, true>; U = Eigen::Block<const Eigen::Matrix<double, -1, -1>, -1, 1, true>; Eigen::internal::dot_nocheck<T, U, true>::ResScalar = double]’
/home/u12/darrenc/R/test/RcppEigen/include/Eigen/src/Core/Dot.h:84:58:   required from ‘typename Eigen::ScalarBinaryOpTraits<typename Eigen::internal::traits<T>::Scalar, typename Eigen::internal::traits<OtherDerived>::Scalar>::ReturnType Eigen::MatrixBase<Derived>::dot(const Eigen::MatrixBase<OtherDerived>&) const [with OtherDerived = Eigen::Block<const Eigen::Matrix<double, -1, -1>, -1, 1, true>; Derived = Eigen::Block<const Eigen::Block<const Eigen::Transpose<const Eigen::Matrix<double, -1, -1> >, 1, -1, true>, 1, -1, true>; typename Eigen::ScalarBinaryOpTraits<typename Eigen::internal::traits<T>::Scalar, typename Eigen::internal::traits<OtherDerived>::Scalar>::ReturnType = double]’
/home/u12/darrenc/R/test/RcppEigen/include/Eigen/src/Core/ProductEvaluators.h:380:34:   [ skipping 10 instantiation contexts, use -ftemplate-backtrace-limit=0 to disable ]
/home/u12/darrenc/R/test/RcppEigen/include/Eigen/src/Core/AssignEvaluator.h:954:31:   required from ‘static void Eigen::internal::Assignment<DstXprType, SrcXprType, Functor, Eigen::internal::Dense2Dense, Weak>::run(DstXprType&, const SrcXprType&, const Functor&) [with DstXprType = Eigen::Matrix<double, -1, -1>; SrcXprType = Eigen::CwiseBinaryOp<Eigen::internal::scalar_quotient_op<double, double>, const Eigen::Product<Eigen::Transpose<const Eigen::Matrix<double, -1, -1> >, Eigen::Matrix<double, -1, -1>, 0>, const Eigen::CwiseNullaryOp<Eigen::internal::scalar_constant_op<double>, const Eigen::Matrix<double, -1, -1> > >; Functor = Eigen::internal::assign_op<double, double>; Weak = void]’
/home/u12/darrenc/R/test/RcppEigen/include/Eigen/src/Core/AssignEvaluator.h:890:49:   required from ‘void Eigen::internal::call_assignment_no_alias(Dst&, const Src&, const Func&) [with Dst = Eigen::Matrix<double, -1, -1>; Src = Eigen::CwiseBinaryOp<Eigen::internal::scalar_quotient_op<double, double>, const Eigen::Product<Eigen::Transpose<const Eigen::Matrix<double, -1, -1> >, Eigen::Matrix<double, -1, -1>, 0>, const Eigen::CwiseNullaryOp<Eigen::internal::scalar_constant_op<double>, const Eigen::Matrix<double, -1, -1> > >; Func = Eigen::internal::assign_op<double, double>]’
/home/u12/darrenc/R/test/RcppEigen/include/Eigen/src/Core/PlainObjectBase.h:797:41:   required from ‘Derived& Eigen::PlainObjectBase<Derived>::_set_noalias(const Eigen::DenseBase<OtherDerived>&) [with OtherDerived = Eigen::CwiseBinaryOp<Eigen::internal::scalar_quotient_op<double, double>, const Eigen::Product<Eigen::Transpose<const Eigen::Matrix<double, -1, -1> >, Eigen::Matrix<double, -1, -1>, 0>, const Eigen::CwiseNullaryOp<Eigen::internal::scalar_constant_op<double>, const Eigen::Matrix<double, -1, -1> > >; Derived = Eigen::Matrix<double, -1, -1>]’
/home/u12/darrenc/R/test/RcppEigen/include/Eigen/src/Core/PlainObjectBase.h:594:7:   required from ‘Eigen::PlainObjectBase<Derived>::PlainObjectBase(const Eigen::DenseBase<OtherDerived>&) [with OtherDerived = Eigen::CwiseBinaryOp<Eigen::internal::scalar_quotient_op<double, double>, const Eigen::Product<Eigen::Transpose<const Eigen::Matrix<double, -1, -1> >, Eigen::Matrix<double, -1, -1>, 0>, const Eigen::CwiseNullaryOp<Eigen::internal::scalar_constant_op<double>, const Eigen::Matrix<double, -1, -1> > >; Derived = Eigen::Matrix<double, -1, -1>]’
/home/u12/darrenc/R/test/RcppEigen/include/Eigen/src/Core/Matrix.h:423:29:   required from ‘Eigen::Matrix<_Scalar, _Rows, _Cols, _Options, _MaxRows, _MaxCols>::Matrix(const Eigen::EigenBase<OtherDerived>&) [with OtherDerived = Eigen::CwiseBinaryOp<Eigen::internal::scalar_quotient_op<double, double>, const Eigen::Product<Eigen::Transpose<const Eigen::Matrix<double, -1, -1> >, Eigen::Matrix<double, -1, -1>, 0>, const Eigen::CwiseNullaryOp<Eigen::internal::scalar_constant_op<double>, const Eigen::Matrix<double, -1, -1> > >; _Scalar = double; int _Rows = -1; int _Cols = -1; int _Options = 0; int _MaxRows = -1; int _MaxCols = -1]’
data_manipulation.cpp:231:70:   required from here
/home/u12/darrenc/R/test/RcppEigen/include/Eigen/src/Core/DenseCoeffsBase.h:654:34: warning: ignoring attributes on template argument ‘Eigen::internal::packet_traits<double>::type’ {aka ‘__vector(2) double’} [-Wignored-attributes]
/home/u12/darrenc/R/test/RcppEigen/include/Eigen/src/Core/DenseCoeffsBase.h: In instantiation of ‘Eigen::Index Eigen::internal::first_default_aligned(const Eigen::DenseBase<Derived>&) [with Derived = Eigen::CwiseBinaryOp<Eigen::internal::scalar_product_op<double, double>, const Eigen::Transpose<const Eigen::Block<const Eigen::Transpose<const Eigen::Matrix<double, -1, -1> >, 1, -1, true> >, const Eigen::Block<const Eigen::Matrix<double, -1, -1>, -1, 1, true> >; Eigen::Index = long int]’:
/home/u12/darrenc/R/test/RcppEigen/include/Eigen/src/Core/Redux.h:243:63:   required from ‘static Eigen::internal::redux_impl<Func, Evaluator, 3, 0>::Scalar Eigen::internal::redux_impl<Func, Evaluator, 3, 0>::run(const Evaluator&, const Func&, const XprType&) [with XprType = Eigen::CwiseBinaryOp<Eigen::internal::scalar_product_op<double, double>, const Eigen::Transpose<const Eigen::Block<const Eigen::Transpose<const Eigen::Matrix<double, -1, -1> >, 1, -1, true> >, const Eigen::Block<const Eigen::Matrix<double, -1, -1>, -1, 1, true> >; Func = Eigen::internal::scalar_sum_op<double, double>; Evaluator = Eigen::internal::redux_evaluator<Eigen::CwiseBinaryOp<Eigen::internal::scalar_product_op<double, double>, const Eigen::Transpose<const Eigen::Block<const Eigen::Transpose<const Eigen::Matrix<double, -1, -1> >, 1, -1, true> >, const Eigen::Block<const Eigen::Matrix<double, -1, -1>, -1, 1, true> > >; Eigen::internal::redux_impl<Func, Evaluator, 3, 0>::Scalar = double]’
/home/u12/darrenc/R/test/RcppEigen/include/Eigen/src/Core/Redux.h:418:56:   required from ‘typename Eigen::internal::traits<T>::Scalar Eigen::DenseBase<Derived>::redux(const Func&) const [with BinaryOp = Eigen::internal::scalar_sum_op<double, double>; Derived = Eigen::CwiseBinaryOp<Eigen::internal::scalar_product_op<double, double>, const Eigen::Transpose<const Eigen::Block<const Eigen::Transpose<const Eigen::Matrix<double, -1, -1> >, 1, -1, true> >, const Eigen::Block<const Eigen::Matrix<double, -1, -1>, -1, 1, true> >; typename Eigen::internal::traits<T>::Scalar = double]’
/home/u12/darrenc/R/test/RcppEigen/include/Eigen/src/Core/Redux.h:463:73:   required from ‘typename Eigen::internal::traits<T>::Scalar Eigen::DenseBase<Derived>::sum() const [with Derived = Eigen::CwiseBinaryOp<Eigen::internal::scalar_product_op<double, double>, const Eigen::Transpose<const Eigen::Block<const Eigen::Transpose<const Eigen::Matrix<double, -1, -1> >, 1, -1, true> >, const Eigen::Block<const Eigen::Matrix<double, -1, -1>, -1, 1, true> >; typename Eigen::internal::traits<T>::Scalar = double]’
/home/u12/darrenc/R/test/RcppEigen/include/Eigen/src/Core/ProductEvaluators.h:606:76:   required from ‘const CoeffReturnType Eigen::internal::product_evaluator<Eigen::Product<Lhs, Rhs, 1>, ProductTag, Eigen::DenseShape, Eigen::DenseShape>::coeff(Eigen::Index, Eigen::Index) const [with Lhs = Eigen::Transpose<const Eigen::Matrix<double, -1, -1> >; Rhs = Eigen::Matrix<double, -1, -1>; int ProductTag = 8; typename Eigen::internal::traits<typename Eigen::Product<Lhs, Rhs, 1>::Rhs>::Scalar = double; typename Eigen::internal::traits<typename Eigen::Product<Lhs, Rhs, 1>::Lhs>::Scalar = double; Eigen::internal::product_evaluator<Eigen::Product<Lhs, Rhs, 1>, ProductTag, Eigen::DenseShape, Eigen::DenseShape>::CoeffReturnType = double; Eigen::Index = long int]’
/home/u12/darrenc/R/test/RcppEigen/include/Eigen/src/Core/AssignEvaluator.h:654:5:   required from ‘void Eigen::internal::generic_dense_assignment_kernel<DstEvaluatorTypeT, SrcEvaluatorTypeT, Functor, Version>::assignCoeff(Eigen::Index, Eigen::Index) [with DstEvaluatorTypeT = Eigen::internal::evaluator<Eigen::Matrix<double, -1, -1> >; SrcEvaluatorTypeT = Eigen::internal::evaluator<Eigen::Product<Eigen::Transpose<const Eigen::Matrix<double, -1, -1> >, Eigen::Matrix<double, -1, -1>, 1> >; Functor = Eigen::internal::assign_op<double, double>; int Version = 1; Eigen::Index = long int]’
/home/u12/darrenc/R/test/RcppEigen/include/Eigen/src/Core/AssignEvaluator.h:668:5:   [ skipping 13 instantiation contexts, use -ftemplate-backtrace-limit=0 to disable ]
/home/u12/darrenc/R/test/RcppEigen/include/Eigen/src/Core/AssignEvaluator.h:954:31:   required from ‘static void Eigen::internal::Assignment<DstXprType, SrcXprType, Functor, Eigen::internal::Dense2Dense, Weak>::run(DstXprType&, const SrcXprType&, const Functor&) [with DstXprType = Eigen::Matrix<double, -1, -1>; SrcXprType = Eigen::CwiseBinaryOp<Eigen::internal::scalar_quotient_op<double, double>, const Eigen::Product<Eigen::Transpose<const Eigen::Matrix<double, -1, -1> >, Eigen::Matrix<double, -1, -1>, 0>, const Eigen::CwiseNullaryOp<Eigen::internal::scalar_constant_op<double>, const Eigen::Matrix<double, -1, -1> > >; Functor = Eigen::internal::assign_op<double, double>; Weak = void]’
/home/u12/darrenc/R/test/RcppEigen/include/Eigen/src/Core/AssignEvaluator.h:890:49:   required from ‘void Eigen::internal::call_assignment_no_alias(Dst&, const Src&, const Func&) [with Dst = Eigen::Matrix<double, -1, -1>; Src = Eigen::CwiseBinaryOp<Eigen::internal::scalar_quotient_op<double, double>, const Eigen::Product<Eigen::Transpose<const Eigen::Matrix<double, -1, -1> >, Eigen::Matrix<double, -1, -1>, 0>, const Eigen::CwiseNullaryOp<Eigen::internal::scalar_constant_op<double>, const Eigen::Matrix<double, -1, -1> > >; Func = Eigen::internal::assign_op<double, double>]’
/home/u12/darrenc/R/test/RcppEigen/include/Eigen/src/Core/PlainObjectBase.h:797:41:   required from ‘Derived& Eigen::PlainObjectBase<Derived>::_set_noalias(const Eigen::DenseBase<OtherDerived>&) [with OtherDerived = Eigen::CwiseBinaryOp<Eigen::internal::scalar_quotient_op<double, double>, const Eigen::Product<Eigen::Transpose<const Eigen::Matrix<double, -1, -1> >, Eigen::Matrix<double, -1, -1>, 0>, const Eigen::CwiseNullaryOp<Eigen::internal::scalar_constant_op<double>, const Eigen::Matrix<double, -1, -1> > >; Derived = Eigen::Matrix<double, -1, -1>]’
/home/u12/darrenc/R/test/RcppEigen/include/Eigen/src/Core/PlainObjectBase.h:594:7:   required from ‘Eigen::PlainObjectBase<Derived>::PlainObjectBase(const Eigen::DenseBase<OtherDerived>&) [with OtherDerived = Eigen::CwiseBinaryOp<Eigen::internal::scalar_quotient_op<double, double>, const Eigen::Product<Eigen::Transpose<const Eigen::Matrix<double, -1, -1> >, Eigen::Matrix<double, -1, -1>, 0>, const Eigen::CwiseNullaryOp<Eigen::internal::scalar_constant_op<double>, const Eigen::Matrix<double, -1, -1> > >; Derived = Eigen::Matrix<double, -1, -1>]’
/home/u12/darrenc/R/test/RcppEigen/include/Eigen/src/Core/Matrix.h:423:29:   required from ‘Eigen::Matrix<_Scalar, _Rows, _Cols, _Options, _MaxRows, _MaxCols>::Matrix(const Eigen::EigenBase<OtherDerived>&) [with OtherDerived = Eigen::CwiseBinaryOp<Eigen::internal::scalar_quotient_op<double, double>, const Eigen::Product<Eigen::Transpose<const Eigen::Matrix<double, -1, -1> >, Eigen::Matrix<double, -1, -1>, 0>, const Eigen::CwiseNullaryOp<Eigen::internal::scalar_constant_op<double>, const Eigen::Matrix<double, -1, -1> > >; _Scalar = double; int _Rows = -1; int _Cols = -1; int _Options = 0; int _MaxRows = -1; int _MaxCols = -1]’
data_manipulation.cpp:231:70:   required from here
/home/u12/darrenc/R/test/RcppEigen/include/Eigen/src/Core/DenseCoeffsBase.h:654:34: warning: ignoring attributes on template argument ‘Eigen::internal::packet_traits<double>::type’ {aka ‘__vector(2) double’} [-Wignored-attributes]
/home/u12/darrenc/R/test/RcppEigen/include/Eigen/src/Core/DenseCoeffsBase.h: In instantiation of ‘Eigen::Index Eigen::internal::first_default_aligned(const Eigen::DenseBase<Derived>&) [with Derived = Eigen::Block<const Eigen::Matrix<double, -1, -1>, -1, 1, true>; Eigen::Index = long int]’:
/home/u12/darrenc/R/test/RcppEigen/include/Eigen/src/Core/Redux.h:243:63:   required from ‘static Eigen::internal::redux_impl<Func, Evaluator, 3, 0>::Scalar Eigen::internal::redux_impl<Func, Evaluator, 3, 0>::run(const Evaluator&, const Func&, const XprType&) [with XprType = Eigen::Block<const Eigen::Matrix<double, -1, -1>, -1, 1, true>; Func = Eigen::internal::scalar_sum_op<double, double>; Evaluator = Eigen::internal::redux_evaluator<Eigen::Block<const Eigen::Matrix<double, -1, -1>, -1, 1, true> >; Eigen::internal::redux_impl<Func, Evaluator, 3, 0>::Scalar = double]’
/home/u12/darrenc/R/test/RcppEigen/include/Eigen/src/Core/Redux.h:418:56:   required from ‘typename Eigen::internal::traits<T>::Scalar Eigen::DenseBase<Derived>::redux(const Func&) const [with BinaryOp = Eigen::internal::scalar_sum_op<double, double>; Derived = Eigen::Block<const Eigen::Matrix<double, -1, -1>, -1, 1, true>; typename Eigen::internal::traits<T>::Scalar = double]’
/home/u12/darrenc/R/test/RcppEigen/include/Eigen/src/Core/Redux.h:463:73:   required from ‘typename Eigen::internal::traits<T>::Scalar Eigen::DenseBase<Derived>::sum() const [with Derived = Eigen::Block<const Eigen::Matrix<double, -1, -1>, -1, 1, true>; typename Eigen::internal::traits<T>::Scalar = double]’
/home/u12/darrenc/R/test/RcppEigen/include/Eigen/src/Core/VectorwiseOp.h:114:1:   required from ‘ResultType Eigen::internal::member_sum<ResultType, Scalar>::operator()(const XprType&) const [with XprType = Eigen::Block<const Eigen::Matrix<double, -1, -1>, -1, 1, true>; ResultType = double; Scalar = double]’
/home/u12/darrenc/R/test/RcppEigen/include/Eigen/src/Core/PartialReduxEvaluator.h:183:79:   required from ‘const Scalar Eigen::internal::evaluator<Eigen::PartialReduxExpr<MatrixType, MemberOp, Direction> >::coeff(Eigen::Index) const [with ArgType = Eigen::Matrix<double, -1, -1>; MemberOp = Eigen::internal::member_sum<double, double>; int Direction = 0; Eigen::internal::evaluator<Eigen::PartialReduxExpr<MatrixType, MemberOp, Direction> >::Scalar = double; Eigen::Index = long int]’
/home/u12/darrenc/R/test/RcppEigen/include/Eigen/src/Core/CoreEvaluators.h:775:22:   [ skipping 17 instantiation contexts, use -ftemplate-backtrace-limit=0 to disable ]
/home/u12/darrenc/R/test/RcppEigen/include/Eigen/src/Core/AssignEvaluator.h:890:49:   required from ‘void Eigen::internal::call_assignment_no_alias(Dst&, const Src&, const Func&) [with Dst = Eigen::Matrix<double, -1, -1>; Src = Eigen::CwiseBinaryOp<Eigen::internal::scalar_difference_op<double, double>, const Eigen::Matrix<double, -1, -1>, const Eigen::Replicate<Eigen::CwiseBinaryOp<Eigen::internal::scalar_quotient_op<double, double>, const Eigen::PartialReduxExpr<Eigen::Matrix<double, -1, -1>, Eigen::internal::member_sum<double, double>, 0>, const Eigen::CwiseNullaryOp<Eigen::internal::scalar_constant_op<double>, const Eigen::Matrix<double, 1, -1> > >, -1, 1> >; Func = Eigen::internal::assign_op<double, double>]’
/home/u12/darrenc/R/test/RcppEigen/include/Eigen/src/Core/AssignEvaluator.h:858:27:   required from ‘void Eigen::internal::call_assignment(Dst&, const Src&, const Func&, typename Eigen::internal::enable_if<(! Eigen::internal::evaluator_assume_aliasing<Src>::value), void*>::type) [with Dst = Eigen::Matrix<double, -1, -1>; Src = Eigen::CwiseBinaryOp<Eigen::internal::scalar_difference_op<double, double>, const Eigen::Matrix<double, -1, -1>, const Eigen::Replicate<Eigen::CwiseBinaryOp<Eigen::internal::scalar_quotient_op<double, double>, const Eigen::PartialReduxExpr<Eigen::Matrix<double, -1, -1>, Eigen::internal::member_sum<double, double>, 0>, const Eigen::CwiseNullaryOp<Eigen::internal::scalar_constant_op<double>, const Eigen::Matrix<double, 1, -1> > >, -1, 1> >; Func = Eigen::internal::assign_op<double, double>; typename Eigen::internal::enable_if<(! Eigen::internal::evaluator_assume_aliasing<Src>::value), void*>::type = void*]’
/home/u12/darrenc/R/test/RcppEigen/include/Eigen/src/Core/AssignEvaluator.h:836:18:   required from ‘void Eigen::internal::call_assignment(Dst&, const Src&) [with Dst = Eigen::Matrix<double, -1, -1>; Src = Eigen::CwiseBinaryOp<Eigen::internal::scalar_difference_op<double, double>, const Eigen::Matrix<double, -1, -1>, const Eigen::Replicate<Eigen::CwiseBinaryOp<Eigen::internal::scalar_quotient_op<double, double>, const Eigen::PartialReduxExpr<Eigen::Matrix<double, -1, -1>, Eigen::internal::member_sum<double, double>, 0>, const Eigen::CwiseNullaryOp<Eigen::internal::scalar_constant_op<double>, const Eigen::Matrix<double, 1, -1> > >, -1, 1> >]’
/home/u12/darrenc/R/test/RcppEigen/include/Eigen/src/Core/PlainObjectBase.h:779:32:   required from ‘Derived& Eigen::PlainObjectBase<Derived>::_set(const Eigen::DenseBase<OtherDerived>&) [with OtherDerived = Eigen::CwiseBinaryOp<Eigen::internal::scalar_difference_op<double, double>, const Eigen::Matrix<double, -1, -1>, const Eigen::Replicate<Eigen::CwiseBinaryOp<Eigen::internal::scalar_quotient_op<double, double>, const Eigen::PartialReduxExpr<Eigen::Matrix<double, -1, -1>, Eigen::internal::member_sum<double, double>, 0>, const Eigen::CwiseNullaryOp<Eigen::internal::scalar_constant_op<double>, const Eigen::Matrix<double, 1, -1> > >, -1, 1> >; Derived = Eigen::Matrix<double, -1, -1>]’
/home/u12/darrenc/R/test/RcppEigen/include/Eigen/src/Core/Matrix.h:225:24:   required from ‘Eigen::Matrix<_Scalar, _Rows, _Cols, _Options, _MaxRows, _MaxCols>& Eigen::Matrix<_Scalar, _Rows, _Cols, _Options, _MaxRows, _MaxCols>::operator=(const Eigen::DenseBase<OtherDerived>&) [with OtherDerived = Eigen::CwiseBinaryOp<Eigen::internal::scalar_difference_op<double, double>, const Eigen::Matrix<double, -1, -1>, const Eigen::Replicate<Eigen::CwiseBinaryOp<Eigen::internal::scalar_quotient_op<double, double>, const Eigen::PartialReduxExpr<Eigen::Matrix<double, -1, -1>, Eigen::internal::member_sum<double, double>, 0>, const Eigen::CwiseNullaryOp<Eigen::internal::scalar_constant_op<double>, const Eigen::Matrix<double, 1, -1> > >, -1, 1> >; _Scalar = double; int _Rows = -1; int _Cols = -1; int _Options = 0; int _MaxRows = -1; int _MaxCols = -1]’
data_manipulation.cpp:229:46:   required from here
/home/u12/darrenc/R/test/RcppEigen/include/Eigen/src/Core/DenseCoeffsBase.h:654:34: warning: ignoring attributes on template argument ‘Eigen::internal::packet_traits<double>::type’ {aka ‘__vector(2) double’} [-Wignored-attributes]
g++ -std=gnu++17 -I"/opt/ohpc/pub/apps/R/4.2.2/lib64/R/include" -DNDEBUG  -I'/home/u12/darrenc/R/test/Rcpp/include' -I'/home/u12/darrenc/R/test/RcppEigen/include' -I'/home/u12/darrenc/R/test/RcppProgress/include' -I/usr/local/include   -fpic  -g -O2  -c fast_NN_dist.cpp -o fast_NN_dist.o
g++ -std=gnu++17 -I"/opt/ohpc/pub/apps/R/4.2.2/lib64/R/include" -DNDEBUG  -I'/home/u12/darrenc/R/test/Rcpp/include' -I'/home/u12/darrenc/R/test/RcppEigen/include' -I'/home/u12/darrenc/R/test/RcppProgress/include' -I/usr/local/include   -fpic  -g -O2  -c integration.cpp -o integration.o
In file included from /home/u12/darrenc/R/test/RcppEigen/include/Eigen/Core:205,
                 from /home/u12/darrenc/R/test/RcppEigen/include/Eigen/Dense:1,
                 from /home/u12/darrenc/R/test/RcppEigen/include/RcppEigenForward.h:28,
                 from /home/u12/darrenc/R/test/RcppEigen/include/RcppEigen.h:25,
                 from integration.cpp:1:
/home/u12/darrenc/R/test/RcppEigen/include/Eigen/src/Core/arch/SSE/PacketMath.h:46:40: warning: ignoring attributes on template argument ‘__m128i’ {aka ‘__vector(2) long long int’} [-Wignored-attributes]
 typedef eigen_packet_wrapper<__m128i, 0> Packet4i;
                                        ^
/home/u12/darrenc/R/test/RcppEigen/include/Eigen/src/Core/arch/SSE/PacketMath.h:47:40: warning: ignoring attributes on template argument ‘__m128i’ {aka ‘__vector(2) long long int’} [-Wignored-attributes]
 typedef eigen_packet_wrapper<__m128i, 1> Packet16b;
                                        ^
/home/u12/darrenc/R/test/RcppEigen/include/Eigen/src/Core/arch/SSE/PacketMath.h:49:39: warning: ignoring attributes on template argument ‘__m128’ {aka ‘__vector(4) float’} [-Wignored-attributes]
 template<> struct is_arithmetic<__m128>  { enum { value = true }; };
                                       ^
/home/u12/darrenc/R/test/RcppEigen/include/Eigen/src/Core/arch/SSE/PacketMath.h:50:40: warning: ignoring attributes on template argument ‘__m128i’ {aka ‘__vector(2) long long int’} [-Wignored-attributes]
 template<> struct is_arithmetic<__m128i> { enum { value = true }; };
                                        ^
/home/u12/darrenc/R/test/RcppEigen/include/Eigen/src/Core/arch/SSE/PacketMath.h:51:40: warning: ignoring attributes on template argument ‘__m128d’ {aka ‘__vector(2) double’} [-Wignored-attributes]
 template<> struct is_arithmetic<__m128d> { enum { value = true }; };
                                        ^
/home/u12/darrenc/R/test/RcppEigen/include/Eigen/src/Core/arch/SSE/PacketMath.h:222:43: warning: ignoring attributes on template argument ‘Eigen::internal::Packet4f’ {aka ‘__vector(4) float’} [-Wignored-attributes]
 template<> struct unpacket_traits<Packet4f> {
                                           ^
/home/u12/darrenc/R/test/RcppEigen/include/Eigen/src/Core/arch/SSE/PacketMath.h:228:43: warning: ignoring attributes on template argument ‘Eigen::internal::Packet2d’ {aka ‘__vector(2) double’} [-Wignored-attributes]
 template<> struct unpacket_traits<Packet2d> {
                                           ^
/home/u12/darrenc/R/test/RcppEigen/include/Eigen/src/Core/arch/SSE/PacketMath.h:1124:34: warning: ignoring attributes on template argument ‘Eigen::internal::Packet4f’ {aka ‘__vector(4) float’} [-Wignored-attributes]
 ptranspose(PacketBlock<Packet4f,4>& kernel) {
                                  ^
/home/u12/darrenc/R/test/RcppEigen/include/Eigen/src/Core/arch/SSE/PacketMath.h:1129:34: warning: ignoring attributes on template argument ‘Eigen::internal::Packet2d’ {aka ‘__vector(2) double’} [-Wignored-attributes]
 ptranspose(PacketBlock<Packet2d,2>& kernel) {
                                  ^
In file included from /home/u12/darrenc/R/test/RcppEigen/include/Eigen/Core:174,
                 from /home/u12/darrenc/R/test/RcppEigen/include/Eigen/Dense:1,
                 from /home/u12/darrenc/R/test/RcppEigen/include/RcppEigenForward.h:28,
                 from /home/u12/darrenc/R/test/RcppEigen/include/RcppEigen.h:25,
                 from integration.cpp:1:
/home/u12/darrenc/R/test/RcppEigen/include/Eigen/src/Core/arch/Default/ConjHelper.h:16:60: warning: ignoring attributes on template argument ‘Eigen::internal::Packet4f’ {aka ‘__vector(4) float’} [-Wignored-attributes]
   struct conj_helper<PACKET_REAL, PACKET_CPLX, false, false> {          \
                                                            ^
/home/u12/darrenc/R/test/RcppEigen/include/Eigen/src/Core/arch/SSE/Complex.h:173:1: note: in expansion of macro ‘EIGEN_MAKE_CONJ_HELPER_CPLX_REAL’
 EIGEN_MAKE_CONJ_HELPER_CPLX_REAL(Packet2cf,Packet4f)
 ^~~~~~~~~~~~~~~~~~~~~~~~~~~~~~~~
/home/u12/darrenc/R/test/RcppEigen/include/Eigen/src/Core/arch/Default/ConjHelper.h:29:60: warning: ignoring attributes on template argument ‘Eigen::internal::Packet4f’ {aka ‘__vector(4) float’} [-Wignored-attributes]
   struct conj_helper<PACKET_CPLX, PACKET_REAL, false, false> {          \
                                                            ^
/home/u12/darrenc/R/test/RcppEigen/include/Eigen/src/Core/arch/SSE/Complex.h:173:1: note: in expansion of macro ‘EIGEN_MAKE_CONJ_HELPER_CPLX_REAL’
 EIGEN_MAKE_CONJ_HELPER_CPLX_REAL(Packet2cf,Packet4f)
 ^~~~~~~~~~~~~~~~~~~~~~~~~~~~~~~~
/home/u12/darrenc/R/test/RcppEigen/include/Eigen/src/Core/arch/Default/ConjHelper.h:16:60: warning: ignoring attributes on template argument ‘Eigen::internal::Packet2d’ {aka ‘__vector(2) double’} [-Wignored-attributes]
   struct conj_helper<PACKET_REAL, PACKET_CPLX, false, false> {          \
                                                            ^
/home/u12/darrenc/R/test/RcppEigen/include/Eigen/src/Core/arch/SSE/Complex.h:298:1: note: in expansion of macro ‘EIGEN_MAKE_CONJ_HELPER_CPLX_REAL’
 EIGEN_MAKE_CONJ_HELPER_CPLX_REAL(Packet1cd,Packet2d)
 ^~~~~~~~~~~~~~~~~~~~~~~~~~~~~~~~
/home/u12/darrenc/R/test/RcppEigen/include/Eigen/src/Core/arch/Default/ConjHelper.h:29:60: warning: ignoring attributes on template argument ‘Eigen::internal::Packet2d’ {aka ‘__vector(2) double’} [-Wignored-attributes]
   struct conj_helper<PACKET_CPLX, PACKET_REAL, false, false> {          \
                                                            ^
/home/u12/darrenc/R/test/RcppEigen/include/Eigen/src/Core/arch/SSE/Complex.h:298:1: note: in expansion of macro ‘EIGEN_MAKE_CONJ_HELPER_CPLX_REAL’
 EIGEN_MAKE_CONJ_HELPER_CPLX_REAL(Packet1cd,Packet2d)
 ^~~~~~~~~~~~~~~~~~~~~~~~~~~~~~~~
In file included from /home/u12/darrenc/R/test/RcppEigen/include/Eigen/Core:165,
                 from /home/u12/darrenc/R/test/RcppEigen/include/Eigen/Dense:1,
                 from /home/u12/darrenc/R/test/RcppEigen/include/RcppEigenForward.h:28,
                 from /home/u12/darrenc/R/test/RcppEigen/include/RcppEigen.h:25,
                 from integration.cpp:1:
/home/u12/darrenc/R/test/RcppEigen/include/Eigen/src/Core/util/XprHelper.h: In instantiation of ‘struct Eigen::internal::find_best_packet<float, 4>’:
/home/u12/darrenc/R/test/RcppEigen/include/Eigen/src/Core/Matrix.h:22:57:   required from ‘struct Eigen::internal::traits<Eigen::Matrix<float, 4, 1> >’
/home/u12/darrenc/R/test/RcppEigen/include/Eigen/src/Geometry/Quaternion.h:265:7:   required from ‘struct Eigen::internal::traits<Eigen::Quaternion<float> >’
/home/u12/darrenc/R/test/RcppEigen/include/Eigen/src/Geometry/arch/Geometry_SIMD.h:24:46:   required from here
/home/u12/darrenc/R/test/RcppEigen/include/Eigen/src/Core/util/XprHelper.h:190:44: warning: ignoring attributes on template argument ‘Eigen::internal::packet_traits<float>::type’ {aka ‘__vector(4) float’} [-Wignored-attributes]
          bool Stop = Size==Dynamic || (Size%unpacket_traits<PacketType>::size)==0 || is_same<PacketType,typename unpacket_traits<PacketType>::half>::value>
                                       ~~~~~^~~~~~~~~~~~~~~~~~~~~~~~~~~~~~~~~~~
/home/u12/darrenc/R/test/RcppEigen/include/Eigen/src/Core/util/XprHelper.h:190:83: warning: ignoring attributes on template argument ‘Eigen::internal::packet_traits<float>::type’ {aka ‘__vector(4) float’} [-Wignored-attributes]
          bool Stop = Size==Dynamic || (Size%unpacket_traits<PacketType>::size)==0 || is_same<PacketType,typename unpacket_traits<PacketType>::half>::value>
                      ~~~~~~~~~~~~~~~~~~~~~~~~~~~~~~~~~~~~~~~~~~~~~~~~~~~~~~~~~~~~~^~~~~~~~~~~~~~~~~~~~~~~~~~~~~~~~~~~~~~~~~~~~~~~~~~~~~~~~~~~~~~~~~
/home/u12/darrenc/R/test/RcppEigen/include/Eigen/src/Core/util/XprHelper.h:190:83: warning: ignoring attributes on template argument ‘Eigen::internal::packet_traits<float>::type’ {aka ‘__vector(4) float’} [-Wignored-attributes]
/home/u12/darrenc/R/test/RcppEigen/include/Eigen/src/Core/util/XprHelper.h:190:83: warning: ignoring attributes on template argument ‘Eigen::internal::unpacket_traits<__vector(4) float>::half’ {aka ‘__vector(4) float’} [-Wignored-attributes]
/home/u12/darrenc/R/test/RcppEigen/include/Eigen/src/Core/util/XprHelper.h:208:88: warning: ignoring attributes on template argument ‘Eigen::internal::packet_traits<float>::type’ {aka ‘__vector(4) float’} [-Wignored-attributes]
   typedef typename find_best_packet_helper<Size,typename packet_traits<T>::type>::type type;
                                                                                        ^~~~
In file included from /home/u12/darrenc/R/test/RcppEigen/include/Eigen/Core:271,
                 from /home/u12/darrenc/R/test/RcppEigen/include/Eigen/Dense:1,
                 from /home/u12/darrenc/R/test/RcppEigen/include/RcppEigenForward.h:28,
                 from /home/u12/darrenc/R/test/RcppEigen/include/RcppEigen.h:25,
                 from integration.cpp:1:
/home/u12/darrenc/R/test/RcppEigen/include/Eigen/src/Core/DenseCoeffsBase.h: In instantiation of ‘class Eigen::DenseCoeffsBase<Eigen::Matrix<float, 4, 1>, 0>’:
/home/u12/darrenc/R/test/RcppEigen/include/Eigen/src/Core/DenseCoeffsBase.h:302:7:   required from ‘class Eigen::DenseCoeffsBase<Eigen::Matrix<float, 4, 1>, 1>’
/home/u12/darrenc/R/test/RcppEigen/include/Eigen/src/Core/DenseCoeffsBase.h:555:7:   required from ‘class Eigen::DenseCoeffsBase<Eigen::Matrix<float, 4, 1>, 3>’
/home/u12/darrenc/R/test/RcppEigen/include/Eigen/src/Core/DenseBase.h:41:34:   required from ‘class Eigen::DenseBase<Eigen::Matrix<float, 4, 1> >’
/home/u12/darrenc/R/test/RcppEigen/include/Eigen/src/Core/MatrixBase.h:48:34:   required from ‘class Eigen::MatrixBase<Eigen::Matrix<float, 4, 1> >’
/home/u12/darrenc/R/test/RcppEigen/include/Eigen/src/Core/PlainObjectBase.h:98:7:   required from ‘class Eigen::PlainObjectBase<Eigen::Matrix<float, 4, 1> >’
/home/u12/darrenc/R/test/RcppEigen/include/Eigen/src/Core/Matrix.h:178:7:   required from ‘class Eigen::Matrix<float, 4, 1>’
/home/u12/darrenc/R/test/RcppEigen/include/Eigen/src/Geometry/Quaternion.h:46:50:   required from ‘class Eigen::QuaternionBase<Eigen::Quaternion<float> >’
/home/u12/darrenc/R/test/RcppEigen/include/Eigen/src/Geometry/Quaternion.h:273:7:   required from ‘class Eigen::Quaternion<float>’
/home/u12/darrenc/R/test/RcppEigen/include/Eigen/src/Geometry/arch/Geometry_SIMD.h:27:3:   required from here
/home/u12/darrenc/R/test/RcppEigen/include/Eigen/src/Core/DenseCoeffsBase.h:56:30: warning: ignoring attributes on template argument ‘Eigen::internal::packet_traits<float>::type’ {aka ‘__vector(4) float’} [-Wignored-attributes]
                      >::type PacketReturnType;
                              ^~~~~~~~~~~~~~~~
In file included from /home/u12/darrenc/R/test/RcppEigen/include/Eigen/Core:165,
                 from /home/u12/darrenc/R/test/RcppEigen/include/Eigen/Dense:1,
                 from /home/u12/darrenc/R/test/RcppEigen/include/RcppEigenForward.h:28,
                 from /home/u12/darrenc/R/test/RcppEigen/include/RcppEigen.h:25,
                 from integration.cpp:1:
/home/u12/darrenc/R/test/RcppEigen/include/Eigen/src/Core/util/XprHelper.h: In instantiation of ‘struct Eigen::internal::find_best_packet<double, 4>’:
/home/u12/darrenc/R/test/RcppEigen/include/Eigen/src/Core/Matrix.h:22:57:   required from ‘struct Eigen::internal::traits<Eigen::Matrix<double, 4, 1> >’
/home/u12/darrenc/R/test/RcppEigen/include/Eigen/src/Geometry/Quaternion.h:265:7:   required from ‘struct Eigen::internal::traits<Eigen::Quaternion<double> >’
/home/u12/darrenc/R/test/RcppEigen/include/Eigen/src/Geometry/arch/Geometry_SIMD.h:98:47:   required from here
/home/u12/darrenc/R/test/RcppEigen/include/Eigen/src/Core/util/XprHelper.h:190:44: warning: ignoring attributes on template argument ‘Eigen::internal::packet_traits<double>::type’ {aka ‘__vector(2) double’} [-Wignored-attributes]
          bool Stop = Size==Dynamic || (Size%unpacket_traits<PacketType>::size)==0 || is_same<PacketType,typename unpacket_traits<PacketType>::half>::value>
                                       ~~~~~^~~~~~~~~~~~~~~~~~~~~~~~~~~~~~~~~~~
/home/u12/darrenc/R/test/RcppEigen/include/Eigen/src/Core/util/XprHelper.h:190:83: warning: ignoring attributes on template argument ‘Eigen::internal::packet_traits<double>::type’ {aka ‘__vector(2) double’} [-Wignored-attributes]
          bool Stop = Size==Dynamic || (Size%unpacket_traits<PacketType>::size)==0 || is_same<PacketType,typename unpacket_traits<PacketType>::half>::value>
                      ~~~~~~~~~~~~~~~~~~~~~~~~~~~~~~~~~~~~~~~~~~~~~~~~~~~~~~~~~~~~~^~~~~~~~~~~~~~~~~~~~~~~~~~~~~~~~~~~~~~~~~~~~~~~~~~~~~~~~~~~~~~~~~
/home/u12/darrenc/R/test/RcppEigen/include/Eigen/src/Core/util/XprHelper.h:190:83: warning: ignoring attributes on template argument ‘Eigen::internal::packet_traits<double>::type’ {aka ‘__vector(2) double’} [-Wignored-attributes]
/home/u12/darrenc/R/test/RcppEigen/include/Eigen/src/Core/util/XprHelper.h:190:83: warning: ignoring attributes on template argument ‘Eigen::internal::unpacket_traits<__vector(2) double>::half’ {aka ‘__vector(2) double’} [-Wignored-attributes]
/home/u12/darrenc/R/test/RcppEigen/include/Eigen/src/Core/util/XprHelper.h:208:88: warning: ignoring attributes on template argument ‘Eigen::internal::packet_traits<double>::type’ {aka ‘__vector(2) double’} [-Wignored-attributes]
   typedef typename find_best_packet_helper<Size,typename packet_traits<T>::type>::type type;
                                                                                        ^~~~
In file included from /home/u12/darrenc/R/test/RcppEigen/include/Eigen/Core:271,
                 from /home/u12/darrenc/R/test/RcppEigen/include/Eigen/Dense:1,
                 from /home/u12/darrenc/R/test/RcppEigen/include/RcppEigenForward.h:28,
                 from /home/u12/darrenc/R/test/RcppEigen/include/RcppEigen.h:25,
                 from integration.cpp:1:
/home/u12/darrenc/R/test/RcppEigen/include/Eigen/src/Core/DenseCoeffsBase.h: In instantiation of ‘class Eigen::DenseCoeffsBase<Eigen::Matrix<double, 4, 1>, 0>’:
/home/u12/darrenc/R/test/RcppEigen/include/Eigen/src/Core/DenseCoeffsBase.h:302:7:   required from ‘class Eigen::DenseCoeffsBase<Eigen::Matrix<double, 4, 1>, 1>’
/home/u12/darrenc/R/test/RcppEigen/include/Eigen/src/Core/DenseCoeffsBase.h:555:7:   required from ‘class Eigen::DenseCoeffsBase<Eigen::Matrix<double, 4, 1>, 3>’
/home/u12/darrenc/R/test/RcppEigen/include/Eigen/src/Core/DenseBase.h:41:34:   required from ‘class Eigen::DenseBase<Eigen::Matrix<double, 4, 1> >’
/home/u12/darrenc/R/test/RcppEigen/include/Eigen/src/Core/MatrixBase.h:48:34:   required from ‘class Eigen::MatrixBase<Eigen::Matrix<double, 4, 1> >’
/home/u12/darrenc/R/test/RcppEigen/include/Eigen/src/Core/PlainObjectBase.h:98:7:   required from ‘class Eigen::PlainObjectBase<Eigen::Matrix<double, 4, 1> >’
/home/u12/darrenc/R/test/RcppEigen/include/Eigen/src/Core/Matrix.h:178:7:   required from ‘class Eigen::Matrix<double, 4, 1>’
/home/u12/darrenc/R/test/RcppEigen/include/Eigen/src/Geometry/Quaternion.h:46:50:   required from ‘class Eigen::QuaternionBase<Eigen::Quaternion<double> >’
/home/u12/darrenc/R/test/RcppEigen/include/Eigen/src/Geometry/Quaternion.h:273:7:   required from ‘class Eigen::Quaternion<double>’
/home/u12/darrenc/R/test/RcppEigen/include/Eigen/src/Geometry/arch/Geometry_SIMD.h:102:3:   required from here
/home/u12/darrenc/R/test/RcppEigen/include/Eigen/src/Core/DenseCoeffsBase.h:56:30: warning: ignoring attributes on template argument ‘Eigen::internal::packet_traits<double>::type’ {aka ‘__vector(2) double’} [-Wignored-attributes]
                      >::type PacketReturnType;
                              ^~~~~~~~~~~~~~~~
In file included from /home/u12/darrenc/R/test/RcppEigen/include/Eigen/SparseCore:37,
                 from /home/u12/darrenc/R/test/RcppEigen/include/Eigen/Sparse:26,
                 from /home/u12/darrenc/R/test/RcppEigen/include/RcppEigenForward.h:29,
                 from /home/u12/darrenc/R/test/RcppEigen/include/RcppEigen.h:25,
                 from integration.cpp:1:
/home/u12/darrenc/R/test/RcppEigen/include/Eigen/src/SparseCore/SparseMatrixBase.h: In instantiation of ‘class Eigen::SparseMatrixBase<Eigen::SparseMatrix<double, 0, int> >’:
/home/u12/darrenc/R/test/RcppEigen/include/Eigen/src/SparseCore/SparseCompressedBase.h:36:7:   required from ‘class Eigen::SparseCompressedBase<Eigen::SparseMatrix<double, 0, int> >’
/home/u12/darrenc/R/test/RcppEigen/include/Eigen/src/SparseCore/SparseMatrix.h:96:7:   required from ‘class Eigen::SparseMatrix<double, 0, int>’
/home/u12/darrenc/R/test/RcppEigen/include/unsupported/Eigen/src/IterativeSolvers/ConstrainedConjGrad.h:61:25:   required from here
/home/u12/darrenc/R/test/RcppEigen/include/Eigen/src/SparseCore/SparseMatrixBase.h:47:30: warning: ignoring attributes on template argument ‘Eigen::internal::packet_traits<double>::type’ {aka ‘__vector(2) double’} [-Wignored-attributes]
                      >::type PacketReturnType;
                              ^~~~~~~~~~~~~~~~
In file included from /home/u12/darrenc/R/test/RcppEigen/include/Eigen/Core:165,
                 from /home/u12/darrenc/R/test/RcppEigen/include/Eigen/Dense:1,
                 from /home/u12/darrenc/R/test/RcppEigen/include/RcppEigenForward.h:28,
                 from /home/u12/darrenc/R/test/RcppEigen/include/RcppEigen.h:25,
                 from integration.cpp:1:
/home/u12/darrenc/R/test/RcppEigen/include/Eigen/src/Core/util/XprHelper.h: In instantiation of ‘struct Eigen::internal::find_best_packet<double, -1>’:
/home/u12/darrenc/R/test/RcppEigen/include/Eigen/src/Core/Matrix.h:22:57:   required from ‘struct Eigen::internal::traits<Eigen::Matrix<double, -1, -1> >’
/home/u12/darrenc/R/test/RcppEigen/include/Eigen/src/Core/PlainObjectBase.h:98:7:   required from ‘class Eigen::PlainObjectBase<Eigen::Matrix<double, -1, -1> >’
/home/u12/darrenc/R/test/RcppEigen/include/Eigen/src/Core/Matrix.h:178:7:   required from ‘class Eigen::Matrix<double, -1, -1>’
integration.cpp:23:1:   required from here
/home/u12/darrenc/R/test/RcppEigen/include/Eigen/src/Core/util/XprHelper.h:190:44: warning: ignoring attributes on template argument ‘Eigen::internal::packet_traits<double>::type’ {aka ‘__vector(2) double’} [-Wignored-attributes]
          bool Stop = Size==Dynamic || (Size%unpacket_traits<PacketType>::size)==0 || is_same<PacketType,typename unpacket_traits<PacketType>::half>::value>
                                       ~~~~~^~~~~~~~~~~~~~~~~~~~~~~~~~~~~~~~~~~
/home/u12/darrenc/R/test/RcppEigen/include/Eigen/src/Core/util/XprHelper.h:190:83: warning: ignoring attributes on template argument ‘Eigen::internal::packet_traits<double>::type’ {aka ‘__vector(2) double’} [-Wignored-attributes]
          bool Stop = Size==Dynamic || (Size%unpacket_traits<PacketType>::size)==0 || is_same<PacketType,typename unpacket_traits<PacketType>::half>::value>
                      ~~~~~~~~~~~~~~~~~~~~~~~~~~~~~~~~~~~~~~~~~~~~~~~~~~~~~~~~~~~~~^~~~~~~~~~~~~~~~~~~~~~~~~~~~~~~~~~~~~~~~~~~~~~~~~~~~~~~~~~~~~~~~~
/home/u12/darrenc/R/test/RcppEigen/include/Eigen/src/Core/util/XprHelper.h:190:83: warning: ignoring attributes on template argument ‘Eigen::internal::packet_traits<double>::type’ {aka ‘__vector(2) double’} [-Wignored-attributes]
/home/u12/darrenc/R/test/RcppEigen/include/Eigen/src/Core/util/XprHelper.h:190:83: warning: ignoring attributes on template argument ‘Eigen::internal::unpacket_traits<__vector(2) double>::half’ {aka ‘__vector(2) double’} [-Wignored-attributes]
/home/u12/darrenc/R/test/RcppEigen/include/Eigen/src/Core/util/XprHelper.h:208:88: warning: ignoring attributes on template argument ‘Eigen::internal::packet_traits<double>::type’ {aka ‘__vector(2) double’} [-Wignored-attributes]
   typedef typename find_best_packet_helper<Size,typename packet_traits<T>::type>::type type;
                                                                                        ^~~~
In file included from /home/u12/darrenc/R/test/RcppEigen/include/Eigen/Core:271,
                 from /home/u12/darrenc/R/test/RcppEigen/include/Eigen/Dense:1,
                 from /home/u12/darrenc/R/test/RcppEigen/include/RcppEigenForward.h:28,
                 from /home/u12/darrenc/R/test/RcppEigen/include/RcppEigen.h:25,
                 from integration.cpp:1:
/home/u12/darrenc/R/test/RcppEigen/include/Eigen/src/Core/DenseCoeffsBase.h: In instantiation of ‘class Eigen::DenseCoeffsBase<Eigen::Matrix<double, -1, -1>, 0>’:
/home/u12/darrenc/R/test/RcppEigen/include/Eigen/src/Core/DenseCoeffsBase.h:302:7:   required from ‘class Eigen::DenseCoeffsBase<Eigen::Matrix<double, -1, -1>, 1>’
/home/u12/darrenc/R/test/RcppEigen/include/Eigen/src/Core/DenseCoeffsBase.h:555:7:   required from ‘class Eigen::DenseCoeffsBase<Eigen::Matrix<double, -1, -1>, 3>’
/home/u12/darrenc/R/test/RcppEigen/include/Eigen/src/Core/DenseBase.h:41:34:   required from ‘class Eigen::DenseBase<Eigen::Matrix<double, -1, -1> >’
/home/u12/darrenc/R/test/RcppEigen/include/Eigen/src/Core/MatrixBase.h:48:34:   required from ‘class Eigen::MatrixBase<Eigen::Matrix<double, -1, -1> >’
/home/u12/darrenc/R/test/RcppEigen/include/Eigen/src/Core/PlainObjectBase.h:98:7:   required from ‘class Eigen::PlainObjectBase<Eigen::Matrix<double, -1, -1> >’
/home/u12/darrenc/R/test/RcppEigen/include/Eigen/src/Core/Matrix.h:178:7:   required from ‘class Eigen::Matrix<double, -1, -1>’
integration.cpp:23:1:   required from here
/home/u12/darrenc/R/test/RcppEigen/include/Eigen/src/Core/DenseCoeffsBase.h:56:30: warning: ignoring attributes on template argument ‘Eigen::internal::packet_traits<double>::type’ {aka ‘__vector(2) double’} [-Wignored-attributes]
                      >::type PacketReturnType;
                              ^~~~~~~~~~~~~~~~
/home/u12/darrenc/R/test/RcppEigen/include/Eigen/src/Core/DenseCoeffsBase.h: In instantiation of ‘class Eigen::DenseCoeffsBase<Eigen::Matrix<double, -1, 1>, 0>’:
/home/u12/darrenc/R/test/RcppEigen/include/Eigen/src/Core/DenseCoeffsBase.h:302:7:   required from ‘class Eigen::DenseCoeffsBase<Eigen::Matrix<double, -1, 1>, 1>’
/home/u12/darrenc/R/test/RcppEigen/include/Eigen/src/Core/DenseCoeffsBase.h:555:7:   required from ‘class Eigen::DenseCoeffsBase<Eigen::Matrix<double, -1, 1>, 3>’
/home/u12/darrenc/R/test/RcppEigen/include/Eigen/src/Core/DenseBase.h:41:34:   required from ‘class Eigen::DenseBase<Eigen::Matrix<double, -1, 1> >’
/home/u12/darrenc/R/test/RcppEigen/include/Eigen/src/Core/MatrixBase.h:48:34:   required from ‘class Eigen::MatrixBase<Eigen::Matrix<double, -1, 1> >’
/home/u12/darrenc/R/test/RcppEigen/include/Eigen/src/Core/PlainObjectBase.h:98:7:   required from ‘class Eigen::PlainObjectBase<Eigen::Matrix<double, -1, 1> >’
/home/u12/darrenc/R/test/RcppEigen/include/Eigen/src/Core/Matrix.h:178:7:   required from ‘class Eigen::Matrix<double, -1, 1>’
integration.cpp:23:1:   required from here
/home/u12/darrenc/R/test/RcppEigen/include/Eigen/src/Core/DenseCoeffsBase.h:56:30: warning: ignoring attributes on template argument ‘Eigen::internal::packet_traits<double>::type’ {aka ‘__vector(2) double’} [-Wignored-attributes]
/home/u12/darrenc/R/test/RcppEigen/include/Eigen/src/Core/DenseCoeffsBase.h: In instantiation of ‘class Eigen::DenseCoeffsBase<Eigen::Block<Eigen::Matrix<double, -1, -1>, 1, -1, false>, 0>’:
/home/u12/darrenc/R/test/RcppEigen/include/Eigen/src/Core/DenseCoeffsBase.h:302:7:   required from ‘class Eigen::DenseCoeffsBase<Eigen::Block<Eigen::Matrix<double, -1, -1>, 1, -1, false>, 1>’
/home/u12/darrenc/R/test/RcppEigen/include/Eigen/src/Core/DenseCoeffsBase.h:555:7:   required from ‘class Eigen::DenseCoeffsBase<Eigen::Block<Eigen::Matrix<double, -1, -1>, 1, -1, false>, 3>’
/home/u12/darrenc/R/test/RcppEigen/include/Eigen/src/Core/DenseBase.h:41:34:   required from ‘class Eigen::DenseBase<Eigen::Block<Eigen::Matrix<double, -1, -1>, 1, -1, false> >’
/home/u12/darrenc/R/test/RcppEigen/include/Eigen/src/Core/MatrixBase.h:48:34:   required from ‘class Eigen::MatrixBase<Eigen::Block<Eigen::Matrix<double, -1, -1>, 1, -1, false> >’
/home/u12/darrenc/R/test/RcppEigen/include/Eigen/src/Core/MapBase.h:37:34:   required from ‘class Eigen::MapBase<Eigen::Block<Eigen::Matrix<double, -1, -1>, 1, -1, false>, 0>’
/home/u12/darrenc/R/test/RcppEigen/include/Eigen/src/Core/MapBase.h:223:34:   required from ‘class Eigen::MapBase<Eigen::Block<Eigen::Matrix<double, -1, -1>, 1, -1, false>, 1>’
/home/u12/darrenc/R/test/RcppEigen/include/Eigen/src/Core/Block.h:329:7:   required from ‘class Eigen::internal::BlockImpl_dense<Eigen::Matrix<double, -1, -1>, 1, -1, false, true>’
/home/u12/darrenc/R/test/RcppEigen/include/Eigen/src/Core/Block.h:154:7:   required from ‘class Eigen::BlockImpl<Eigen::Matrix<double, -1, -1>, 1, -1, false, Eigen::Dense>’
/home/u12/darrenc/R/test/RcppEigen/include/Eigen/src/Core/Block.h:103:81:   required from ‘class Eigen::Block<Eigen::Matrix<double, -1, -1>, 1, -1, false>’
integration.cpp:43:46:   required from here
/home/u12/darrenc/R/test/RcppEigen/include/Eigen/src/Core/DenseCoeffsBase.h:56:30: warning: ignoring attributes on template argument ‘Eigen::internal::packet_traits<double>::type’ {aka ‘__vector(2) double’} [-Wignored-attributes]
In file included from /home/u12/darrenc/R/test/RcppEigen/include/Eigen/SparseCore:37,
                 from /home/u12/darrenc/R/test/RcppEigen/include/Eigen/Sparse:26,
                 from /home/u12/darrenc/R/test/RcppEigen/include/RcppEigenForward.h:29,
                 from /home/u12/darrenc/R/test/RcppEigen/include/RcppEigen.h:25,
                 from integration.cpp:1:
/home/u12/darrenc/R/test/RcppEigen/include/Eigen/src/SparseCore/SparseMatrixBase.h: In instantiation of ‘class Eigen::SparseMatrixBase<Eigen::Transpose<Eigen::SparseMatrix<double, 0, int> > >’:
/home/u12/darrenc/R/test/RcppEigen/include/Eigen/src/SparseCore/SparseCompressedBase.h:36:7:   required from ‘class Eigen::SparseCompressedBase<Eigen::Transpose<Eigen::SparseMatrix<double, 0, int> > >’
/home/u12/darrenc/R/test/RcppEigen/include/Eigen/src/SparseCore/SparseTranspose.h:22:9:   required from ‘class Eigen::internal::SparseTransposeImpl<Eigen::SparseMatrix<double, 0, int>, 1024>’
/home/u12/darrenc/R/test/RcppEigen/include/Eigen/src/SparseCore/SparseTranspose.h:45:37:   required from ‘class Eigen::TransposeImpl<Eigen::SparseMatrix<double, 0, int>, Eigen::Sparse>’
/home/u12/darrenc/R/test/RcppEigen/include/Eigen/src/Core/Transpose.h:52:37:   required from ‘class Eigen::Transpose<Eigen::SparseMatrix<double, 0, int> >’
integration.cpp:60:54:   required from here
/home/u12/darrenc/R/test/RcppEigen/include/Eigen/src/SparseCore/SparseMatrixBase.h:47:30: warning: ignoring attributes on template argument ‘Eigen::internal::packet_traits<double>::type’ {aka ‘__vector(2) double’} [-Wignored-attributes]
                      >::type PacketReturnType;
                              ^~~~~~~~~~~~~~~~
In file included from /home/u12/darrenc/R/test/RcppEigen/include/Eigen/Core:271,
                 from /home/u12/darrenc/R/test/RcppEigen/include/Eigen/Dense:1,
                 from /home/u12/darrenc/R/test/RcppEigen/include/RcppEigenForward.h:28,
                 from /home/u12/darrenc/R/test/RcppEigen/include/RcppEigen.h:25,
                 from integration.cpp:1:
/home/u12/darrenc/R/test/RcppEigen/include/Eigen/src/Core/DenseCoeffsBase.h: In instantiation of ‘class Eigen::DenseCoeffsBase<Eigen::CwiseNullaryOp<Eigen::internal::scalar_constant_op<double>, Eigen::Matrix<double, -1, 1> >, 0>’:
/home/u12/darrenc/R/test/RcppEigen/include/Eigen/src/Core/DenseBase.h:41:34:   required from ‘class Eigen::DenseBase<Eigen::CwiseNullaryOp<Eigen::internal::scalar_constant_op<double>, Eigen::Matrix<double, -1, 1> > >’
/home/u12/darrenc/R/test/RcppEigen/include/Eigen/src/Core/MatrixBase.h:48:34:   required from ‘class Eigen::MatrixBase<Eigen::CwiseNullaryOp<Eigen::internal::scalar_constant_op<double>, Eigen::Matrix<double, -1, 1> > >’
/home/u12/darrenc/R/test/RcppEigen/include/Eigen/src/Core/CwiseNullaryOp.h:60:7:   required from ‘class Eigen::CwiseNullaryOp<Eigen::internal::scalar_constant_op<double>, Eigen::Matrix<double, -1, 1> >’
integration.cpp:60:99:   required from here
/home/u12/darrenc/R/test/RcppEigen/include/Eigen/src/Core/DenseCoeffsBase.h:56:30: warning: ignoring attributes on template argument ‘Eigen::internal::packet_traits<double>::type’ {aka ‘__vector(2) double’} [-Wignored-attributes]
                      >::type PacketReturnType;
                              ^~~~~~~~~~~~~~~~
/home/u12/darrenc/R/test/RcppEigen/include/Eigen/src/Core/DenseCoeffsBase.h: In instantiation of ‘class Eigen::DenseCoeffsBase<Eigen::Product<Eigen::Transpose<Eigen::SparseMatrix<double, 0, int> >, Eigen::CwiseNullaryOp<Eigen::internal::scalar_constant_op<double>, Eigen::Matrix<double, -1, 1> >, 0>, 0>’:
/home/u12/darrenc/R/test/RcppEigen/include/Eigen/src/Core/DenseBase.h:41:34:   required from ‘class Eigen::DenseBase<Eigen::Product<Eigen::Transpose<Eigen::SparseMatrix<double, 0, int> >, Eigen::CwiseNullaryOp<Eigen::internal::scalar_constant_op<double>, Eigen::Matrix<double, -1, 1> >, 0> >’
/home/u12/darrenc/R/test/RcppEigen/include/Eigen/src/Core/MatrixBase.h:48:34:   required from ‘class Eigen::MatrixBase<Eigen::Product<Eigen::Transpose<Eigen::SparseMatrix<double, 0, int> >, Eigen::CwiseNullaryOp<Eigen::internal::scalar_constant_op<double>, Eigen::Matrix<double, -1, 1> >, 0> >’
/home/u12/darrenc/R/test/RcppEigen/include/Eigen/src/Core/Product.h:120:7:   required from ‘class Eigen::internal::dense_product_base<Eigen::Transpose<Eigen::SparseMatrix<double, 0, int> >, Eigen::CwiseNullaryOp<Eigen::internal::scalar_constant_op<double>, Eigen::Matrix<double, -1, 1> >, 0, 7>’
/home/u12/darrenc/R/test/RcppEigen/include/Eigen/src/Core/Product.h:152:7:   required from ‘class Eigen::ProductImpl<Eigen::Transpose<Eigen::SparseMatrix<double, 0, int> >, Eigen::CwiseNullaryOp<Eigen::internal::scalar_constant_op<double>, Eigen::Matrix<double, -1, 1> >, 0, Eigen::Dense>’
/home/u12/darrenc/R/test/RcppEigen/include/Eigen/src/Core/Product.h:71:7:   required from ‘class Eigen::Product<Eigen::Transpose<Eigen::SparseMatrix<double, 0, int> >, Eigen::CwiseNullaryOp<Eigen::internal::scalar_constant_op<double>, Eigen::Matrix<double, -1, 1> >, 0>’
integration.cpp:60:99:   required from here
/home/u12/darrenc/R/test/RcppEigen/include/Eigen/src/Core/DenseCoeffsBase.h:56:30: warning: ignoring attributes on template argument ‘Eigen::internal::packet_traits<double>::type’ {aka ‘__vector(2) double’} [-Wignored-attributes]
/home/u12/darrenc/R/test/RcppEigen/include/Eigen/src/Core/DenseCoeffsBase.h: In instantiation of ‘class Eigen::DenseCoeffsBase<Eigen::CwiseNullaryOp<Eigen::internal::scalar_constant_op<double>, Eigen::Matrix<double, -1, -1> >, 0>’:
/home/u12/darrenc/R/test/RcppEigen/include/Eigen/src/Core/DenseBase.h:41:34:   required from ‘class Eigen::DenseBase<Eigen::CwiseNullaryOp<Eigen::internal::scalar_constant_op<double>, Eigen::Matrix<double, -1, -1> > >’
/home/u12/darrenc/R/test/RcppEigen/include/Eigen/src/Core/MatrixBase.h:48:34:   required from ‘class Eigen::MatrixBase<Eigen::CwiseNullaryOp<Eigen::internal::scalar_constant_op<double>, Eigen::Matrix<double, -1, -1> > >’
/home/u12/darrenc/R/test/RcppEigen/include/Eigen/src/Core/CwiseNullaryOp.h:60:7:   required from ‘class Eigen::CwiseNullaryOp<Eigen::internal::scalar_constant_op<double>, Eigen::Matrix<double, -1, -1> >’
integration.cpp:68:121:   required from here
/home/u12/darrenc/R/test/RcppEigen/include/Eigen/src/Core/DenseCoeffsBase.h:56:30: warning: ignoring attributes on template argument ‘Eigen::internal::packet_traits<double>::type’ {aka ‘__vector(2) double’} [-Wignored-attributes]
/home/u12/darrenc/R/test/RcppEigen/include/Eigen/src/Core/DenseCoeffsBase.h: In instantiation of ‘class Eigen::DenseCoeffsBase<Eigen::PartialReduxExpr<Eigen::Matrix<double, -1, -1>, Eigen::internal::member_sum<double, double>, 0>, 0>’:
/home/u12/darrenc/R/test/RcppEigen/include/Eigen/src/Core/DenseBase.h:41:34:   required from ‘class Eigen::DenseBase<Eigen::PartialReduxExpr<Eigen::Matrix<double, -1, -1>, Eigen::internal::member_sum<double, double>, 0> >’
/home/u12/darrenc/R/test/RcppEigen/include/Eigen/src/Core/MatrixBase.h:48:34:   required from ‘class Eigen::MatrixBase<Eigen::PartialReduxExpr<Eigen::Matrix<double, -1, -1>, Eigen::internal::member_sum<double, double>, 0> >’
/home/u12/darrenc/R/test/RcppEigen/include/Eigen/src/Core/VectorwiseOp.h:56:7:   required from ‘class Eigen::PartialReduxExpr<Eigen::Matrix<double, -1, -1>, Eigen::internal::member_sum<double, double>, 0>’
integration.cpp:77:58:   required from here
/home/u12/darrenc/R/test/RcppEigen/include/Eigen/src/Core/DenseCoeffsBase.h:56:30: warning: ignoring attributes on template argument ‘Eigen::internal::packet_traits<double>::type’ {aka ‘__vector(2) double’} [-Wignored-attributes]
In file included from /home/u12/darrenc/R/test/RcppEigen/include/Eigen/SparseCore:37,
                 from /home/u12/darrenc/R/test/RcppEigen/include/Eigen/Sparse:26,
                 from /home/u12/darrenc/R/test/RcppEigen/include/RcppEigenForward.h:29,
                 from /home/u12/darrenc/R/test/RcppEigen/include/RcppEigen.h:25,
                 from integration.cpp:1:
/home/u12/darrenc/R/test/RcppEigen/include/Eigen/src/SparseCore/SparseMatrixBase.h: In instantiation of ‘class Eigen::SparseMatrixBase<Eigen::SparseView<Eigen::Matrix<double, -1, -1> > >’:
/home/u12/darrenc/R/test/RcppEigen/include/Eigen/src/SparseCore/SparseView.h:45:7:   required from ‘class Eigen::SparseView<Eigen::Matrix<double, -1, -1> >’
integration.cpp:83:42:   required from here
/home/u12/darrenc/R/test/RcppEigen/include/Eigen/src/SparseCore/SparseMatrixBase.h:47:30: warning: ignoring attributes on template argument ‘Eigen::internal::packet_traits<double>::type’ {aka ‘__vector(2) double’} [-Wignored-attributes]
                      >::type PacketReturnType;
                              ^~~~~~~~~~~~~~~~
/home/u12/darrenc/R/test/RcppEigen/include/Eigen/src/SparseCore/SparseMatrixBase.h: In instantiation of ‘class Eigen::SparseMatrixBase<Eigen::Product<Eigen::Transpose<Eigen::SparseMatrix<double, 0, int> >, Eigen::SparseMatrix<double, 0, int>, 2> >’:
/home/u12/darrenc/R/test/RcppEigen/include/Eigen/src/Core/Product.h:145:7:   required from ‘class Eigen::ProductImpl<Eigen::Transpose<Eigen::SparseMatrix<double, 0, int> >, Eigen::SparseMatrix<double, 0, int>, 2, Eigen::Sparse>’
/home/u12/darrenc/R/test/RcppEigen/include/Eigen/src/Core/Product.h:71:7:   required from ‘class Eigen::Product<Eigen::Transpose<Eigen::SparseMatrix<double, 0, int> >, Eigen::SparseMatrix<double, 0, int>, 2>’
integration.cpp:94:85:   required from here
/home/u12/darrenc/R/test/RcppEigen/include/Eigen/src/SparseCore/SparseMatrixBase.h:47:30: warning: ignoring attributes on template argument ‘Eigen::internal::packet_traits<double>::type’ {aka ‘__vector(2) double’} [-Wignored-attributes]
/home/u12/darrenc/R/test/RcppEigen/include/Eigen/src/SparseCore/SparseMatrixBase.h: In instantiation of ‘class Eigen::SparseMatrixBase<Eigen::CwiseBinaryOp<Eigen::internal::scalar_difference_op<double, double>, const Eigen::SparseMatrix<double, 0, int>, const Eigen::Product<Eigen::Transpose<Eigen::SparseMatrix<double, 0, int> >, Eigen::SparseMatrix<double, 0, int>, 2> > >’:
/home/u12/darrenc/R/test/RcppEigen/include/Eigen/src/SparseCore/SparseCwiseBinaryOp.h:36:7:   required from ‘class Eigen::CwiseBinaryOpImpl<Eigen::internal::scalar_difference_op<double, double>, const Eigen::SparseMatrix<double, 0, int>, const Eigen::Product<Eigen::Transpose<Eigen::SparseMatrix<double, 0, int> >, Eigen::SparseMatrix<double, 0, int>, 2>, Eigen::Sparse>’
/home/u12/darrenc/R/test/RcppEigen/include/Eigen/src/Core/CwiseBinaryOp.h:77:7:   required from ‘class Eigen::CwiseBinaryOp<Eigen::internal::scalar_difference_op<double, double>, const Eigen::SparseMatrix<double, 0, int>, const Eigen::Product<Eigen::Transpose<Eigen::SparseMatrix<double, 0, int> >, Eigen::SparseMatrix<double, 0, int>, 2> >’
integration.cpp:94:85:   required from here
/home/u12/darrenc/R/test/RcppEigen/include/Eigen/src/SparseCore/SparseMatrixBase.h:47:30: warning: ignoring attributes on template argument ‘Eigen::internal::packet_traits<double>::type’ {aka ‘__vector(2) double’} [-Wignored-attributes]
In file included from /home/u12/darrenc/R/test/RcppEigen/include/Eigen/Core:271,
                 from /home/u12/darrenc/R/test/RcppEigen/include/Eigen/Dense:1,
                 from /home/u12/darrenc/R/test/RcppEigen/include/RcppEigenForward.h:28,
                 from /home/u12/darrenc/R/test/RcppEigen/include/RcppEigen.h:25,
                 from integration.cpp:1:
/home/u12/darrenc/R/test/RcppEigen/include/Eigen/src/Core/DenseCoeffsBase.h: In instantiation of ‘class Eigen::DenseCoeffsBase<Eigen::Block<Eigen::Matrix<double, -1, -1>, -1, 1, true>, 0>’:
/home/u12/darrenc/R/test/RcppEigen/include/Eigen/src/Core/DenseCoeffsBase.h:302:7:   required from ‘class Eigen::DenseCoeffsBase<Eigen::Block<Eigen::Matrix<double, -1, -1>, -1, 1, true>, 1>’
/home/u12/darrenc/R/test/RcppEigen/include/Eigen/src/Core/DenseCoeffsBase.h:555:7:   required from ‘class Eigen::DenseCoeffsBase<Eigen::Block<Eigen::Matrix<double, -1, -1>, -1, 1, true>, 3>’
/home/u12/darrenc/R/test/RcppEigen/include/Eigen/src/Core/DenseBase.h:41:34:   required from ‘class Eigen::DenseBase<Eigen::Block<Eigen::Matrix<double, -1, -1>, -1, 1, true> >’
/home/u12/darrenc/R/test/RcppEigen/include/Eigen/src/Core/MatrixBase.h:48:34:   required from ‘class Eigen::MatrixBase<Eigen::Block<Eigen::Matrix<double, -1, -1>, -1, 1, true> >’
/home/u12/darrenc/R/test/RcppEigen/include/Eigen/src/Core/MapBase.h:37:34:   required from ‘class Eigen::MapBase<Eigen::Block<Eigen::Matrix<double, -1, -1>, -1, 1, true>, 0>’
/home/u12/darrenc/R/test/RcppEigen/include/Eigen/src/Core/MapBase.h:223:34:   required from ‘class Eigen::MapBase<Eigen::Block<Eigen::Matrix<double, -1, -1>, -1, 1, true>, 1>’
/home/u12/darrenc/R/test/RcppEigen/include/Eigen/src/Core/Block.h:329:7:   required from ‘class Eigen::internal::BlockImpl_dense<Eigen::Matrix<double, -1, -1>, -1, 1, true, true>’
/home/u12/darrenc/R/test/RcppEigen/include/Eigen/src/Core/Block.h:154:7:   required from ‘class Eigen::BlockImpl<Eigen::Matrix<double, -1, -1>, -1, 1, true, Eigen::Dense>’
/home/u12/darrenc/R/test/RcppEigen/include/Eigen/src/Core/Block.h:103:81:   required from ‘class Eigen::Block<Eigen::Matrix<double, -1, -1>, -1, 1, true>’
integration.cpp:140:41:   required from here
/home/u12/darrenc/R/test/RcppEigen/include/Eigen/src/Core/DenseCoeffsBase.h:56:30: warning: ignoring attributes on template argument ‘Eigen::internal::packet_traits<double>::type’ {aka ‘__vector(2) double’} [-Wignored-attributes]
                      >::type PacketReturnType;
                              ^~~~~~~~~~~~~~~~
/home/u12/darrenc/R/test/RcppEigen/include/Eigen/src/Core/DenseCoeffsBase.h: In instantiation of ‘class Eigen::DenseCoeffsBase<Eigen::CwiseBinaryOp<Eigen::internal::scalar_difference_op<double, double>, const Eigen::Block<Eigen::Matrix<double, -1, -1>, -1, 1, true>, const Eigen::Block<Eigen::Matrix<double, -1, -1>, -1, 1, true> >, 0>’:
/home/u12/darrenc/R/test/RcppEigen/include/Eigen/src/Core/DenseBase.h:41:34:   required from ‘class Eigen::DenseBase<Eigen::CwiseBinaryOp<Eigen::internal::scalar_difference_op<double, double>, const Eigen::Block<Eigen::Matrix<double, -1, -1>, -1, 1, true>, const Eigen::Block<Eigen::Matrix<double, -1, -1>, -1, 1, true> > >’
/home/u12/darrenc/R/test/RcppEigen/include/Eigen/src/Core/MatrixBase.h:48:34:   required from ‘class Eigen::MatrixBase<Eigen::CwiseBinaryOp<Eigen::internal::scalar_difference_op<double, double>, const Eigen::Block<Eigen::Matrix<double, -1, -1>, -1, 1, true>, const Eigen::Block<Eigen::Matrix<double, -1, -1>, -1, 1, true> > >’
/home/u12/darrenc/R/test/RcppEigen/include/Eigen/src/Core/CwiseBinaryOp.h:148:7:   required from ‘class Eigen::CwiseBinaryOpImpl<Eigen::internal::scalar_difference_op<double, double>, const Eigen::Block<Eigen::Matrix<double, -1, -1>, -1, 1, true>, const Eigen::Block<Eigen::Matrix<double, -1, -1>, -1, 1, true>, Eigen::Dense>’
/home/u12/darrenc/R/test/RcppEigen/include/Eigen/src/Core/CwiseBinaryOp.h:77:7:   required from ‘class Eigen::CwiseBinaryOp<Eigen::internal::scalar_difference_op<double, double>, const Eigen::Block<Eigen::Matrix<double, -1, -1>, -1, 1, true>, const Eigen::Block<Eigen::Matrix<double, -1, -1>, -1, 1, true> >’
integration.cpp:140:60:   required from here
/home/u12/darrenc/R/test/RcppEigen/include/Eigen/src/Core/DenseCoeffsBase.h:56:30: warning: ignoring attributes on template argument ‘Eigen::internal::packet_traits<double>::type’ {aka ‘__vector(2) double’} [-Wignored-attributes]
/home/u12/darrenc/R/test/RcppEigen/include/Eigen/src/Core/DenseCoeffsBase.h: In instantiation of ‘class Eigen::DenseCoeffsBase<Eigen::SparseMatrix<double, 0, int>, 0>’:
/home/u12/darrenc/R/test/RcppEigen/include/Eigen/src/SparseCore/SparseCompressedBase.h:336:80:   required from ‘struct Eigen::internal::evaluator<Eigen::SparseCompressedBase<Eigen::SparseMatrix<double, 0, int> > >’
/home/u12/darrenc/R/test/RcppEigen/include/Eigen/src/SparseCore/SparseMatrix.h:1505:8:   required from ‘struct Eigen::internal::evaluator<Eigen::SparseMatrix<double, 0, int> >’
/home/u12/darrenc/R/test/RcppEigen/include/Eigen/src/Core/CoreEvaluators.h:100:8:   required from ‘struct Eigen::internal::evaluator<const Eigen::SparseMatrix<double, 0, int> >’
/home/u12/darrenc/R/test/RcppEigen/include/Eigen/src/SparseCore/SparseCwiseBinaryOp.h:64:51:   required from ‘struct Eigen::internal::binary_evaluator<Eigen::CwiseBinaryOp<Eigen::internal::scalar_difference_op<double, double>, const Eigen::SparseMatrix<double, 0, int>, const Eigen::Product<Eigen::Transpose<Eigen::SparseMatrix<double, 0, int> >, Eigen::SparseMatrix<double, 0, int>, 2> >, Eigen::internal::IteratorBased, Eigen::internal::IteratorBased, double, double>’
/home/u12/darrenc/R/test/RcppEigen/include/Eigen/src/Core/CoreEvaluators.h:722:8:   required from ‘struct Eigen::internal::evaluator<Eigen::CwiseBinaryOp<Eigen::internal::scalar_difference_op<double, double>, const Eigen::SparseMatrix<double, 0, int>, const Eigen::Product<Eigen::Transpose<Eigen::SparseMatrix<double, 0, int> >, Eigen::SparseMatrix<double, 0, int>, 2> > >’
/home/u12/darrenc/R/test/RcppEigen/include/Eigen/src/SparseCore/SparseMatrix.h:687:103:   required from ‘Eigen::SparseMatrix<_Scalar, _Flags, _StorageIndex>::SparseMatrix(const Eigen::SparseMatrixBase<OtherDerived>&) [with OtherDerived = Eigen::CwiseBinaryOp<Eigen::internal::scalar_difference_op<double, double>, const Eigen::SparseMatrix<double, 0, int>, const Eigen::Product<Eigen::Transpose<Eigen::SparseMatrix<double, 0, int> >, Eigen::SparseMatrix<double, 0, int>, 2> >; _Scalar = double; int _Options = 0; _StorageIndex = int]’
integration.cpp:94:85:   required from here
/home/u12/darrenc/R/test/RcppEigen/include/Eigen/src/Core/DenseCoeffsBase.h:56:30: warning: ignoring attributes on template argument ‘Eigen::internal::packet_traits<double>::type’ {aka ‘__vector(2) double’} [-Wignored-attributes]
In file included from /home/u12/darrenc/R/test/RcppEigen/include/Eigen/SparseCore:37,
                 from /home/u12/darrenc/R/test/RcppEigen/include/Eigen/Sparse:26,
                 from /home/u12/darrenc/R/test/RcppEigen/include/RcppEigenForward.h:29,
                 from /home/u12/darrenc/R/test/RcppEigen/include/RcppEigen.h:25,
                 from integration.cpp:1:
/home/u12/darrenc/R/test/RcppEigen/include/Eigen/src/SparseCore/SparseMatrixBase.h: In instantiation of ‘class Eigen::SparseMatrixBase<Eigen::SparseMatrix<double, 1> >’:
/home/u12/darrenc/R/test/RcppEigen/include/Eigen/src/SparseCore/SparseCompressedBase.h:36:7:   required from ‘class Eigen::SparseCompressedBase<Eigen::SparseMatrix<double, 1> >’
/home/u12/darrenc/R/test/RcppEigen/include/Eigen/src/SparseCore/SparseMatrix.h:96:7:   required from ‘class Eigen::SparseMatrix<double, 1>’
/home/u12/darrenc/R/test/RcppEigen/include/Eigen/src/SparseCore/SparseMatrix.h:1040:66:   required from ‘void Eigen::internal::set_from_triplets(const InputIterator&, const InputIterator&, SparseMatrixType&, DupFunctor) [with InputIterator = __gnu_cxx::__normal_iterator<Eigen::Triplet<double>*, std::vector<Eigen::Triplet<double> > >; SparseMatrixType = Eigen::SparseMatrix<double, 0, int>; DupFunctor = FindWeightsC(Rcpp::NumericVector, Eigen::MatrixXd, std::vector<std::__cxx11::basic_string<char> >, std::vector<std::__cxx11::basic_string<char> >, Eigen::MatrixXd, Eigen::VectorXd, double, double, bool)::<lambda(const double&, const double&)>]’
/home/u12/darrenc/R/test/RcppEigen/include/Eigen/src/SparseCore/SparseMatrix.h:1126:103:   required from ‘void Eigen::SparseMatrix<_Scalar, _Flags, _StorageIndex>::setFromTriplets(const InputIterators&, const InputIterators&, DupFunctor) [with InputIterators = __gnu_cxx::__normal_iterator<Eigen::Triplet<double>*, std::vector<Eigen::Triplet<double> > >; DupFunctor = FindWeightsC(Rcpp::NumericVector, Eigen::MatrixXd, std::vector<std::__cxx11::basic_string<char> >, std::vector<std::__cxx11::basic_string<char> >, Eigen::MatrixXd, Eigen::VectorXd, double, double, bool)::<lambda(const double&, const double&)>; _Scalar = double; int _Options = 0; _StorageIndex = int]’
integration.cpp:59:123:   required from here
/home/u12/darrenc/R/test/RcppEigen/include/Eigen/src/SparseCore/SparseMatrixBase.h:47:30: warning: ignoring attributes on template argument ‘Eigen::internal::packet_traits<double>::type’ {aka ‘__vector(2) double’} [-Wignored-attributes]
                      >::type PacketReturnType;
                              ^~~~~~~~~~~~~~~~
In file included from /home/u12/darrenc/R/test/RcppEigen/include/Eigen/Core:271,
                 from /home/u12/darrenc/R/test/RcppEigen/include/Eigen/Dense:1,
                 from /home/u12/darrenc/R/test/RcppEigen/include/RcppEigenForward.h:28,
                 from /home/u12/darrenc/R/test/RcppEigen/include/RcppEigen.h:25,
                 from integration.cpp:1:
/home/u12/darrenc/R/test/RcppEigen/include/Eigen/src/Core/DenseCoeffsBase.h: In instantiation of ‘class Eigen::DenseCoeffsBase<Eigen::CwiseUnaryOp<Eigen::internal::scalar_abs2_op<double>, const Eigen::CwiseBinaryOp<Eigen::internal::scalar_difference_op<double, double>, const Eigen::Block<Eigen::Matrix<double, -1, -1>, -1, 1, true>, const Eigen::Block<Eigen::Matrix<double, -1, -1>, -1, 1, true> > >, 0>’:
/home/u12/darrenc/R/test/RcppEigen/include/Eigen/src/Core/DenseBase.h:41:34:   required from ‘class Eigen::DenseBase<Eigen::CwiseUnaryOp<Eigen::internal::scalar_abs2_op<double>, const Eigen::CwiseBinaryOp<Eigen::internal::scalar_difference_op<double, double>, const Eigen::Block<Eigen::Matrix<double, -1, -1>, -1, 1, true>, const Eigen::Block<Eigen::Matrix<double, -1, -1>, -1, 1, true> > > >’
/home/u12/darrenc/R/test/RcppEigen/include/Eigen/src/Core/MatrixBase.h:48:34:   required from ‘class Eigen::MatrixBase<Eigen::CwiseUnaryOp<Eigen::internal::scalar_abs2_op<double>, const Eigen::CwiseBinaryOp<Eigen::internal::scalar_difference_op<double, double>, const Eigen::Block<Eigen::Matrix<double, -1, -1>, -1, 1, true>, const Eigen::Block<Eigen::Matrix<double, -1, -1>, -1, 1, true> > > >’
/home/u12/darrenc/R/test/RcppEigen/include/Eigen/src/Core/CwiseUnaryOp.h:94:7:   required from ‘class Eigen::CwiseUnaryOpImpl<Eigen::internal::scalar_abs2_op<double>, const Eigen::CwiseBinaryOp<Eigen::internal::scalar_difference_op<double, double>, const Eigen::Block<Eigen::Matrix<double, -1, -1>, -1, 1, true>, const Eigen::Block<Eigen::Matrix<double, -1, -1>, -1, 1, true> >, Eigen::Dense>’
/home/u12/darrenc/R/test/RcppEigen/include/Eigen/src/Core/CwiseUnaryOp.h:55:7:   required from ‘class Eigen::CwiseUnaryOp<Eigen::internal::scalar_abs2_op<double>, const Eigen::CwiseBinaryOp<Eigen::internal::scalar_difference_op<double, double>, const Eigen::Block<Eigen::Matrix<double, -1, -1>, -1, 1, true>, const Eigen::Block<Eigen::Matrix<double, -1, -1>, -1, 1, true> > >’
/home/u12/darrenc/R/test/RcppEigen/include/Eigen/src/Core/Dot.h:98:43:   required from ‘typename Eigen::NumTraits<typename Eigen::internal::traits<T>::Scalar>::Real Eigen::MatrixBase<Derived>::squaredNorm() const [with Derived = Eigen::CwiseBinaryOp<Eigen::internal::scalar_difference_op<double, double>, const Eigen::Block<Eigen::Matrix<double, -1, -1>, -1, 1, true>, const Eigen::Block<Eigen::Matrix<double, -1, -1>, -1, 1, true> >; typename Eigen::NumTraits<typename Eigen::internal::traits<T>::Scalar>::Real = double]’
/home/u12/darrenc/R/test/RcppEigen/include/Eigen/src/Core/Dot.h:110:23:   required from ‘typename Eigen::NumTraits<typename Eigen::internal::traits<T>::Scalar>::Real Eigen::MatrixBase<Derived>::norm() const [with Derived = Eigen::CwiseBinaryOp<Eigen::internal::scalar_difference_op<double, double>, const Eigen::Block<Eigen::Matrix<double, -1, -1>, -1, 1, true>, const Eigen::Block<Eigen::Matrix<double, -1, -1>, -1, 1, true> >; typename Eigen::NumTraits<typename Eigen::internal::traits<T>::Scalar>::Real = double]’
integration.cpp:140:68:   required from here
/home/u12/darrenc/R/test/RcppEigen/include/Eigen/src/Core/DenseCoeffsBase.h:56:30: warning: ignoring attributes on template argument ‘Eigen::internal::packet_traits<double>::type’ {aka ‘__vector(2) double’} [-Wignored-attributes]
                      >::type PacketReturnType;
                              ^~~~~~~~~~~~~~~~
/home/u12/darrenc/R/test/RcppEigen/include/Eigen/src/Core/DenseCoeffsBase.h: In instantiation of ‘class Eigen::DenseCoeffsBase<Eigen::SparseMatrix<double, 1>, 0>’:
/home/u12/darrenc/R/test/RcppEigen/include/Eigen/src/SparseCore/SparseCompressedBase.h:336:80:   required from ‘struct Eigen::internal::evaluator<Eigen::SparseCompressedBase<Eigen::SparseMatrix<double, 1> > >’
/home/u12/darrenc/R/test/RcppEigen/include/Eigen/src/SparseCore/SparseMatrix.h:1505:8:   required from ‘struct Eigen::internal::evaluator<Eigen::SparseMatrix<double, 1> >’
/home/u12/darrenc/R/test/RcppEigen/include/Eigen/src/SparseCore/SparseMatrix.h:1181:99:   required from ‘Eigen::SparseMatrix<_Scalar, _Options, _StorageIndex>& Eigen::SparseMatrix<_Scalar, _Flags, _StorageIndex>::operator=(const Eigen::SparseMatrixBase<OtherDerived>&) [with OtherDerived = Eigen::SparseMatrix<double, 1>; _Scalar = double; int _Options = 0; _StorageIndex = int]’
/home/u12/darrenc/R/test/RcppEigen/include/Eigen/src/SparseCore/SparseMatrix.h:1063:7:   required from ‘void Eigen::internal::set_from_triplets(const InputIterator&, const InputIterator&, SparseMatrixType&, DupFunctor) [with InputIterator = __gnu_cxx::__normal_iterator<Eigen::Triplet<double>*, std::vector<Eigen::Triplet<double> > >; SparseMatrixType = Eigen::SparseMatrix<double, 0, int>; DupFunctor = FindWeightsC(Rcpp::NumericVector, Eigen::MatrixXd, std::vector<std::__cxx11::basic_string<char> >, std::vector<std::__cxx11::basic_string<char> >, Eigen::MatrixXd, Eigen::VectorXd, double, double, bool)::<lambda(const double&, const double&)>]’
/home/u12/darrenc/R/test/RcppEigen/include/Eigen/src/SparseCore/SparseMatrix.h:1126:103:   required from ‘void Eigen::SparseMatrix<_Scalar, _Flags, _StorageIndex>::setFromTriplets(const InputIterators&, const InputIterators&, DupFunctor) [with InputIterators = __gnu_cxx::__normal_iterator<Eigen::Triplet<double>*, std::vector<Eigen::Triplet<double> > >; DupFunctor = FindWeightsC(Rcpp::NumericVector, Eigen::MatrixXd, std::vector<std::__cxx11::basic_string<char> >, std::vector<std::__cxx11::basic_string<char> >, Eigen::MatrixXd, Eigen::VectorXd, double, double, bool)::<lambda(const double&, const double&)>; _Scalar = double; int _Options = 0; _StorageIndex = int]’
integration.cpp:59:123:   required from here
/home/u12/darrenc/R/test/RcppEigen/include/Eigen/src/Core/DenseCoeffsBase.h:56:30: warning: ignoring attributes on template argument ‘Eigen::internal::packet_traits<double>::type’ {aka ‘__vector(2) double’} [-Wignored-attributes]
/home/u12/darrenc/R/test/RcppEigen/include/Eigen/src/Core/DenseCoeffsBase.h: In instantiation of ‘class Eigen::DenseCoeffsBase<Eigen::Transpose<Eigen::Matrix<double, -1, 1> >, 0>’:
/home/u12/darrenc/R/test/RcppEigen/include/Eigen/src/Core/DenseCoeffsBase.h:302:7:   required from ‘class Eigen::DenseCoeffsBase<Eigen::Transpose<Eigen::Matrix<double, -1, 1> >, 1>’
/home/u12/darrenc/R/test/RcppEigen/include/Eigen/src/Core/DenseCoeffsBase.h:555:7:   required from ‘class Eigen::DenseCoeffsBase<Eigen::Transpose<Eigen::Matrix<double, -1, 1> >, 3>’
/home/u12/darrenc/R/test/RcppEigen/include/Eigen/src/Core/DenseBase.h:41:34:   required from ‘class Eigen::DenseBase<Eigen::Transpose<Eigen::Matrix<double, -1, 1> > >’
/home/u12/darrenc/R/test/RcppEigen/include/Eigen/src/Core/MatrixBase.h:48:34:   required from ‘class Eigen::MatrixBase<Eigen::Transpose<Eigen::Matrix<double, -1, 1> > >’
/home/u12/darrenc/R/test/RcppEigen/include/Eigen/src/Core/Transpose.h:118:37:   required from ‘class Eigen::TransposeImpl<Eigen::Matrix<double, -1, 1>, Eigen::Dense>’
/home/u12/darrenc/R/test/RcppEigen/include/Eigen/src/Core/Transpose.h:52:37:   required from ‘class Eigen::Transpose<Eigen::Matrix<double, -1, 1> >’
/home/u12/darrenc/R/test/RcppEigen/include/Eigen/src/Core/AssignEvaluator.h:883:17:   required from ‘void Eigen::internal::call_assignment_no_alias(Dst&, const Src&, const Func&) [with Dst = Eigen::Matrix<double, -1, 1>; Src = Eigen::Block<Eigen::Matrix<double, -1, -1>, 1, -1, false>; Func = Eigen::internal::assign_op<double, double>]’
/home/u12/darrenc/R/test/RcppEigen/include/Eigen/src/Core/PlainObjectBase.h:797:41:   required from ‘Derived& Eigen::PlainObjectBase<Derived>::_set_noalias(const Eigen::DenseBase<OtherDerived>&) [with OtherDerived = Eigen::Block<Eigen::Matrix<double, -1, -1>, 1, -1, false>; Derived = Eigen::Matrix<double, -1, 1>]’
/home/u12/darrenc/R/test/RcppEigen/include/Eigen/src/Core/PlainObjectBase.h:594:7:   required from ‘Eigen::PlainObjectBase<Derived>::PlainObjectBase(const Eigen::DenseBase<OtherDerived>&) [with OtherDerived = Eigen::Block<Eigen::Matrix<double, -1, -1>, 1, -1, false>; Derived = Eigen::Matrix<double, -1, 1>]’
/home/u12/darrenc/R/test/RcppEigen/include/Eigen/src/Core/Matrix.h:423:29:   required from ‘Eigen::Matrix<_Scalar, _Rows, _Cols, _Options, _MaxRows, _MaxCols>::Matrix(const Eigen::EigenBase<OtherDerived>&) [with OtherDerived = Eigen::Block<Eigen::Matrix<double, -1, -1>, 1, -1, false>; _Scalar = double; int _Rows = -1; int _Cols = 1; int _Options = 0; int _MaxRows = -1; int _MaxCols = 1]’
integration.cpp:43:46:   required from here
/home/u12/darrenc/R/test/RcppEigen/include/Eigen/src/Core/DenseCoeffsBase.h:56:30: warning: ignoring attributes on template argument ‘Eigen::internal::packet_traits<double>::type’ {aka ‘__vector(2) double’} [-Wignored-attributes]
In file included from /home/u12/darrenc/R/test/RcppEigen/include/Eigen/Core:277,
                 from /home/u12/darrenc/R/test/RcppEigen/include/Eigen/Dense:1,
                 from /home/u12/darrenc/R/test/RcppEigen/include/RcppEigenForward.h:28,
                 from /home/u12/darrenc/R/test/RcppEigen/include/RcppEigen.h:25,
                 from integration.cpp:1:
/home/u12/darrenc/R/test/RcppEigen/include/Eigen/src/Core/CoreEvaluators.h: In instantiation of ‘struct Eigen::internal::evaluator<Eigen::Block<Eigen::Matrix<double, -1, -1>, -1, 1, true> >’:
/home/u12/darrenc/R/test/RcppEigen/include/Eigen/src/Core/CoreEvaluators.h:100:8:   required from ‘struct Eigen::internal::evaluator<const Eigen::Block<Eigen::Matrix<double, -1, -1>, -1, 1, true> >’
/home/u12/darrenc/R/test/RcppEigen/include/Eigen/src/Core/CoreEvaluators.h:739:21:   required from ‘struct Eigen::internal::binary_evaluator<Eigen::CwiseBinaryOp<Eigen::internal::scalar_difference_op<double, double>, const Eigen::Block<Eigen::Matrix<double, -1, -1>, -1, 1, true>, const Eigen::Block<Eigen::Matrix<double, -1, -1>, -1, 1, true> >, Eigen::internal::IndexBased, Eigen::internal::IndexBased, double, double>’
/home/u12/darrenc/R/test/RcppEigen/include/Eigen/src/Core/CoreEvaluators.h:722:8:   required from ‘struct Eigen::internal::evaluator<Eigen::CwiseBinaryOp<Eigen::internal::scalar_difference_op<double, double>, const Eigen::Block<Eigen::Matrix<double, -1, -1>, -1, 1, true>, const Eigen::Block<Eigen::Matrix<double, -1, -1>, -1, 1, true> > >’
/home/u12/darrenc/R/test/RcppEigen/include/Eigen/src/Core/CoreEvaluators.h:100:8:   required from ‘struct Eigen::internal::evaluator<const Eigen::CwiseBinaryOp<Eigen::internal::scalar_difference_op<double, double>, const Eigen::Block<Eigen::Matrix<double, -1, -1>, -1, 1, true>, const Eigen::Block<Eigen::Matrix<double, -1, -1>, -1, 1, true> > >’
/home/u12/darrenc/R/test/RcppEigen/include/Eigen/src/Core/CoreEvaluators.h:564:21:   [ skipping 2 instantiation contexts, use -ftemplate-backtrace-limit=0 to disable ]
/home/u12/darrenc/R/test/RcppEigen/include/Eigen/src/Core/Redux.h:357:7:   required from ‘class Eigen::internal::redux_evaluator<Eigen::CwiseUnaryOp<Eigen::internal::scalar_abs2_op<double>, const Eigen::CwiseBinaryOp<Eigen::internal::scalar_difference_op<double, double>, const Eigen::Block<Eigen::Matrix<double, -1, -1>, -1, 1, true>, const Eigen::Block<Eigen::Matrix<double, -1, -1>, -1, 1, true> > > >’
/home/u12/darrenc/R/test/RcppEigen/include/Eigen/src/Core/Redux.h:414:17:   required from ‘typename Eigen::internal::traits<T>::Scalar Eigen::DenseBase<Derived>::redux(const Func&) const [with BinaryOp = Eigen::internal::scalar_sum_op<double, double>; Derived = Eigen::CwiseUnaryOp<Eigen::internal::scalar_abs2_op<double>, const Eigen::CwiseBinaryOp<Eigen::internal::scalar_difference_op<double, double>, const Eigen::Block<Eigen::Matrix<double, -1, -1>, -1, 1, true>, const Eigen::Block<Eigen::Matrix<double, -1, -1>, -1, 1, true> > >; typename Eigen::internal::traits<T>::Scalar = double]’
/home/u12/darrenc/R/test/RcppEigen/include/Eigen/src/Core/Redux.h:463:73:   required from ‘typename Eigen::internal::traits<T>::Scalar Eigen::DenseBase<Derived>::sum() const [with Derived = Eigen::CwiseUnaryOp<Eigen::internal::scalar_abs2_op<double>, const Eigen::CwiseBinaryOp<Eigen::internal::scalar_difference_op<double, double>, const Eigen::Block<Eigen::Matrix<double, -1, -1>, -1, 1, true>, const Eigen::Block<Eigen::Matrix<double, -1, -1>, -1, 1, true> > >; typename Eigen::internal::traits<T>::Scalar = double]’
/home/u12/darrenc/R/test/RcppEigen/include/Eigen/src/Core/Dot.h:98:22:   required from ‘typename Eigen::NumTraits<typename Eigen::internal::traits<T>::Scalar>::Real Eigen::MatrixBase<Derived>::squaredNorm() const [with Derived = Eigen::CwiseBinaryOp<Eigen::internal::scalar_difference_op<double, double>, const Eigen::Block<Eigen::Matrix<double, -1, -1>, -1, 1, true>, const Eigen::Block<Eigen::Matrix<double, -1, -1>, -1, 1, true> >; typename Eigen::NumTraits<typename Eigen::internal::traits<T>::Scalar>::Real = double]’
/home/u12/darrenc/R/test/RcppEigen/include/Eigen/src/Core/Dot.h:110:23:   required from ‘typename Eigen::NumTraits<typename Eigen::internal::traits<T>::Scalar>::Real Eigen::MatrixBase<Derived>::norm() const [with Derived = Eigen::CwiseBinaryOp<Eigen::internal::scalar_difference_op<double, double>, const Eigen::Block<Eigen::Matrix<double, -1, -1>, -1, 1, true>, const Eigen::Block<Eigen::Matrix<double, -1, -1>, -1, 1, true> >; typename Eigen::NumTraits<typename Eigen::internal::traits<T>::Scalar>::Real = double]’
integration.cpp:140:68:   required from here
/home/u12/darrenc/R/test/RcppEigen/include/Eigen/src/Core/CoreEvaluators.h:1042:8: warning: ignoring attributes on template argument ‘Eigen::internal::packet_traits<double>::type’ {aka ‘__vector(2) double’} [-Wignored-attributes]
   enum {
        ^
/home/u12/darrenc/R/test/RcppEigen/include/Eigen/src/Core/CoreEvaluators.h: In instantiation of ‘struct Eigen::internal::evaluator<Eigen::Block<Eigen::Matrix<double, -1, -1>, 1, -1, false> >’:
/home/u12/darrenc/R/test/RcppEigen/include/Eigen/src/Core/AssignEvaluator.h:774:20:   required from ‘void Eigen::internal::call_dense_assignment_loop(DstXprType&, const SrcXprType&, const Functor&) [with DstXprType = Eigen::Transpose<Eigen::Matrix<double, -1, 1> >; SrcXprType = Eigen::Block<Eigen::Matrix<double, -1, -1>, 1, -1, false>; Functor = Eigen::internal::assign_op<double, double>]’
/home/u12/darrenc/R/test/RcppEigen/include/Eigen/src/Core/AssignEvaluator.h:954:31:   required from ‘static void Eigen::internal::Assignment<DstXprType, SrcXprType, Functor, Eigen::internal::Dense2Dense, Weak>::run(DstXprType&, const SrcXprType&, const Functor&) [with DstXprType = Eigen::Transpose<Eigen::Matrix<double, -1, 1> >; SrcXprType = Eigen::Block<Eigen::Matrix<double, -1, -1>, 1, -1, false>; Functor = Eigen::internal::assign_op<double, double>; Weak = void]’
/home/u12/darrenc/R/test/RcppEigen/include/Eigen/src/Core/AssignEvaluator.h:890:49:   required from ‘void Eigen::internal::call_assignment_no_alias(Dst&, const Src&, const Func&) [with Dst = Eigen::Matrix<double, -1, 1>; Src = Eigen::Block<Eigen::Matrix<double, -1, -1>, 1, -1, false>; Func = Eigen::internal::assign_op<double, double>]’
/home/u12/darrenc/R/test/RcppEigen/include/Eigen/src/Core/PlainObjectBase.h:797:41:   required from ‘Derived& Eigen::PlainObjectBase<Derived>::_set_noalias(const Eigen::DenseBase<OtherDerived>&) [with OtherDerived = Eigen::Block<Eigen::Matrix<double, -1, -1>, 1, -1, false>; Derived = Eigen::Matrix<double, -1, 1>]’
/home/u12/darrenc/R/test/RcppEigen/include/Eigen/src/Core/PlainObjectBase.h:594:7:   required from ‘Eigen::PlainObjectBase<Derived>::PlainObjectBase(const Eigen::DenseBase<OtherDerived>&) [with OtherDerived = Eigen::Block<Eigen::Matrix<double, -1, -1>, 1, -1, false>; Derived = Eigen::Matrix<double, -1, 1>]’
/home/u12/darrenc/R/test/RcppEigen/include/Eigen/src/Core/Matrix.h:423:29:   required from ‘Eigen::Matrix<_Scalar, _Rows, _Cols, _Options, _MaxRows, _MaxCols>::Matrix(const Eigen::EigenBase<OtherDerived>&) [with OtherDerived = Eigen::Block<Eigen::Matrix<double, -1, -1>, 1, -1, false>; _Scalar = double; int _Rows = -1; int _Cols = 1; int _Options = 0; int _MaxRows = -1; int _MaxCols = 1]’
integration.cpp:43:46:   required from here
/home/u12/darrenc/R/test/RcppEigen/include/Eigen/src/Core/CoreEvaluators.h:1042:8: warning: ignoring attributes on template argument ‘Eigen::internal::packet_traits<double>::type’ {aka ‘__vector(2) double’} [-Wignored-attributes]
In file included from /home/u12/darrenc/R/test/RcppEigen/include/Eigen/Core:271,
                 from /home/u12/darrenc/R/test/RcppEigen/include/Eigen/Dense:1,
                 from /home/u12/darrenc/R/test/RcppEigen/include/RcppEigenForward.h:28,
                 from /home/u12/darrenc/R/test/RcppEigen/include/RcppEigen.h:25,
                 from integration.cpp:1:
/home/u12/darrenc/R/test/RcppEigen/include/Eigen/src/Core/DenseCoeffsBase.h: In instantiation of ‘Eigen::Index Eigen::internal::first_default_aligned(const Eigen::DenseBase<Derived>&) [with Derived = Eigen::CwiseUnaryOp<Eigen::internal::scalar_abs2_op<double>, const Eigen::CwiseBinaryOp<Eigen::internal::scalar_difference_op<double, double>, const Eigen::Block<Eigen::Matrix<double, -1, -1>, -1, 1, true>, const Eigen::Block<Eigen::Matrix<double, -1, -1>, -1, 1, true> > >; Eigen::Index = long int]’:
/home/u12/darrenc/R/test/RcppEigen/include/Eigen/src/Core/Redux.h:243:63:   required from ‘static Eigen::internal::redux_impl<Func, Evaluator, 3, 0>::Scalar Eigen::internal::redux_impl<Func, Evaluator, 3, 0>::run(const Evaluator&, const Func&, const XprType&) [with XprType = Eigen::CwiseUnaryOp<Eigen::internal::scalar_abs2_op<double>, const Eigen::CwiseBinaryOp<Eigen::internal::scalar_difference_op<double, double>, const Eigen::Block<Eigen::Matrix<double, -1, -1>, -1, 1, true>, const Eigen::Block<Eigen::Matrix<double, -1, -1>, -1, 1, true> > >; Func = Eigen::internal::scalar_sum_op<double, double>; Evaluator = Eigen::internal::redux_evaluator<Eigen::CwiseUnaryOp<Eigen::internal::scalar_abs2_op<double>, const Eigen::CwiseBinaryOp<Eigen::internal::scalar_difference_op<double, double>, const Eigen::Block<Eigen::Matrix<double, -1, -1>, -1, 1, true>, const Eigen::Block<Eigen::Matrix<double, -1, -1>, -1, 1, true> > > >; Eigen::internal::redux_impl<Func, Evaluator, 3, 0>::Scalar = double]’
/home/u12/darrenc/R/test/RcppEigen/include/Eigen/src/Core/Redux.h:418:56:   required from ‘typename Eigen::internal::traits<T>::Scalar Eigen::DenseBase<Derived>::redux(const Func&) const [with BinaryOp = Eigen::internal::scalar_sum_op<double, double>; Derived = Eigen::CwiseUnaryOp<Eigen::internal::scalar_abs2_op<double>, const Eigen::CwiseBinaryOp<Eigen::internal::scalar_difference_op<double, double>, const Eigen::Block<Eigen::Matrix<double, -1, -1>, -1, 1, true>, const Eigen::Block<Eigen::Matrix<double, -1, -1>, -1, 1, true> > >; typename Eigen::internal::traits<T>::Scalar = double]’
/home/u12/darrenc/R/test/RcppEigen/include/Eigen/src/Core/Redux.h:463:73:   required from ‘typename Eigen::internal::traits<T>::Scalar Eigen::DenseBase<Derived>::sum() const [with Derived = Eigen::CwiseUnaryOp<Eigen::internal::scalar_abs2_op<double>, const Eigen::CwiseBinaryOp<Eigen::internal::scalar_difference_op<double, double>, const Eigen::Block<Eigen::Matrix<double, -1, -1>, -1, 1, true>, const Eigen::Block<Eigen::Matrix<double, -1, -1>, -1, 1, true> > >; typename Eigen::internal::traits<T>::Scalar = double]’
/home/u12/darrenc/R/test/RcppEigen/include/Eigen/src/Core/Dot.h:98:22:   required from ‘typename Eigen::NumTraits<typename Eigen::internal::traits<T>::Scalar>::Real Eigen::MatrixBase<Derived>::squaredNorm() const [with Derived = Eigen::CwiseBinaryOp<Eigen::internal::scalar_difference_op<double, double>, const Eigen::Block<Eigen::Matrix<double, -1, -1>, -1, 1, true>, const Eigen::Block<Eigen::Matrix<double, -1, -1>, -1, 1, true> >; typename Eigen::NumTraits<typename Eigen::internal::traits<T>::Scalar>::Real = double]’
/home/u12/darrenc/R/test/RcppEigen/include/Eigen/src/Core/Dot.h:110:23:   required from ‘typename Eigen::NumTraits<typename Eigen::internal::traits<T>::Scalar>::Real Eigen::MatrixBase<Derived>::norm() const [with Derived = Eigen::CwiseBinaryOp<Eigen::internal::scalar_difference_op<double, double>, const Eigen::Block<Eigen::Matrix<double, -1, -1>, -1, 1, true>, const Eigen::Block<Eigen::Matrix<double, -1, -1>, -1, 1, true> >; typename Eigen::NumTraits<typename Eigen::internal::traits<T>::Scalar>::Real = double]’
integration.cpp:140:68:   required from here
/home/u12/darrenc/R/test/RcppEigen/include/Eigen/src/Core/DenseCoeffsBase.h:654:34: warning: ignoring attributes on template argument ‘Eigen::internal::packet_traits<double>::type’ {aka ‘__vector(2) double’} [-Wignored-attributes]
   return internal::first_aligned<int(unpacket_traits<DefaultPacketType>::alignment),Derived>(m);
                                  ^~~~~~~~~~~~~~~~~~~~~~~~~~~~~~~~~~~~~~~~~~~~~~~~~~
/home/u12/darrenc/R/test/RcppEigen/include/Eigen/src/Core/DenseCoeffsBase.h: In instantiation of ‘class Eigen::DenseCoeffsBase<Eigen::Block<const Eigen::Matrix<double, -1, -1>, -1, 1, true>, 0>’:
/home/u12/darrenc/R/test/RcppEigen/include/Eigen/src/Core/DenseCoeffsBase.h:481:7:   required from ‘class Eigen::DenseCoeffsBase<Eigen::Block<const Eigen::Matrix<double, -1, -1>, -1, 1, true>, 2>’
/home/u12/darrenc/R/test/RcppEigen/include/Eigen/src/Core/DenseBase.h:41:34:   required from ‘class Eigen::DenseBase<Eigen::Block<const Eigen::Matrix<double, -1, -1>, -1, 1, true> >’
/home/u12/darrenc/R/test/RcppEigen/include/Eigen/src/Core/MatrixBase.h:48:34:   required from ‘class Eigen::MatrixBase<Eigen::Block<const Eigen::Matrix<double, -1, -1>, -1, 1, true> >’
/home/u12/darrenc/R/test/RcppEigen/include/Eigen/src/Core/MapBase.h:37:34:   required from ‘class Eigen::MapBase<Eigen::Block<const Eigen::Matrix<double, -1, -1>, -1, 1, true>, 0>’
/home/u12/darrenc/R/test/RcppEigen/include/Eigen/src/Core/Block.h:329:7:   required from ‘class Eigen::internal::BlockImpl_dense<const Eigen::Matrix<double, -1, -1>, -1, 1, true, true>’
/home/u12/darrenc/R/test/RcppEigen/include/Eigen/src/Core/Block.h:154:7:   [ skipping 6 instantiation contexts, use -ftemplate-backtrace-limit=0 to disable ]
/home/u12/darrenc/R/test/RcppEigen/include/Eigen/src/Core/AssignEvaluator.h:954:31:   required from ‘static void Eigen::internal::Assignment<DstXprType, SrcXprType, Functor, Eigen::internal::Dense2Dense, Weak>::run(DstXprType&, const SrcXprType&, const Functor&) [with DstXprType = Eigen::Transpose<Eigen::Matrix<double, -1, 1> >; SrcXprType = Eigen::PartialReduxExpr<Eigen::Matrix<double, -1, -1>, Eigen::internal::member_sum<double, double>, 0>; Functor = Eigen::internal::assign_op<double, double>; Weak = void]’
/home/u12/darrenc/R/test/RcppEigen/include/Eigen/src/Core/AssignEvaluator.h:890:49:   required from ‘void Eigen::internal::call_assignment_no_alias(Dst&, const Src&, const Func&) [with Dst = Eigen::Matrix<double, -1, 1>; Src = Eigen::PartialReduxExpr<Eigen::Matrix<double, -1, -1>, Eigen::internal::member_sum<double, double>, 0>; Func = Eigen::internal::assign_op<double, double>]’
/home/u12/darrenc/R/test/RcppEigen/include/Eigen/src/Core/PlainObjectBase.h:797:41:   required from ‘Derived& Eigen::PlainObjectBase<Derived>::_set_noalias(const Eigen::DenseBase<OtherDerived>&) [with OtherDerived = Eigen::PartialReduxExpr<Eigen::Matrix<double, -1, -1>, Eigen::internal::member_sum<double, double>, 0>; Derived = Eigen::Matrix<double, -1, 1>]’
/home/u12/darrenc/R/test/RcppEigen/include/Eigen/src/Core/PlainObjectBase.h:594:7:   required from ‘Eigen::PlainObjectBase<Derived>::PlainObjectBase(const Eigen::DenseBase<OtherDerived>&) [with OtherDerived = Eigen::PartialReduxExpr<Eigen::Matrix<double, -1, -1>, Eigen::internal::member_sum<double, double>, 0>; Derived = Eigen::Matrix<double, -1, 1>]’
/home/u12/darrenc/R/test/RcppEigen/include/Eigen/src/Core/Matrix.h:423:29:   required from ‘Eigen::Matrix<_Scalar, _Rows, _Cols, _Options, _MaxRows, _MaxCols>::Matrix(const Eigen::EigenBase<OtherDerived>&) [with OtherDerived = Eigen::PartialReduxExpr<Eigen::Matrix<double, -1, -1>, Eigen::internal::member_sum<double, double>, 0>; _Scalar = double; int _Rows = -1; int _Cols = 1; int _Options = 0; int _MaxRows = -1; int _MaxCols = 1]’
integration.cpp:77:58:   required from here
/home/u12/darrenc/R/test/RcppEigen/include/Eigen/src/Core/DenseCoeffsBase.h:56:30: warning: ignoring attributes on template argument ‘Eigen::internal::packet_traits<double>::type’ {aka ‘__vector(2) double’} [-Wignored-attributes]
                      >::type PacketReturnType;
                              ^~~~~~~~~~~~~~~~
In file included from /home/u12/darrenc/R/test/RcppEigen/include/Eigen/Core:277,
                 from /home/u12/darrenc/R/test/RcppEigen/include/Eigen/Dense:1,
                 from /home/u12/darrenc/R/test/RcppEigen/include/RcppEigenForward.h:28,
                 from /home/u12/darrenc/R/test/RcppEigen/include/RcppEigen.h:25,
                 from integration.cpp:1:
/home/u12/darrenc/R/test/RcppEigen/include/Eigen/src/Core/CoreEvaluators.h: In instantiation of ‘struct Eigen::internal::evaluator<Eigen::Block<const Eigen::Matrix<double, -1, -1>, -1, 1, true> >’:
/home/u12/darrenc/R/test/RcppEigen/include/Eigen/src/Core/Redux.h:357:7:   required from ‘class Eigen::internal::redux_evaluator<Eigen::Block<const Eigen::Matrix<double, -1, -1>, -1, 1, true> >’
/home/u12/darrenc/R/test/RcppEigen/include/Eigen/src/Core/Redux.h:414:17:   required from ‘typename Eigen::internal::traits<T>::Scalar Eigen::DenseBase<Derived>::redux(const Func&) const [with BinaryOp = Eigen::internal::scalar_sum_op<double, double>; Derived = Eigen::Block<const Eigen::Matrix<double, -1, -1>, -1, 1, true>; typename Eigen::internal::traits<T>::Scalar = double]’
/home/u12/darrenc/R/test/RcppEigen/include/Eigen/src/Core/Redux.h:463:73:   required from ‘typename Eigen::internal::traits<T>::Scalar Eigen::DenseBase<Derived>::sum() const [with Derived = Eigen::Block<const Eigen::Matrix<double, -1, -1>, -1, 1, true>; typename Eigen::internal::traits<T>::Scalar = double]’
/home/u12/darrenc/R/test/RcppEigen/include/Eigen/src/Core/VectorwiseOp.h:114:1:   required from ‘ResultType Eigen::internal::member_sum<ResultType, Scalar>::operator()(const XprType&) const [with XprType = Eigen::Block<const Eigen::Matrix<double, -1, -1>, -1, 1, true>; ResultType = double; Scalar = double]’
/home/u12/darrenc/R/test/RcppEigen/include/Eigen/src/Core/PartialReduxEvaluator.h:183:79:   required from ‘const Scalar Eigen::internal::evaluator<Eigen::PartialReduxExpr<MatrixType, MemberOp, Direction> >::coeff(Eigen::Index) const [with ArgType = Eigen::Matrix<double, -1, -1>; MemberOp = Eigen::internal::member_sum<double, double>; int Direction = 0; Eigen::internal::evaluator<Eigen::PartialReduxExpr<MatrixType, MemberOp, Direction> >::Scalar = double; Eigen::Index = long int]’
/home/u12/darrenc/R/test/RcppEigen/include/Eigen/src/Core/AssignEvaluator.h:660:5:   [ skipping 3 instantiation contexts, use -ftemplate-backtrace-limit=0 to disable ]
/home/u12/darrenc/R/test/RcppEigen/include/Eigen/src/Core/AssignEvaluator.h:954:31:   required from ‘static void Eigen::internal::Assignment<DstXprType, SrcXprType, Functor, Eigen::internal::Dense2Dense, Weak>::run(DstXprType&, const SrcXprType&, const Functor&) [with DstXprType = Eigen::Transpose<Eigen::Matrix<double, -1, 1> >; SrcXprType = Eigen::PartialReduxExpr<Eigen::Matrix<double, -1, -1>, Eigen::internal::member_sum<double, double>, 0>; Functor = Eigen::internal::assign_op<double, double>; Weak = void]’
/home/u12/darrenc/R/test/RcppEigen/include/Eigen/src/Core/AssignEvaluator.h:890:49:   required from ‘void Eigen::internal::call_assignment_no_alias(Dst&, const Src&, const Func&) [with Dst = Eigen::Matrix<double, -1, 1>; Src = Eigen::PartialReduxExpr<Eigen::Matrix<double, -1, -1>, Eigen::internal::member_sum<double, double>, 0>; Func = Eigen::internal::assign_op<double, double>]’
/home/u12/darrenc/R/test/RcppEigen/include/Eigen/src/Core/PlainObjectBase.h:797:41:   required from ‘Derived& Eigen::PlainObjectBase<Derived>::_set_noalias(const Eigen::DenseBase<OtherDerived>&) [with OtherDerived = Eigen::PartialReduxExpr<Eigen::Matrix<double, -1, -1>, Eigen::internal::member_sum<double, double>, 0>; Derived = Eigen::Matrix<double, -1, 1>]’
/home/u12/darrenc/R/test/RcppEigen/include/Eigen/src/Core/PlainObjectBase.h:594:7:   required from ‘Eigen::PlainObjectBase<Derived>::PlainObjectBase(const Eigen::DenseBase<OtherDerived>&) [with OtherDerived = Eigen::PartialReduxExpr<Eigen::Matrix<double, -1, -1>, Eigen::internal::member_sum<double, double>, 0>; Derived = Eigen::Matrix<double, -1, 1>]’
/home/u12/darrenc/R/test/RcppEigen/include/Eigen/src/Core/Matrix.h:423:29:   required from ‘Eigen::Matrix<_Scalar, _Rows, _Cols, _Options, _MaxRows, _MaxCols>::Matrix(const Eigen::EigenBase<OtherDerived>&) [with OtherDerived = Eigen::PartialReduxExpr<Eigen::Matrix<double, -1, -1>, Eigen::internal::member_sum<double, double>, 0>; _Scalar = double; int _Rows = -1; int _Cols = 1; int _Options = 0; int _MaxRows = -1; int _MaxCols = 1]’
integration.cpp:77:58:   required from here
/home/u12/darrenc/R/test/RcppEigen/include/Eigen/src/Core/CoreEvaluators.h:1042:8: warning: ignoring attributes on template argument ‘Eigen::internal::packet_traits<double>::type’ {aka ‘__vector(2) double’} [-Wignored-attributes]
   enum {
        ^
In file included from /home/u12/darrenc/R/test/RcppEigen/include/Eigen/Core:271,
                 from /home/u12/darrenc/R/test/RcppEigen/include/Eigen/Dense:1,
                 from /home/u12/darrenc/R/test/RcppEigen/include/RcppEigenForward.h:28,
                 from /home/u12/darrenc/R/test/RcppEigen/include/RcppEigen.h:25,
                 from integration.cpp:1:
/home/u12/darrenc/R/test/RcppEigen/include/Eigen/src/Core/DenseCoeffsBase.h: In instantiation of ‘Eigen::Index Eigen::internal::first_default_aligned(const Eigen::DenseBase<Derived>&) [with Derived = Eigen::Block<const Eigen::Matrix<double, -1, -1>, -1, 1, true>; Eigen::Index = long int]’:
/home/u12/darrenc/R/test/RcppEigen/include/Eigen/src/Core/Redux.h:243:63:   required from ‘static Eigen::internal::redux_impl<Func, Evaluator, 3, 0>::Scalar Eigen::internal::redux_impl<Func, Evaluator, 3, 0>::run(const Evaluator&, const Func&, const XprType&) [with XprType = Eigen::Block<const Eigen::Matrix<double, -1, -1>, -1, 1, true>; Func = Eigen::internal::scalar_sum_op<double, double>; Evaluator = Eigen::internal::redux_evaluator<Eigen::Block<const Eigen::Matrix<double, -1, -1>, -1, 1, true> >; Eigen::internal::redux_impl<Func, Evaluator, 3, 0>::Scalar = double]’
/home/u12/darrenc/R/test/RcppEigen/include/Eigen/src/Core/Redux.h:418:56:   required from ‘typename Eigen::internal::traits<T>::Scalar Eigen::DenseBase<Derived>::redux(const Func&) const [with BinaryOp = Eigen::internal::scalar_sum_op<double, double>; Derived = Eigen::Block<const Eigen::Matrix<double, -1, -1>, -1, 1, true>; typename Eigen::internal::traits<T>::Scalar = double]’
/home/u12/darrenc/R/test/RcppEigen/include/Eigen/src/Core/Redux.h:463:73:   required from ‘typename Eigen::internal::traits<T>::Scalar Eigen::DenseBase<Derived>::sum() const [with Derived = Eigen::Block<const Eigen::Matrix<double, -1, -1>, -1, 1, true>; typename Eigen::internal::traits<T>::Scalar = double]’
/home/u12/darrenc/R/test/RcppEigen/include/Eigen/src/Core/VectorwiseOp.h:114:1:   required from ‘ResultType Eigen::internal::member_sum<ResultType, Scalar>::operator()(const XprType&) const [with XprType = Eigen::Block<const Eigen::Matrix<double, -1, -1>, -1, 1, true>; ResultType = double; Scalar = double]’
/home/u12/darrenc/R/test/RcppEigen/include/Eigen/src/Core/PartialReduxEvaluator.h:183:79:   required from ‘const Scalar Eigen::internal::evaluator<Eigen::PartialReduxExpr<MatrixType, MemberOp, Direction> >::coeff(Eigen::Index) const [with ArgType = Eigen::Matrix<double, -1, -1>; MemberOp = Eigen::internal::member_sum<double, double>; int Direction = 0; Eigen::internal::evaluator<Eigen::PartialReduxExpr<MatrixType, MemberOp, Direction> >::Scalar = double; Eigen::Index = long int]’
/home/u12/darrenc/R/test/RcppEigen/include/Eigen/src/Core/AssignEvaluator.h:660:5:   [ skipping 3 instantiation contexts, use -ftemplate-backtrace-limit=0 to disable ]
/home/u12/darrenc/R/test/RcppEigen/include/Eigen/src/Core/AssignEvaluator.h:954:31:   required from ‘static void Eigen::internal::Assignment<DstXprType, SrcXprType, Functor, Eigen::internal::Dense2Dense, Weak>::run(DstXprType&, const SrcXprType&, const Functor&) [with DstXprType = Eigen::Transpose<Eigen::Matrix<double, -1, 1> >; SrcXprType = Eigen::PartialReduxExpr<Eigen::Matrix<double, -1, -1>, Eigen::internal::member_sum<double, double>, 0>; Functor = Eigen::internal::assign_op<double, double>; Weak = void]’
/home/u12/darrenc/R/test/RcppEigen/include/Eigen/src/Core/AssignEvaluator.h:890:49:   required from ‘void Eigen::internal::call_assignment_no_alias(Dst&, const Src&, const Func&) [with Dst = Eigen::Matrix<double, -1, 1>; Src = Eigen::PartialReduxExpr<Eigen::Matrix<double, -1, -1>, Eigen::internal::member_sum<double, double>, 0>; Func = Eigen::internal::assign_op<double, double>]’
/home/u12/darrenc/R/test/RcppEigen/include/Eigen/src/Core/PlainObjectBase.h:797:41:   required from ‘Derived& Eigen::PlainObjectBase<Derived>::_set_noalias(const Eigen::DenseBase<OtherDerived>&) [with OtherDerived = Eigen::PartialReduxExpr<Eigen::Matrix<double, -1, -1>, Eigen::internal::member_sum<double, double>, 0>; Derived = Eigen::Matrix<double, -1, 1>]’
/home/u12/darrenc/R/test/RcppEigen/include/Eigen/src/Core/PlainObjectBase.h:594:7:   required from ‘Eigen::PlainObjectBase<Derived>::PlainObjectBase(const Eigen::DenseBase<OtherDerived>&) [with OtherDerived = Eigen::PartialReduxExpr<Eigen::Matrix<double, -1, -1>, Eigen::internal::member_sum<double, double>, 0>; Derived = Eigen::Matrix<double, -1, 1>]’
/home/u12/darrenc/R/test/RcppEigen/include/Eigen/src/Core/Matrix.h:423:29:   required from ‘Eigen::Matrix<_Scalar, _Rows, _Cols, _Options, _MaxRows, _MaxCols>::Matrix(const Eigen::EigenBase<OtherDerived>&) [with OtherDerived = Eigen::PartialReduxExpr<Eigen::Matrix<double, -1, -1>, Eigen::internal::member_sum<double, double>, 0>; _Scalar = double; int _Rows = -1; int _Cols = 1; int _Options = 0; int _MaxRows = -1; int _MaxCols = 1]’
integration.cpp:77:58:   required from here
/home/u12/darrenc/R/test/RcppEigen/include/Eigen/src/Core/DenseCoeffsBase.h:654:34: warning: ignoring attributes on template argument ‘Eigen::internal::packet_traits<double>::type’ {aka ‘__vector(2) double’} [-Wignored-attributes]
   return internal::first_aligned<int(unpacket_traits<DefaultPacketType>::alignment),Derived>(m);
                                  ^~~~~~~~~~~~~~~~~~~~~~~~~~~~~~~~~~~~~~~~~~~~~~~~~~
g++ -std=gnu++17 -I"/opt/ohpc/pub/apps/R/4.2.2/lib64/R/include" -DNDEBUG  -I'/home/u12/darrenc/R/test/Rcpp/include' -I'/home/u12/darrenc/R/test/RcppEigen/include' -I'/home/u12/darrenc/R/test/RcppProgress/include' -I/usr/local/include   -fpic  -g -O2  -c snn.cpp -o snn.o
In file included from /home/u12/darrenc/R/test/RcppEigen/include/Eigen/Core:205,
                 from /home/u12/darrenc/R/test/RcppEigen/include/Eigen/Dense:1,
                 from /home/u12/darrenc/R/test/RcppEigen/include/RcppEigenForward.h:28,
                 from /home/u12/darrenc/R/test/RcppEigen/include/RcppEigen.h:25,
                 from snn.cpp:1:
/home/u12/darrenc/R/test/RcppEigen/include/Eigen/src/Core/arch/SSE/PacketMath.h:46:40: warning: ignoring attributes on template argument ‘__m128i’ {aka ‘__vector(2) long long int’} [-Wignored-attributes]
 typedef eigen_packet_wrapper<__m128i, 0> Packet4i;
                                        ^
/home/u12/darrenc/R/test/RcppEigen/include/Eigen/src/Core/arch/SSE/PacketMath.h:47:40: warning: ignoring attributes on template argument ‘__m128i’ {aka ‘__vector(2) long long int’} [-Wignored-attributes]
 typedef eigen_packet_wrapper<__m128i, 1> Packet16b;
                                        ^
/home/u12/darrenc/R/test/RcppEigen/include/Eigen/src/Core/arch/SSE/PacketMath.h:49:39: warning: ignoring attributes on template argument ‘__m128’ {aka ‘__vector(4) float’} [-Wignored-attributes]
 template<> struct is_arithmetic<__m128>  { enum { value = true }; };
                                       ^
/home/u12/darrenc/R/test/RcppEigen/include/Eigen/src/Core/arch/SSE/PacketMath.h:50:40: warning: ignoring attributes on template argument ‘__m128i’ {aka ‘__vector(2) long long int’} [-Wignored-attributes]
 template<> struct is_arithmetic<__m128i> { enum { value = true }; };
                                        ^
/home/u12/darrenc/R/test/RcppEigen/include/Eigen/src/Core/arch/SSE/PacketMath.h:51:40: warning: ignoring attributes on template argument ‘__m128d’ {aka ‘__vector(2) double’} [-Wignored-attributes]
 template<> struct is_arithmetic<__m128d> { enum { value = true }; };
                                        ^
/home/u12/darrenc/R/test/RcppEigen/include/Eigen/src/Core/arch/SSE/PacketMath.h:222:43: warning: ignoring attributes on template argument ‘Eigen::internal::Packet4f’ {aka ‘__vector(4) float’} [-Wignored-attributes]
 template<> struct unpacket_traits<Packet4f> {
                                           ^
/home/u12/darrenc/R/test/RcppEigen/include/Eigen/src/Core/arch/SSE/PacketMath.h:228:43: warning: ignoring attributes on template argument ‘Eigen::internal::Packet2d’ {aka ‘__vector(2) double’} [-Wignored-attributes]
 template<> struct unpacket_traits<Packet2d> {
                                           ^
/home/u12/darrenc/R/test/RcppEigen/include/Eigen/src/Core/arch/SSE/PacketMath.h:1124:34: warning: ignoring attributes on template argument ‘Eigen::internal::Packet4f’ {aka ‘__vector(4) float’} [-Wignored-attributes]
 ptranspose(PacketBlock<Packet4f,4>& kernel) {
                                  ^
/home/u12/darrenc/R/test/RcppEigen/include/Eigen/src/Core/arch/SSE/PacketMath.h:1129:34: warning: ignoring attributes on template argument ‘Eigen::internal::Packet2d’ {aka ‘__vector(2) double’} [-Wignored-attributes]
 ptranspose(PacketBlock<Packet2d,2>& kernel) {
                                  ^
In file included from /home/u12/darrenc/R/test/RcppEigen/include/Eigen/Core:174,
                 from /home/u12/darrenc/R/test/RcppEigen/include/Eigen/Dense:1,
                 from /home/u12/darrenc/R/test/RcppEigen/include/RcppEigenForward.h:28,
                 from /home/u12/darrenc/R/test/RcppEigen/include/RcppEigen.h:25,
                 from snn.cpp:1:
/home/u12/darrenc/R/test/RcppEigen/include/Eigen/src/Core/arch/Default/ConjHelper.h:16:60: warning: ignoring attributes on template argument ‘Eigen::internal::Packet4f’ {aka ‘__vector(4) float’} [-Wignored-attributes]
   struct conj_helper<PACKET_REAL, PACKET_CPLX, false, false> {          \
                                                            ^
/home/u12/darrenc/R/test/RcppEigen/include/Eigen/src/Core/arch/SSE/Complex.h:173:1: note: in expansion of macro ‘EIGEN_MAKE_CONJ_HELPER_CPLX_REAL’
 EIGEN_MAKE_CONJ_HELPER_CPLX_REAL(Packet2cf,Packet4f)
 ^~~~~~~~~~~~~~~~~~~~~~~~~~~~~~~~
/home/u12/darrenc/R/test/RcppEigen/include/Eigen/src/Core/arch/Default/ConjHelper.h:29:60: warning: ignoring attributes on template argument ‘Eigen::internal::Packet4f’ {aka ‘__vector(4) float’} [-Wignored-attributes]
   struct conj_helper<PACKET_CPLX, PACKET_REAL, false, false> {          \
                                                            ^
/home/u12/darrenc/R/test/RcppEigen/include/Eigen/src/Core/arch/SSE/Complex.h:173:1: note: in expansion of macro ‘EIGEN_MAKE_CONJ_HELPER_CPLX_REAL’
 EIGEN_MAKE_CONJ_HELPER_CPLX_REAL(Packet2cf,Packet4f)
 ^~~~~~~~~~~~~~~~~~~~~~~~~~~~~~~~
/home/u12/darrenc/R/test/RcppEigen/include/Eigen/src/Core/arch/Default/ConjHelper.h:16:60: warning: ignoring attributes on template argument ‘Eigen::internal::Packet2d’ {aka ‘__vector(2) double’} [-Wignored-attributes]
   struct conj_helper<PACKET_REAL, PACKET_CPLX, false, false> {          \
                                                            ^
/home/u12/darrenc/R/test/RcppEigen/include/Eigen/src/Core/arch/SSE/Complex.h:298:1: note: in expansion of macro ‘EIGEN_MAKE_CONJ_HELPER_CPLX_REAL’
 EIGEN_MAKE_CONJ_HELPER_CPLX_REAL(Packet1cd,Packet2d)
 ^~~~~~~~~~~~~~~~~~~~~~~~~~~~~~~~
/home/u12/darrenc/R/test/RcppEigen/include/Eigen/src/Core/arch/Default/ConjHelper.h:29:60: warning: ignoring attributes on template argument ‘Eigen::internal::Packet2d’ {aka ‘__vector(2) double’} [-Wignored-attributes]
   struct conj_helper<PACKET_CPLX, PACKET_REAL, false, false> {          \
                                                            ^
/home/u12/darrenc/R/test/RcppEigen/include/Eigen/src/Core/arch/SSE/Complex.h:298:1: note: in expansion of macro ‘EIGEN_MAKE_CONJ_HELPER_CPLX_REAL’
 EIGEN_MAKE_CONJ_HELPER_CPLX_REAL(Packet1cd,Packet2d)
 ^~~~~~~~~~~~~~~~~~~~~~~~~~~~~~~~
In file included from /home/u12/darrenc/R/test/RcppEigen/include/Eigen/Core:165,
                 from /home/u12/darrenc/R/test/RcppEigen/include/Eigen/Dense:1,
                 from /home/u12/darrenc/R/test/RcppEigen/include/RcppEigenForward.h:28,
                 from /home/u12/darrenc/R/test/RcppEigen/include/RcppEigen.h:25,
                 from snn.cpp:1:
/home/u12/darrenc/R/test/RcppEigen/include/Eigen/src/Core/util/XprHelper.h: In instantiation of ‘struct Eigen::internal::find_best_packet<float, 4>’:
/home/u12/darrenc/R/test/RcppEigen/include/Eigen/src/Core/Matrix.h:22:57:   required from ‘struct Eigen::internal::traits<Eigen::Matrix<float, 4, 1> >’
/home/u12/darrenc/R/test/RcppEigen/include/Eigen/src/Geometry/Quaternion.h:265:7:   required from ‘struct Eigen::internal::traits<Eigen::Quaternion<float> >’
/home/u12/darrenc/R/test/RcppEigen/include/Eigen/src/Geometry/arch/Geometry_SIMD.h:24:46:   required from here
/home/u12/darrenc/R/test/RcppEigen/include/Eigen/src/Core/util/XprHelper.h:190:44: warning: ignoring attributes on template argument ‘Eigen::internal::packet_traits<float>::type’ {aka ‘__vector(4) float’} [-Wignored-attributes]
          bool Stop = Size==Dynamic || (Size%unpacket_traits<PacketType>::size)==0 || is_same<PacketType,typename unpacket_traits<PacketType>::half>::value>
                                       ~~~~~^~~~~~~~~~~~~~~~~~~~~~~~~~~~~~~~~~~
/home/u12/darrenc/R/test/RcppEigen/include/Eigen/src/Core/util/XprHelper.h:190:83: warning: ignoring attributes on template argument ‘Eigen::internal::packet_traits<float>::type’ {aka ‘__vector(4) float’} [-Wignored-attributes]
          bool Stop = Size==Dynamic || (Size%unpacket_traits<PacketType>::size)==0 || is_same<PacketType,typename unpacket_traits<PacketType>::half>::value>
                      ~~~~~~~~~~~~~~~~~~~~~~~~~~~~~~~~~~~~~~~~~~~~~~~~~~~~~~~~~~~~~^~~~~~~~~~~~~~~~~~~~~~~~~~~~~~~~~~~~~~~~~~~~~~~~~~~~~~~~~~~~~~~~~
/home/u12/darrenc/R/test/RcppEigen/include/Eigen/src/Core/util/XprHelper.h:190:83: warning: ignoring attributes on template argument ‘Eigen::internal::packet_traits<float>::type’ {aka ‘__vector(4) float’} [-Wignored-attributes]
/home/u12/darrenc/R/test/RcppEigen/include/Eigen/src/Core/util/XprHelper.h:190:83: warning: ignoring attributes on template argument ‘Eigen::internal::unpacket_traits<__vector(4) float>::half’ {aka ‘__vector(4) float’} [-Wignored-attributes]
/home/u12/darrenc/R/test/RcppEigen/include/Eigen/src/Core/util/XprHelper.h:208:88: warning: ignoring attributes on template argument ‘Eigen::internal::packet_traits<float>::type’ {aka ‘__vector(4) float’} [-Wignored-attributes]
   typedef typename find_best_packet_helper<Size,typename packet_traits<T>::type>::type type;
                                                                                        ^~~~
In file included from /home/u12/darrenc/R/test/RcppEigen/include/Eigen/Core:271,
                 from /home/u12/darrenc/R/test/RcppEigen/include/Eigen/Dense:1,
                 from /home/u12/darrenc/R/test/RcppEigen/include/RcppEigenForward.h:28,
                 from /home/u12/darrenc/R/test/RcppEigen/include/RcppEigen.h:25,
                 from snn.cpp:1:
/home/u12/darrenc/R/test/RcppEigen/include/Eigen/src/Core/DenseCoeffsBase.h: In instantiation of ‘class Eigen::DenseCoeffsBase<Eigen::Matrix<float, 4, 1>, 0>’:
/home/u12/darrenc/R/test/RcppEigen/include/Eigen/src/Core/DenseCoeffsBase.h:302:7:   required from ‘class Eigen::DenseCoeffsBase<Eigen::Matrix<float, 4, 1>, 1>’
/home/u12/darrenc/R/test/RcppEigen/include/Eigen/src/Core/DenseCoeffsBase.h:555:7:   required from ‘class Eigen::DenseCoeffsBase<Eigen::Matrix<float, 4, 1>, 3>’
/home/u12/darrenc/R/test/RcppEigen/include/Eigen/src/Core/DenseBase.h:41:34:   required from ‘class Eigen::DenseBase<Eigen::Matrix<float, 4, 1> >’
/home/u12/darrenc/R/test/RcppEigen/include/Eigen/src/Core/MatrixBase.h:48:34:   required from ‘class Eigen::MatrixBase<Eigen::Matrix<float, 4, 1> >’
/home/u12/darrenc/R/test/RcppEigen/include/Eigen/src/Core/PlainObjectBase.h:98:7:   required from ‘class Eigen::PlainObjectBase<Eigen::Matrix<float, 4, 1> >’
/home/u12/darrenc/R/test/RcppEigen/include/Eigen/src/Core/Matrix.h:178:7:   required from ‘class Eigen::Matrix<float, 4, 1>’
/home/u12/darrenc/R/test/RcppEigen/include/Eigen/src/Geometry/Quaternion.h:46:50:   required from ‘class Eigen::QuaternionBase<Eigen::Quaternion<float> >’
/home/u12/darrenc/R/test/RcppEigen/include/Eigen/src/Geometry/Quaternion.h:273:7:   required from ‘class Eigen::Quaternion<float>’
/home/u12/darrenc/R/test/RcppEigen/include/Eigen/src/Geometry/arch/Geometry_SIMD.h:27:3:   required from here
/home/u12/darrenc/R/test/RcppEigen/include/Eigen/src/Core/DenseCoeffsBase.h:56:30: warning: ignoring attributes on template argument ‘Eigen::internal::packet_traits<float>::type’ {aka ‘__vector(4) float’} [-Wignored-attributes]
                      >::type PacketReturnType;
                              ^~~~~~~~~~~~~~~~
In file included from /home/u12/darrenc/R/test/RcppEigen/include/Eigen/Core:165,
                 from /home/u12/darrenc/R/test/RcppEigen/include/Eigen/Dense:1,
                 from /home/u12/darrenc/R/test/RcppEigen/include/RcppEigenForward.h:28,
                 from /home/u12/darrenc/R/test/RcppEigen/include/RcppEigen.h:25,
                 from snn.cpp:1:
/home/u12/darrenc/R/test/RcppEigen/include/Eigen/src/Core/util/XprHelper.h: In instantiation of ‘struct Eigen::internal::find_best_packet<double, 4>’:
/home/u12/darrenc/R/test/RcppEigen/include/Eigen/src/Core/Matrix.h:22:57:   required from ‘struct Eigen::internal::traits<Eigen::Matrix<double, 4, 1> >’
/home/u12/darrenc/R/test/RcppEigen/include/Eigen/src/Geometry/Quaternion.h:265:7:   required from ‘struct Eigen::internal::traits<Eigen::Quaternion<double> >’
/home/u12/darrenc/R/test/RcppEigen/include/Eigen/src/Geometry/arch/Geometry_SIMD.h:98:47:   required from here
/home/u12/darrenc/R/test/RcppEigen/include/Eigen/src/Core/util/XprHelper.h:190:44: warning: ignoring attributes on template argument ‘Eigen::internal::packet_traits<double>::type’ {aka ‘__vector(2) double’} [-Wignored-attributes]
          bool Stop = Size==Dynamic || (Size%unpacket_traits<PacketType>::size)==0 || is_same<PacketType,typename unpacket_traits<PacketType>::half>::value>
                                       ~~~~~^~~~~~~~~~~~~~~~~~~~~~~~~~~~~~~~~~~
/home/u12/darrenc/R/test/RcppEigen/include/Eigen/src/Core/util/XprHelper.h:190:83: warning: ignoring attributes on template argument ‘Eigen::internal::packet_traits<double>::type’ {aka ‘__vector(2) double’} [-Wignored-attributes]
          bool Stop = Size==Dynamic || (Size%unpacket_traits<PacketType>::size)==0 || is_same<PacketType,typename unpacket_traits<PacketType>::half>::value>
                      ~~~~~~~~~~~~~~~~~~~~~~~~~~~~~~~~~~~~~~~~~~~~~~~~~~~~~~~~~~~~~^~~~~~~~~~~~~~~~~~~~~~~~~~~~~~~~~~~~~~~~~~~~~~~~~~~~~~~~~~~~~~~~~
/home/u12/darrenc/R/test/RcppEigen/include/Eigen/src/Core/util/XprHelper.h:190:83: warning: ignoring attributes on template argument ‘Eigen::internal::packet_traits<double>::type’ {aka ‘__vector(2) double’} [-Wignored-attributes]
/home/u12/darrenc/R/test/RcppEigen/include/Eigen/src/Core/util/XprHelper.h:190:83: warning: ignoring attributes on template argument ‘Eigen::internal::unpacket_traits<__vector(2) double>::half’ {aka ‘__vector(2) double’} [-Wignored-attributes]
/home/u12/darrenc/R/test/RcppEigen/include/Eigen/src/Core/util/XprHelper.h:208:88: warning: ignoring attributes on template argument ‘Eigen::internal::packet_traits<double>::type’ {aka ‘__vector(2) double’} [-Wignored-attributes]
   typedef typename find_best_packet_helper<Size,typename packet_traits<T>::type>::type type;
                                                                                        ^~~~
In file included from /home/u12/darrenc/R/test/RcppEigen/include/Eigen/Core:271,
                 from /home/u12/darrenc/R/test/RcppEigen/include/Eigen/Dense:1,
                 from /home/u12/darrenc/R/test/RcppEigen/include/RcppEigenForward.h:28,
                 from /home/u12/darrenc/R/test/RcppEigen/include/RcppEigen.h:25,
                 from snn.cpp:1:
/home/u12/darrenc/R/test/RcppEigen/include/Eigen/src/Core/DenseCoeffsBase.h: In instantiation of ‘class Eigen::DenseCoeffsBase<Eigen::Matrix<double, 4, 1>, 0>’:
/home/u12/darrenc/R/test/RcppEigen/include/Eigen/src/Core/DenseCoeffsBase.h:302:7:   required from ‘class Eigen::DenseCoeffsBase<Eigen::Matrix<double, 4, 1>, 1>’
/home/u12/darrenc/R/test/RcppEigen/include/Eigen/src/Core/DenseCoeffsBase.h:555:7:   required from ‘class Eigen::DenseCoeffsBase<Eigen::Matrix<double, 4, 1>, 3>’
/home/u12/darrenc/R/test/RcppEigen/include/Eigen/src/Core/DenseBase.h:41:34:   required from ‘class Eigen::DenseBase<Eigen::Matrix<double, 4, 1> >’
/home/u12/darrenc/R/test/RcppEigen/include/Eigen/src/Core/MatrixBase.h:48:34:   required from ‘class Eigen::MatrixBase<Eigen::Matrix<double, 4, 1> >’
/home/u12/darrenc/R/test/RcppEigen/include/Eigen/src/Core/PlainObjectBase.h:98:7:   required from ‘class Eigen::PlainObjectBase<Eigen::Matrix<double, 4, 1> >’
/home/u12/darrenc/R/test/RcppEigen/include/Eigen/src/Core/Matrix.h:178:7:   required from ‘class Eigen::Matrix<double, 4, 1>’
/home/u12/darrenc/R/test/RcppEigen/include/Eigen/src/Geometry/Quaternion.h:46:50:   required from ‘class Eigen::QuaternionBase<Eigen::Quaternion<double> >’
/home/u12/darrenc/R/test/RcppEigen/include/Eigen/src/Geometry/Quaternion.h:273:7:   required from ‘class Eigen::Quaternion<double>’
/home/u12/darrenc/R/test/RcppEigen/include/Eigen/src/Geometry/arch/Geometry_SIMD.h:102:3:   required from here
/home/u12/darrenc/R/test/RcppEigen/include/Eigen/src/Core/DenseCoeffsBase.h:56:30: warning: ignoring attributes on template argument ‘Eigen::internal::packet_traits<double>::type’ {aka ‘__vector(2) double’} [-Wignored-attributes]
                      >::type PacketReturnType;
                              ^~~~~~~~~~~~~~~~
In file included from /home/u12/darrenc/R/test/RcppEigen/include/Eigen/SparseCore:37,
                 from /home/u12/darrenc/R/test/RcppEigen/include/Eigen/Sparse:26,
                 from /home/u12/darrenc/R/test/RcppEigen/include/RcppEigenForward.h:29,
                 from /home/u12/darrenc/R/test/RcppEigen/include/RcppEigen.h:25,
                 from snn.cpp:1:
/home/u12/darrenc/R/test/RcppEigen/include/Eigen/src/SparseCore/SparseMatrixBase.h: In instantiation of ‘class Eigen::SparseMatrixBase<Eigen::SparseMatrix<double, 0, int> >’:
/home/u12/darrenc/R/test/RcppEigen/include/Eigen/src/SparseCore/SparseCompressedBase.h:36:7:   required from ‘class Eigen::SparseCompressedBase<Eigen::SparseMatrix<double, 0, int> >’
/home/u12/darrenc/R/test/RcppEigen/include/Eigen/src/SparseCore/SparseMatrix.h:96:7:   required from ‘class Eigen::SparseMatrix<double, 0, int>’
/home/u12/darrenc/R/test/RcppEigen/include/unsupported/Eigen/src/IterativeSolvers/ConstrainedConjGrad.h:61:25:   required from here
/home/u12/darrenc/R/test/RcppEigen/include/Eigen/src/SparseCore/SparseMatrixBase.h:47:30: warning: ignoring attributes on template argument ‘Eigen::internal::packet_traits<double>::type’ {aka ‘__vector(2) double’} [-Wignored-attributes]
                      >::type PacketReturnType;
                              ^~~~~~~~~~~~~~~~
In file included from /home/u12/darrenc/R/test/RcppEigen/include/Eigen/Core:165,
                 from /home/u12/darrenc/R/test/RcppEigen/include/Eigen/Dense:1,
                 from /home/u12/darrenc/R/test/RcppEigen/include/RcppEigenForward.h:28,
                 from /home/u12/darrenc/R/test/RcppEigen/include/RcppEigen.h:25,
                 from snn.cpp:1:
/home/u12/darrenc/R/test/RcppEigen/include/Eigen/src/Core/util/XprHelper.h: In instantiation of ‘struct Eigen::internal::find_best_packet<double, -1>’:
/home/u12/darrenc/R/test/RcppEigen/include/Eigen/src/Core/Matrix.h:22:57:   required from ‘struct Eigen::internal::traits<Eigen::Matrix<double, -1, -1> >’
/home/u12/darrenc/R/test/RcppEigen/include/Eigen/src/Core/PlainObjectBase.h:98:7:   required from ‘class Eigen::PlainObjectBase<Eigen::Matrix<double, -1, -1> >’
/home/u12/darrenc/R/test/RcppEigen/include/Eigen/src/Core/Matrix.h:178:7:   required from ‘class Eigen::Matrix<double, -1, -1>’
snn.cpp:16:79:   required from here
/home/u12/darrenc/R/test/RcppEigen/include/Eigen/src/Core/util/XprHelper.h:190:44: warning: ignoring attributes on template argument ‘Eigen::internal::packet_traits<double>::type’ {aka ‘__vector(2) double’} [-Wignored-attributes]
          bool Stop = Size==Dynamic || (Size%unpacket_traits<PacketType>::size)==0 || is_same<PacketType,typename unpacket_traits<PacketType>::half>::value>
                                       ~~~~~^~~~~~~~~~~~~~~~~~~~~~~~~~~~~~~~~~~
/home/u12/darrenc/R/test/RcppEigen/include/Eigen/src/Core/util/XprHelper.h:190:83: warning: ignoring attributes on template argument ‘Eigen::internal::packet_traits<double>::type’ {aka ‘__vector(2) double’} [-Wignored-attributes]
          bool Stop = Size==Dynamic || (Size%unpacket_traits<PacketType>::size)==0 || is_same<PacketType,typename unpacket_traits<PacketType>::half>::value>
                      ~~~~~~~~~~~~~~~~~~~~~~~~~~~~~~~~~~~~~~~~~~~~~~~~~~~~~~~~~~~~~^~~~~~~~~~~~~~~~~~~~~~~~~~~~~~~~~~~~~~~~~~~~~~~~~~~~~~~~~~~~~~~~~
/home/u12/darrenc/R/test/RcppEigen/include/Eigen/src/Core/util/XprHelper.h:190:83: warning: ignoring attributes on template argument ‘Eigen::internal::packet_traits<double>::type’ {aka ‘__vector(2) double’} [-Wignored-attributes]
/home/u12/darrenc/R/test/RcppEigen/include/Eigen/src/Core/util/XprHelper.h:190:83: warning: ignoring attributes on template argument ‘Eigen::internal::unpacket_traits<__vector(2) double>::half’ {aka ‘__vector(2) double’} [-Wignored-attributes]
/home/u12/darrenc/R/test/RcppEigen/include/Eigen/src/Core/util/XprHelper.h:208:88: warning: ignoring attributes on template argument ‘Eigen::internal::packet_traits<double>::type’ {aka ‘__vector(2) double’} [-Wignored-attributes]
   typedef typename find_best_packet_helper<Size,typename packet_traits<T>::type>::type type;
                                                                                        ^~~~
In file included from /home/u12/darrenc/R/test/RcppEigen/include/Eigen/Core:271,
                 from /home/u12/darrenc/R/test/RcppEigen/include/Eigen/Dense:1,
                 from /home/u12/darrenc/R/test/RcppEigen/include/RcppEigenForward.h:28,
                 from /home/u12/darrenc/R/test/RcppEigen/include/RcppEigen.h:25,
                 from snn.cpp:1:
/home/u12/darrenc/R/test/RcppEigen/include/Eigen/src/Core/DenseCoeffsBase.h: In instantiation of ‘class Eigen::DenseCoeffsBase<Eigen::Matrix<double, -1, -1>, 0>’:
/home/u12/darrenc/R/test/RcppEigen/include/Eigen/src/Core/DenseCoeffsBase.h:302:7:   required from ‘class Eigen::DenseCoeffsBase<Eigen::Matrix<double, -1, -1>, 1>’
/home/u12/darrenc/R/test/RcppEigen/include/Eigen/src/Core/DenseCoeffsBase.h:555:7:   required from ‘class Eigen::DenseCoeffsBase<Eigen::Matrix<double, -1, -1>, 3>’
/home/u12/darrenc/R/test/RcppEigen/include/Eigen/src/Core/DenseBase.h:41:34:   required from ‘class Eigen::DenseBase<Eigen::Matrix<double, -1, -1> >’
/home/u12/darrenc/R/test/RcppEigen/include/Eigen/src/Core/MatrixBase.h:48:34:   required from ‘class Eigen::MatrixBase<Eigen::Matrix<double, -1, -1> >’
/home/u12/darrenc/R/test/RcppEigen/include/Eigen/src/Core/PlainObjectBase.h:98:7:   required from ‘class Eigen::PlainObjectBase<Eigen::Matrix<double, -1, -1> >’
/home/u12/darrenc/R/test/RcppEigen/include/Eigen/src/Core/Matrix.h:178:7:   required from ‘class Eigen::Matrix<double, -1, -1>’
snn.cpp:16:79:   required from here
/home/u12/darrenc/R/test/RcppEigen/include/Eigen/src/Core/DenseCoeffsBase.h:56:30: warning: ignoring attributes on template argument ‘Eigen::internal::packet_traits<double>::type’ {aka ‘__vector(2) double’} [-Wignored-attributes]
                      >::type PacketReturnType;
                              ^~~~~~~~~~~~~~~~
In file included from /home/u12/darrenc/R/test/RcppEigen/include/Eigen/SparseCore:37,
                 from /home/u12/darrenc/R/test/RcppEigen/include/Eigen/Sparse:26,
                 from /home/u12/darrenc/R/test/RcppEigen/include/RcppEigenForward.h:29,
                 from /home/u12/darrenc/R/test/RcppEigen/include/RcppEigen.h:25,
                 from snn.cpp:1:
/home/u12/darrenc/R/test/RcppEigen/include/Eigen/src/SparseCore/SparseMatrixBase.h: In instantiation of ‘class Eigen::SparseMatrixBase<Eigen::Transpose<Eigen::SparseMatrix<double, 0, int> > >’:
/home/u12/darrenc/R/test/RcppEigen/include/Eigen/src/SparseCore/SparseCompressedBase.h:36:7:   required from ‘class Eigen::SparseCompressedBase<Eigen::Transpose<Eigen::SparseMatrix<double, 0, int> > >’
/home/u12/darrenc/R/test/RcppEigen/include/Eigen/src/SparseCore/SparseTranspose.h:22:9:   required from ‘class Eigen::internal::SparseTransposeImpl<Eigen::SparseMatrix<double, 0, int>, 1024>’
/home/u12/darrenc/R/test/RcppEigen/include/Eigen/src/SparseCore/SparseTranspose.h:45:37:   required from ‘class Eigen::TransposeImpl<Eigen::SparseMatrix<double, 0, int>, Eigen::Sparse>’
/home/u12/darrenc/R/test/RcppEigen/include/Eigen/src/Core/Transpose.h:52:37:   required from ‘class Eigen::Transpose<Eigen::SparseMatrix<double, 0, int> >’
snn.cpp:27:30:   required from here
/home/u12/darrenc/R/test/RcppEigen/include/Eigen/src/SparseCore/SparseMatrixBase.h:47:30: warning: ignoring attributes on template argument ‘Eigen::internal::packet_traits<double>::type’ {aka ‘__vector(2) double’} [-Wignored-attributes]
                      >::type PacketReturnType;
                              ^~~~~~~~~~~~~~~~
/home/u12/darrenc/R/test/RcppEigen/include/Eigen/src/SparseCore/SparseMatrixBase.h: In instantiation of ‘class Eigen::SparseMatrixBase<Eigen::Product<Eigen::SparseMatrix<double, 0, int>, Eigen::Transpose<Eigen::SparseMatrix<double, 0, int> >, 2> >’:
/home/u12/darrenc/R/test/RcppEigen/include/Eigen/src/Core/Product.h:145:7:   required from ‘class Eigen::ProductImpl<Eigen::SparseMatrix<double, 0, int>, Eigen::Transpose<Eigen::SparseMatrix<double, 0, int> >, 2, Eigen::Sparse>’
/home/u12/darrenc/R/test/RcppEigen/include/Eigen/src/Core/Product.h:71:7:   required from ‘class Eigen::Product<Eigen::SparseMatrix<double, 0, int>, Eigen::Transpose<Eigen::SparseMatrix<double, 0, int> >, 2>’
snn.cpp:27:31:   required from here
/home/u12/darrenc/R/test/RcppEigen/include/Eigen/src/SparseCore/SparseMatrixBase.h:47:30: warning: ignoring attributes on template argument ‘Eigen::internal::packet_traits<double>::type’ {aka ‘__vector(2) double’} [-Wignored-attributes]
In file included from /home/u12/darrenc/R/test/RcppEigen/include/Eigen/Core:271,
                 from /home/u12/darrenc/R/test/RcppEigen/include/Eigen/Dense:1,
                 from /home/u12/darrenc/R/test/RcppEigen/include/RcppEigenForward.h:28,
                 from /home/u12/darrenc/R/test/RcppEigen/include/RcppEigen.h:25,
                 from snn.cpp:1:
/home/u12/darrenc/R/test/RcppEigen/include/Eigen/src/Core/DenseCoeffsBase.h: In instantiation of ‘class Eigen::DenseCoeffsBase<Eigen::Block<Eigen::Matrix<double, -1, -1>, 1, -1, false>, 0>’:
/home/u12/darrenc/R/test/RcppEigen/include/Eigen/src/Core/DenseCoeffsBase.h:302:7:   required from ‘class Eigen::DenseCoeffsBase<Eigen::Block<Eigen::Matrix<double, -1, -1>, 1, -1, false>, 1>’
/home/u12/darrenc/R/test/RcppEigen/include/Eigen/src/Core/DenseCoeffsBase.h:555:7:   required from ‘class Eigen::DenseCoeffsBase<Eigen::Block<Eigen::Matrix<double, -1, -1>, 1, -1, false>, 3>’
/home/u12/darrenc/R/test/RcppEigen/include/Eigen/src/Core/DenseBase.h:41:34:   required from ‘class Eigen::DenseBase<Eigen::Block<Eigen::Matrix<double, -1, -1>, 1, -1, false> >’
/home/u12/darrenc/R/test/RcppEigen/include/Eigen/src/Core/MatrixBase.h:48:34:   required from ‘class Eigen::MatrixBase<Eigen::Block<Eigen::Matrix<double, -1, -1>, 1, -1, false> >’
/home/u12/darrenc/R/test/RcppEigen/include/Eigen/src/Core/MapBase.h:37:34:   required from ‘class Eigen::MapBase<Eigen::Block<Eigen::Matrix<double, -1, -1>, 1, -1, false>, 0>’
/home/u12/darrenc/R/test/RcppEigen/include/Eigen/src/Core/MapBase.h:223:34:   required from ‘class Eigen::MapBase<Eigen::Block<Eigen::Matrix<double, -1, -1>, 1, -1, false>, 1>’
/home/u12/darrenc/R/test/RcppEigen/include/Eigen/src/Core/Block.h:329:7:   required from ‘class Eigen::internal::BlockImpl_dense<Eigen::Matrix<double, -1, -1>, 1, -1, false, true>’
/home/u12/darrenc/R/test/RcppEigen/include/Eigen/src/Core/Block.h:154:7:   required from ‘class Eigen::BlockImpl<Eigen::Matrix<double, -1, -1>, 1, -1, false, Eigen::Dense>’
/home/u12/darrenc/R/test/RcppEigen/include/Eigen/src/Core/Block.h:103:81:   required from ‘class Eigen::Block<Eigen::Matrix<double, -1, -1>, 1, -1, false>’
snn.cpp:106:35:   required from here
/home/u12/darrenc/R/test/RcppEigen/include/Eigen/src/Core/DenseCoeffsBase.h:56:30: warning: ignoring attributes on template argument ‘Eigen::internal::packet_traits<double>::type’ {aka ‘__vector(2) double’} [-Wignored-attributes]
                      >::type PacketReturnType;
                              ^~~~~~~~~~~~~~~~
/home/u12/darrenc/R/test/RcppEigen/include/Eigen/src/Core/DenseCoeffsBase.h: In instantiation of ‘class Eigen::DenseCoeffsBase<Eigen::CwiseBinaryOp<Eigen::internal::scalar_difference_op<double, double>, const Eigen::Block<Eigen::Matrix<double, -1, -1>, 1, -1, false>, const Eigen::Block<Eigen::Matrix<double, -1, -1>, 1, -1, false> >, 0>’:
/home/u12/darrenc/R/test/RcppEigen/include/Eigen/src/Core/DenseBase.h:41:34:   required from ‘class Eigen::DenseBase<Eigen::CwiseBinaryOp<Eigen::internal::scalar_difference_op<double, double>, const Eigen::Block<Eigen::Matrix<double, -1, -1>, 1, -1, false>, const Eigen::Block<Eigen::Matrix<double, -1, -1>, 1, -1, false> > >’
/home/u12/darrenc/R/test/RcppEigen/include/Eigen/src/Core/MatrixBase.h:48:34:   required from ‘class Eigen::MatrixBase<Eigen::CwiseBinaryOp<Eigen::internal::scalar_difference_op<double, double>, const Eigen::Block<Eigen::Matrix<double, -1, -1>, 1, -1, false>, const Eigen::Block<Eigen::Matrix<double, -1, -1>, 1, -1, false> > >’
/home/u12/darrenc/R/test/RcppEigen/include/Eigen/src/Core/CwiseBinaryOp.h:148:7:   required from ‘class Eigen::CwiseBinaryOpImpl<Eigen::internal::scalar_difference_op<double, double>, const Eigen::Block<Eigen::Matrix<double, -1, -1>, 1, -1, false>, const Eigen::Block<Eigen::Matrix<double, -1, -1>, 1, -1, false>, Eigen::Dense>’
/home/u12/darrenc/R/test/RcppEigen/include/Eigen/src/Core/CwiseBinaryOp.h:77:7:   required from ‘class Eigen::CwiseBinaryOp<Eigen::internal::scalar_difference_op<double, double>, const Eigen::Block<Eigen::Matrix<double, -1, -1>, 1, -1, false>, const Eigen::Block<Eigen::Matrix<double, -1, -1>, 1, -1, false> >’
snn.cpp:106:48:   required from here
/home/u12/darrenc/R/test/RcppEigen/include/Eigen/src/Core/DenseCoeffsBase.h:56:30: warning: ignoring attributes on template argument ‘Eigen::internal::packet_traits<double>::type’ {aka ‘__vector(2) double’} [-Wignored-attributes]
In file included from /home/u12/darrenc/R/test/RcppEigen/include/Eigen/SparseCore:37,
                 from /home/u12/darrenc/R/test/RcppEigen/include/Eigen/Sparse:26,
                 from /home/u12/darrenc/R/test/RcppEigen/include/RcppEigenForward.h:29,
                 from /home/u12/darrenc/R/test/RcppEigen/include/RcppEigen.h:25,
                 from snn.cpp:1:
/home/u12/darrenc/R/test/RcppEigen/include/Eigen/src/SparseCore/SparseMatrixBase.h: In instantiation of ‘class Eigen::SparseMatrixBase<Eigen::SparseMatrix<double, 1> >’:
/home/u12/darrenc/R/test/RcppEigen/include/Eigen/src/SparseCore/SparseCompressedBase.h:36:7:   required from ‘class Eigen::SparseCompressedBase<Eigen::SparseMatrix<double, 1> >’
/home/u12/darrenc/R/test/RcppEigen/include/Eigen/src/SparseCore/SparseMatrix.h:96:7:   required from ‘class Eigen::SparseMatrix<double, 1>’
/home/u12/darrenc/R/test/RcppEigen/include/Eigen/src/SparseCore/SparseMatrix.h:1040:66:   required from ‘void Eigen::internal::set_from_triplets(const InputIterator&, const InputIterator&, SparseMatrixType&, DupFunctor) [with InputIterator = __gnu_cxx::__normal_iterator<Eigen::Triplet<double>*, std::vector<Eigen::Triplet<double> > >; SparseMatrixType = Eigen::SparseMatrix<double, 0, int>; DupFunctor = Eigen::internal::scalar_sum_op<double, double>]’
/home/u12/darrenc/R/test/RcppEigen/include/Eigen/src/SparseCore/SparseMatrix.h:1110:92:   required from ‘void Eigen::SparseMatrix<_Scalar, _Flags, _StorageIndex>::setFromTriplets(const InputIterators&, const InputIterators&) [with InputIterators = __gnu_cxx::__normal_iterator<Eigen::Triplet<double>*, std::vector<Eigen::Triplet<double> > >; _Scalar = double; int _Options = 0; _StorageIndex = int]’
snn.cpp:26:61:   required from here
/home/u12/darrenc/R/test/RcppEigen/include/Eigen/src/SparseCore/SparseMatrixBase.h:47:30: warning: ignoring attributes on template argument ‘Eigen::internal::packet_traits<double>::type’ {aka ‘__vector(2) double’} [-Wignored-attributes]
                      >::type PacketReturnType;
                              ^~~~~~~~~~~~~~~~
In file included from /home/u12/darrenc/R/test/RcppEigen/include/Eigen/Core:271,
                 from /home/u12/darrenc/R/test/RcppEigen/include/Eigen/Dense:1,
                 from /home/u12/darrenc/R/test/RcppEigen/include/RcppEigenForward.h:28,
                 from /home/u12/darrenc/R/test/RcppEigen/include/RcppEigen.h:25,
                 from snn.cpp:1:
/home/u12/darrenc/R/test/RcppEigen/include/Eigen/src/Core/DenseCoeffsBase.h: In instantiation of ‘class Eigen::DenseCoeffsBase<Eigen::CwiseUnaryOp<Eigen::internal::scalar_abs2_op<double>, const Eigen::CwiseBinaryOp<Eigen::internal::scalar_difference_op<double, double>, const Eigen::Block<Eigen::Matrix<double, -1, -1>, 1, -1, false>, const Eigen::Block<Eigen::Matrix<double, -1, -1>, 1, -1, false> > >, 0>’:
/home/u12/darrenc/R/test/RcppEigen/include/Eigen/src/Core/DenseBase.h:41:34:   required from ‘class Eigen::DenseBase<Eigen::CwiseUnaryOp<Eigen::internal::scalar_abs2_op<double>, const Eigen::CwiseBinaryOp<Eigen::internal::scalar_difference_op<double, double>, const Eigen::Block<Eigen::Matrix<double, -1, -1>, 1, -1, false>, const Eigen::Block<Eigen::Matrix<double, -1, -1>, 1, -1, false> > > >’
/home/u12/darrenc/R/test/RcppEigen/include/Eigen/src/Core/MatrixBase.h:48:34:   required from ‘class Eigen::MatrixBase<Eigen::CwiseUnaryOp<Eigen::internal::scalar_abs2_op<double>, const Eigen::CwiseBinaryOp<Eigen::internal::scalar_difference_op<double, double>, const Eigen::Block<Eigen::Matrix<double, -1, -1>, 1, -1, false>, const Eigen::Block<Eigen::Matrix<double, -1, -1>, 1, -1, false> > > >’
/home/u12/darrenc/R/test/RcppEigen/include/Eigen/src/Core/CwiseUnaryOp.h:94:7:   required from ‘class Eigen::CwiseUnaryOpImpl<Eigen::internal::scalar_abs2_op<double>, const Eigen::CwiseBinaryOp<Eigen::internal::scalar_difference_op<double, double>, const Eigen::Block<Eigen::Matrix<double, -1, -1>, 1, -1, false>, const Eigen::Block<Eigen::Matrix<double, -1, -1>, 1, -1, false> >, Eigen::Dense>’
/home/u12/darrenc/R/test/RcppEigen/include/Eigen/src/Core/CwiseUnaryOp.h:55:7:   required from ‘class Eigen::CwiseUnaryOp<Eigen::internal::scalar_abs2_op<double>, const Eigen::CwiseBinaryOp<Eigen::internal::scalar_difference_op<double, double>, const Eigen::Block<Eigen::Matrix<double, -1, -1>, 1, -1, false>, const Eigen::Block<Eigen::Matrix<double, -1, -1>, 1, -1, false> > >’
/home/u12/darrenc/R/test/RcppEigen/include/Eigen/src/Core/Dot.h:98:43:   required from ‘typename Eigen::NumTraits<typename Eigen::internal::traits<T>::Scalar>::Real Eigen::MatrixBase<Derived>::squaredNorm() const [with Derived = Eigen::CwiseBinaryOp<Eigen::internal::scalar_difference_op<double, double>, const Eigen::Block<Eigen::Matrix<double, -1, -1>, 1, -1, false>, const Eigen::Block<Eigen::Matrix<double, -1, -1>, 1, -1, false> >; typename Eigen::NumTraits<typename Eigen::internal::traits<T>::Scalar>::Real = double]’
/home/u12/darrenc/R/test/RcppEigen/include/Eigen/src/Core/Dot.h:110:23:   required from ‘typename Eigen::NumTraits<typename Eigen::internal::traits<T>::Scalar>::Real Eigen::MatrixBase<Derived>::norm() const [with Derived = Eigen::CwiseBinaryOp<Eigen::internal::scalar_difference_op<double, double>, const Eigen::Block<Eigen::Matrix<double, -1, -1>, 1, -1, false>, const Eigen::Block<Eigen::Matrix<double, -1, -1>, 1, -1, false> >; typename Eigen::NumTraits<typename Eigen::internal::traits<T>::Scalar>::Real = double]’
snn.cpp:106:56:   required from here
/home/u12/darrenc/R/test/RcppEigen/include/Eigen/src/Core/DenseCoeffsBase.h:56:30: warning: ignoring attributes on template argument ‘Eigen::internal::packet_traits<double>::type’ {aka ‘__vector(2) double’} [-Wignored-attributes]
                      >::type PacketReturnType;
                              ^~~~~~~~~~~~~~~~
/home/u12/darrenc/R/test/RcppEigen/include/Eigen/src/Core/DenseCoeffsBase.h: In instantiation of ‘class Eigen::DenseCoeffsBase<Eigen::SparseMatrix<double, 1>, 0>’:
/home/u12/darrenc/R/test/RcppEigen/include/Eigen/src/SparseCore/SparseCompressedBase.h:336:80:   required from ‘struct Eigen::internal::evaluator<Eigen::SparseCompressedBase<Eigen::SparseMatrix<double, 1> > >’
/home/u12/darrenc/R/test/RcppEigen/include/Eigen/src/SparseCore/SparseMatrix.h:1505:8:   required from ‘struct Eigen::internal::evaluator<Eigen::SparseMatrix<double, 1> >’
/home/u12/darrenc/R/test/RcppEigen/include/Eigen/src/SparseCore/SparseMatrix.h:1181:99:   required from ‘Eigen::SparseMatrix<_Scalar, _Options, _StorageIndex>& Eigen::SparseMatrix<_Scalar, _Flags, _StorageIndex>::operator=(const Eigen::SparseMatrixBase<OtherDerived>&) [with OtherDerived = Eigen::SparseMatrix<double, 1>; _Scalar = double; int _Options = 0; _StorageIndex = int]’
/home/u12/darrenc/R/test/RcppEigen/include/Eigen/src/SparseCore/SparseMatrix.h:1063:7:   required from ‘void Eigen::internal::set_from_triplets(const InputIterator&, const InputIterator&, SparseMatrixType&, DupFunctor) [with InputIterator = __gnu_cxx::__normal_iterator<Eigen::Triplet<double>*, std::vector<Eigen::Triplet<double> > >; SparseMatrixType = Eigen::SparseMatrix<double, 0, int>; DupFunctor = Eigen::internal::scalar_sum_op<double, double>]’
/home/u12/darrenc/R/test/RcppEigen/include/Eigen/src/SparseCore/SparseMatrix.h:1110:92:   required from ‘void Eigen::SparseMatrix<_Scalar, _Flags, _StorageIndex>::setFromTriplets(const InputIterators&, const InputIterators&) [with InputIterators = __gnu_cxx::__normal_iterator<Eigen::Triplet<double>*, std::vector<Eigen::Triplet<double> > >; _Scalar = double; int _Options = 0; _StorageIndex = int]’
snn.cpp:26:61:   required from here
/home/u12/darrenc/R/test/RcppEigen/include/Eigen/src/Core/DenseCoeffsBase.h:56:30: warning: ignoring attributes on template argument ‘Eigen::internal::packet_traits<double>::type’ {aka ‘__vector(2) double’} [-Wignored-attributes]
/home/u12/darrenc/R/test/RcppEigen/include/Eigen/src/Core/DenseCoeffsBase.h: In instantiation of ‘class Eigen::DenseCoeffsBase<Eigen::SparseMatrix<double, 0, int>, 0>’:
/home/u12/darrenc/R/test/RcppEigen/include/Eigen/src/SparseCore/SparseCompressedBase.h:336:80:   required from ‘struct Eigen::internal::evaluator<Eigen::SparseCompressedBase<Eigen::SparseMatrix<double, 0, int> > >’
/home/u12/darrenc/R/test/RcppEigen/include/Eigen/src/SparseCore/SparseMatrix.h:1505:8:   required from ‘struct Eigen::internal::evaluator<Eigen::SparseMatrix<double, 0, int> >’
/home/u12/darrenc/R/test/RcppEigen/include/Eigen/src/SparseCore/SparseUtil.h:121:8:   required from ‘struct Eigen::internal::plain_object_eval<Eigen::SparseMatrix<double, 0, int>, Eigen::Sparse>’
/home/u12/darrenc/R/test/RcppEigen/include/Eigen/src/SparseCore/SparseProduct.h:71:53:   required from ‘static void Eigen::internal::generic_product_impl<Lhs, Rhs, Eigen::SparseShape, Eigen::SparseShape, ProductType>::evalTo(Dest&, const Lhs&, const Rhs&, Eigen::SparseShape) [with Dest = Eigen::SparseMatrix<double, 0, int>; Lhs = Eigen::SparseMatrix<double, 0, int>; Rhs = Eigen::Transpose<Eigen::SparseMatrix<double, 0, int> >; int ProductType = 8]’
/home/u12/darrenc/R/test/RcppEigen/include/Eigen/src/SparseCore/SparseProduct.h:43:11:   required from ‘static void Eigen::internal::generic_product_impl<Lhs, Rhs, Eigen::SparseShape, Eigen::SparseShape, ProductType>::evalTo(Dest&, const Lhs&, const Rhs&) [with Dest = Eigen::SparseMatrix<double, 0, int>; Lhs = Eigen::SparseMatrix<double, 0, int>; Rhs = Eigen::Transpose<Eigen::SparseMatrix<double, 0, int> >; int ProductType = 8]’
/home/u12/darrenc/R/test/RcppEigen/include/Eigen/src/SparseCore/SparseProduct.h:174:51:   required from ‘Eigen::SparseMatrix<_Scalar, _Options, _StorageIndex>& Eigen::SparseMatrix<_Scalar, _Flags, _StorageIndex>::operator=(const Eigen::Product<Lhs, Rhs, 2>&) [with Lhs = Eigen::SparseMatrix<double, 0, int>; Rhs = Eigen::Transpose<Eigen::SparseMatrix<double, 0, int> >; _Scalar = double; int _Options = 0; _StorageIndex = int]’
snn.cpp:27:31:   required from here
/home/u12/darrenc/R/test/RcppEigen/include/Eigen/src/Core/DenseCoeffsBase.h:56:30: warning: ignoring attributes on template argument ‘Eigen::internal::packet_traits<double>::type’ {aka ‘__vector(2) double’} [-Wignored-attributes]
In file included from /home/u12/darrenc/R/test/RcppEigen/include/Eigen/Core:277,
                 from /home/u12/darrenc/R/test/RcppEigen/include/Eigen/Dense:1,
                 from /home/u12/darrenc/R/test/RcppEigen/include/RcppEigenForward.h:28,
                 from /home/u12/darrenc/R/test/RcppEigen/include/RcppEigen.h:25,
                 from snn.cpp:1:
/home/u12/darrenc/R/test/RcppEigen/include/Eigen/src/Core/CoreEvaluators.h: In instantiation of ‘struct Eigen::internal::evaluator<Eigen::Block<Eigen::Matrix<double, -1, -1>, 1, -1, false> >’:
/home/u12/darrenc/R/test/RcppEigen/include/Eigen/src/Core/CoreEvaluators.h:100:8:   required from ‘struct Eigen::internal::evaluator<const Eigen::Block<Eigen::Matrix<double, -1, -1>, 1, -1, false> >’
/home/u12/darrenc/R/test/RcppEigen/include/Eigen/src/Core/CoreEvaluators.h:739:21:   required from ‘struct Eigen::internal::binary_evaluator<Eigen::CwiseBinaryOp<Eigen::internal::scalar_difference_op<double, double>, const Eigen::Block<Eigen::Matrix<double, -1, -1>, 1, -1, false>, const Eigen::Block<Eigen::Matrix<double, -1, -1>, 1, -1, false> >, Eigen::internal::IndexBased, Eigen::internal::IndexBased, double, double>’
/home/u12/darrenc/R/test/RcppEigen/include/Eigen/src/Core/CoreEvaluators.h:722:8:   required from ‘struct Eigen::internal::evaluator<Eigen::CwiseBinaryOp<Eigen::internal::scalar_difference_op<double, double>, const Eigen::Block<Eigen::Matrix<double, -1, -1>, 1, -1, false>, const Eigen::Block<Eigen::Matrix<double, -1, -1>, 1, -1, false> > >’
/home/u12/darrenc/R/test/RcppEigen/include/Eigen/src/Core/CoreEvaluators.h:100:8:   required from ‘struct Eigen::internal::evaluator<const Eigen::CwiseBinaryOp<Eigen::internal::scalar_difference_op<double, double>, const Eigen::Block<Eigen::Matrix<double, -1, -1>, 1, -1, false>, const Eigen::Block<Eigen::Matrix<double, -1, -1>, 1, -1, false> > >’
/home/u12/darrenc/R/test/RcppEigen/include/Eigen/src/Core/CoreEvaluators.h:564:21:   [ skipping 2 instantiation contexts, use -ftemplate-backtrace-limit=0 to disable ]
/home/u12/darrenc/R/test/RcppEigen/include/Eigen/src/Core/Redux.h:357:7:   required from ‘class Eigen::internal::redux_evaluator<Eigen::CwiseUnaryOp<Eigen::internal::scalar_abs2_op<double>, const Eigen::CwiseBinaryOp<Eigen::internal::scalar_difference_op<double, double>, const Eigen::Block<Eigen::Matrix<double, -1, -1>, 1, -1, false>, const Eigen::Block<Eigen::Matrix<double, -1, -1>, 1, -1, false> > > >’
/home/u12/darrenc/R/test/RcppEigen/include/Eigen/src/Core/Redux.h:414:17:   required from ‘typename Eigen::internal::traits<T>::Scalar Eigen::DenseBase<Derived>::redux(const Func&) const [with BinaryOp = Eigen::internal::scalar_sum_op<double, double>; Derived = Eigen::CwiseUnaryOp<Eigen::internal::scalar_abs2_op<double>, const Eigen::CwiseBinaryOp<Eigen::internal::scalar_difference_op<double, double>, const Eigen::Block<Eigen::Matrix<double, -1, -1>, 1, -1, false>, const Eigen::Block<Eigen::Matrix<double, -1, -1>, 1, -1, false> > >; typename Eigen::internal::traits<T>::Scalar = double]’
/home/u12/darrenc/R/test/RcppEigen/include/Eigen/src/Core/Redux.h:463:73:   required from ‘typename Eigen::internal::traits<T>::Scalar Eigen::DenseBase<Derived>::sum() const [with Derived = Eigen::CwiseUnaryOp<Eigen::internal::scalar_abs2_op<double>, const Eigen::CwiseBinaryOp<Eigen::internal::scalar_difference_op<double, double>, const Eigen::Block<Eigen::Matrix<double, -1, -1>, 1, -1, false>, const Eigen::Block<Eigen::Matrix<double, -1, -1>, 1, -1, false> > >; typename Eigen::internal::traits<T>::Scalar = double]’
/home/u12/darrenc/R/test/RcppEigen/include/Eigen/src/Core/Dot.h:98:22:   required from ‘typename Eigen::NumTraits<typename Eigen::internal::traits<T>::Scalar>::Real Eigen::MatrixBase<Derived>::squaredNorm() const [with Derived = Eigen::CwiseBinaryOp<Eigen::internal::scalar_difference_op<double, double>, const Eigen::Block<Eigen::Matrix<double, -1, -1>, 1, -1, false>, const Eigen::Block<Eigen::Matrix<double, -1, -1>, 1, -1, false> >; typename Eigen::NumTraits<typename Eigen::internal::traits<T>::Scalar>::Real = double]’
/home/u12/darrenc/R/test/RcppEigen/include/Eigen/src/Core/Dot.h:110:23:   required from ‘typename Eigen::NumTraits<typename Eigen::internal::traits<T>::Scalar>::Real Eigen::MatrixBase<Derived>::norm() const [with Derived = Eigen::CwiseBinaryOp<Eigen::internal::scalar_difference_op<double, double>, const Eigen::Block<Eigen::Matrix<double, -1, -1>, 1, -1, false>, const Eigen::Block<Eigen::Matrix<double, -1, -1>, 1, -1, false> >; typename Eigen::NumTraits<typename Eigen::internal::traits<T>::Scalar>::Real = double]’
snn.cpp:106:56:   required from here
/home/u12/darrenc/R/test/RcppEigen/include/Eigen/src/Core/CoreEvaluators.h:1042:8: warning: ignoring attributes on template argument ‘Eigen::internal::packet_traits<double>::type’ {aka ‘__vector(2) double’} [-Wignored-attributes]
   enum {
        ^
g++ -std=gnu++17 -I"/opt/ohpc/pub/apps/R/4.2.2/lib64/R/include" -DNDEBUG  -I'/home/u12/darrenc/R/test/Rcpp/include' -I'/home/u12/darrenc/R/test/RcppEigen/include' -I'/home/u12/darrenc/R/test/RcppProgress/include' -I/usr/local/include   -fpic  -g -O2  -c stats.cpp -o stats.o
gcc -I"/opt/ohpc/pub/apps/R/4.2.2/lib64/R/include" -DNDEBUG  -I'/home/u12/darrenc/R/test/Rcpp/include' -I'/home/u12/darrenc/R/test/RcppEigen/include' -I'/home/u12/darrenc/R/test/RcppProgress/include' -I/usr/local/include   -fpic  -g -O2  -c valid_pointer.c -o valid_pointer.o
g++ -std=gnu++17 -shared -L/usr/local/lib64 -o Seurat.so ModularityOptimizer.o RModularityOptimizer.o RcppExports.o data_manipulation.o fast_NN_dist.o integration.o snn.o stats.o valid_pointer.o
installing to /home/u12/darrenc/R/test/00LOCK-Seurat/00new/Seurat/libs
** R
** data
*** moving datasets to lazyload DB
** inst
** byte-compile and prepare package for lazy loading
** help
*** installing help indices
** building package indices
** testing if installed package can be loaded from temporary location
** checking absolute paths in shared objects and dynamic libraries
** testing if installed package can be loaded from final location
** testing if installed package keeps a record of temporary installation path
* DONE (Seurat)

The downloaded source packages are in
	‘/tmp/RtmpoxBJTU/downloaded_packages’
Using github PAT from envvar GITHUB_PAT. Use `gitcreds::gitcreds_set()` and unset GITHUB_PAT in .Renviron (or elsewhere) if you want to use the more secure git credential store instead.
Skipping install of 'SeuratDisk' from a github remote, the SHA1 (877d4e18) has not changed since last install.
  Use `force = TRUE` to force installation
Using github PAT from envvar GITHUB_PAT. Use `gitcreds::gitcreds_set()` and unset GITHUB_PAT in .Renviron (or elsewhere) if you want to use the more secure git credential store instead.
Skipping install of 'presto' from a github remote, the SHA1 (7636b3d0) has not changed since last install.
  Use `force = TRUE` to force installation
Downloading package from url: http://cran.us.r-project.org/src/contrib/Archive/systemfonts/systemfonts_1.2.3.tar.gz
Installing package into ‘/home/u12/darrenc/R/test’
(as ‘lib’ is unspecified)
* installing *source* package ‘systemfonts’ ...
** package ‘systemfonts’ successfully unpacked and MD5 sums checked
** using staged installation
Found pkg-config cflags and libs!
Using PKG_CFLAGS=-I/opt/ohpc/pub/apps/libpng/1.6.37/include/libpng16 -I/usr/include/uuid -I/usr/include/freetype2  
Using PKG_LIBS=-lfontconfig -lfreetype  
** libs
rm -f systemfonts.so caches.o cpp11.o dev_metrics.o font_matching.o font_local.o font_registry.o ft_cache.o string_shape.o font_metrics.o font_outlines.o font_fallback.o string_metrics.o emoji.o cache_store.o init.o unix/FontManagerLinux.o
g++ -std=gnu++14 -I"/opt/ohpc/pub/apps/R/4.2.2/lib64/R/include" -DNDEBUG -I/opt/ohpc/pub/apps/libpng/1.6.37/include/libpng16 -I/usr/include/uuid -I/usr/include/freetype2   -I'/home/u12/darrenc/R/test/cpp11/include' -I/usr/local/include   -fpic  -g -O2  -c caches.cpp -o caches.o
g++ -std=gnu++14 -I"/opt/ohpc/pub/apps/R/4.2.2/lib64/R/include" -DNDEBUG -I/opt/ohpc/pub/apps/libpng/1.6.37/include/libpng16 -I/usr/include/uuid -I/usr/include/freetype2   -I'/home/u12/darrenc/R/test/cpp11/include' -I/usr/local/include   -fpic  -g -O2  -c cpp11.cpp -o cpp11.o
g++ -std=gnu++14 -I"/opt/ohpc/pub/apps/R/4.2.2/lib64/R/include" -DNDEBUG -I/opt/ohpc/pub/apps/libpng/1.6.37/include/libpng16 -I/usr/include/uuid -I/usr/include/freetype2   -I'/home/u12/darrenc/R/test/cpp11/include' -I/usr/local/include   -fpic  -g -O2  -c dev_metrics.cpp -o dev_metrics.o
g++ -std=gnu++14 -I"/opt/ohpc/pub/apps/R/4.2.2/lib64/R/include" -DNDEBUG -I/opt/ohpc/pub/apps/libpng/1.6.37/include/libpng16 -I/usr/include/uuid -I/usr/include/freetype2   -I'/home/u12/darrenc/R/test/cpp11/include' -I/usr/local/include   -fpic  -g -O2  -c font_matching.cpp -o font_matching.o
g++ -std=gnu++14 -I"/opt/ohpc/pub/apps/R/4.2.2/lib64/R/include" -DNDEBUG -I/opt/ohpc/pub/apps/libpng/1.6.37/include/libpng16 -I/usr/include/uuid -I/usr/include/freetype2   -I'/home/u12/darrenc/R/test/cpp11/include' -I/usr/local/include   -fpic  -g -O2  -c font_local.cpp -o font_local.o
g++ -std=gnu++14 -I"/opt/ohpc/pub/apps/R/4.2.2/lib64/R/include" -DNDEBUG -I/opt/ohpc/pub/apps/libpng/1.6.37/include/libpng16 -I/usr/include/uuid -I/usr/include/freetype2   -I'/home/u12/darrenc/R/test/cpp11/include' -I/usr/local/include   -fpic  -g -O2  -c font_registry.cpp -o font_registry.o
g++ -std=gnu++14 -I"/opt/ohpc/pub/apps/R/4.2.2/lib64/R/include" -DNDEBUG -I/opt/ohpc/pub/apps/libpng/1.6.37/include/libpng16 -I/usr/include/uuid -I/usr/include/freetype2   -I'/home/u12/darrenc/R/test/cpp11/include' -I/usr/local/include   -fpic  -g -O2  -c ft_cache.cpp -o ft_cache.o
g++ -std=gnu++14 -I"/opt/ohpc/pub/apps/R/4.2.2/lib64/R/include" -DNDEBUG -I/opt/ohpc/pub/apps/libpng/1.6.37/include/libpng16 -I/usr/include/uuid -I/usr/include/freetype2   -I'/home/u12/darrenc/R/test/cpp11/include' -I/usr/local/include   -fpic  -g -O2  -c string_shape.cpp -o string_shape.o
g++ -std=gnu++14 -I"/opt/ohpc/pub/apps/R/4.2.2/lib64/R/include" -DNDEBUG -I/opt/ohpc/pub/apps/libpng/1.6.37/include/libpng16 -I/usr/include/uuid -I/usr/include/freetype2   -I'/home/u12/darrenc/R/test/cpp11/include' -I/usr/local/include   -fpic  -g -O2  -c font_metrics.cpp -o font_metrics.o
g++ -std=gnu++14 -I"/opt/ohpc/pub/apps/R/4.2.2/lib64/R/include" -DNDEBUG -I/opt/ohpc/pub/apps/libpng/1.6.37/include/libpng16 -I/usr/include/uuid -I/usr/include/freetype2   -I'/home/u12/darrenc/R/test/cpp11/include' -I/usr/local/include   -fpic  -g -O2  -c font_outlines.cpp -o font_outlines.o
g++ -std=gnu++14 -I"/opt/ohpc/pub/apps/R/4.2.2/lib64/R/include" -DNDEBUG -I/opt/ohpc/pub/apps/libpng/1.6.37/include/libpng16 -I/usr/include/uuid -I/usr/include/freetype2   -I'/home/u12/darrenc/R/test/cpp11/include' -I/usr/local/include   -fpic  -g -O2  -c font_fallback.cpp -o font_fallback.o
g++ -std=gnu++14 -I"/opt/ohpc/pub/apps/R/4.2.2/lib64/R/include" -DNDEBUG -I/opt/ohpc/pub/apps/libpng/1.6.37/include/libpng16 -I/usr/include/uuid -I/usr/include/freetype2   -I'/home/u12/darrenc/R/test/cpp11/include' -I/usr/local/include   -fpic  -g -O2  -c string_metrics.cpp -o string_metrics.o
g++ -std=gnu++14 -I"/opt/ohpc/pub/apps/R/4.2.2/lib64/R/include" -DNDEBUG -I/opt/ohpc/pub/apps/libpng/1.6.37/include/libpng16 -I/usr/include/uuid -I/usr/include/freetype2   -I'/home/u12/darrenc/R/test/cpp11/include' -I/usr/local/include   -fpic  -g -O2  -c emoji.cpp -o emoji.o
g++ -std=gnu++14 -I"/opt/ohpc/pub/apps/R/4.2.2/lib64/R/include" -DNDEBUG -I/opt/ohpc/pub/apps/libpng/1.6.37/include/libpng16 -I/usr/include/uuid -I/usr/include/freetype2   -I'/home/u12/darrenc/R/test/cpp11/include' -I/usr/local/include   -fpic  -g -O2  -c cache_store.cpp -o cache_store.o
g++ -std=gnu++14 -I"/opt/ohpc/pub/apps/R/4.2.2/lib64/R/include" -DNDEBUG -I/opt/ohpc/pub/apps/libpng/1.6.37/include/libpng16 -I/usr/include/uuid -I/usr/include/freetype2   -I'/home/u12/darrenc/R/test/cpp11/include' -I/usr/local/include   -fpic  -g -O2  -c init.cpp -o init.o
g++ -std=gnu++14 -I"/opt/ohpc/pub/apps/R/4.2.2/lib64/R/include" -DNDEBUG -I/opt/ohpc/pub/apps/libpng/1.6.37/include/libpng16 -I/usr/include/uuid -I/usr/include/freetype2   -I'/home/u12/darrenc/R/test/cpp11/include' -I/usr/local/include   -fpic  -g -O2  -c unix/FontManagerLinux.cpp -o unix/FontManagerLinux.o
g++ -std=gnu++14 -shared -L/usr/local/lib64 -o systemfonts.so caches.o cpp11.o dev_metrics.o font_matching.o font_local.o font_registry.o ft_cache.o string_shape.o font_metrics.o font_outlines.o font_fallback.o string_metrics.o emoji.o cache_store.o init.o unix/FontManagerLinux.o -lfontconfig -lfreetype
installing to /home/u12/darrenc/R/test/00LOCK-systemfonts/00new/systemfonts/libs
** R
** inst
** byte-compile and prepare package for lazy loading
** help
*** installing help indices
*** copying figures
** building package indices
** installing vignettes
** testing if installed package can be loaded from temporary location
** checking absolute paths in shared objects and dynamic libraries
** testing if installed package can be loaded from final location
** testing if installed package keeps a record of temporary installation path
* DONE (systemfonts)
Downloading package from url: http://cran.us.r-project.org/src/contrib/Archive/textshaping/textshaping_1.0.3.tar.gz
Installing package into ‘/home/u12/darrenc/R/test’
(as ‘lib’ is unspecified)
* installing *source* package ‘textshaping’ ...
** package ‘textshaping’ successfully unpacked and MD5 sums checked
** using staged installation
Found pkg-config cflags and libs!
Using PKG_CFLAGS=-I/opt/ohpc/pub/apps/libpng/1.6.37/include/libpng16 -I/usr/include/harfbuzz -I/usr/include/glib-2.0 -I/usr/lib64/glib-2.0/include -I/usr/include/freetype2 -I/usr/include/fribidi  
Using PKG_LIBS=-lharfbuzz -lfreetype -lfribidi  
** libs
rm -f textshaping.so cpp11.o face_feature.o hb_shaper.o init.o string_bidi.o string_metrics.o string_shape.o
g++ -std=gnu++14 -I"/opt/ohpc/pub/apps/R/4.2.2/lib64/R/include" -DNDEBUG -DNDEBUG -I/opt/ohpc/pub/apps/libpng/1.6.37/include/libpng16 -I/usr/include/harfbuzz -I/usr/include/glib-2.0 -I/usr/lib64/glib-2.0/include -I/usr/include/freetype2 -I/usr/include/fribidi   -I'/home/u12/darrenc/R/test/cpp11/include' -I'/home/u12/darrenc/R/test/systemfonts/include' -I/usr/local/include   -fpic  -g -O2  -c cpp11.cpp -o cpp11.o
g++ -std=gnu++14 -I"/opt/ohpc/pub/apps/R/4.2.2/lib64/R/include" -DNDEBUG -DNDEBUG -I/opt/ohpc/pub/apps/libpng/1.6.37/include/libpng16 -I/usr/include/harfbuzz -I/usr/include/glib-2.0 -I/usr/lib64/glib-2.0/include -I/usr/include/freetype2 -I/usr/include/fribidi   -I'/home/u12/darrenc/R/test/cpp11/include' -I'/home/u12/darrenc/R/test/systemfonts/include' -I/usr/local/include   -fpic  -g -O2  -c face_feature.cpp -o face_feature.o
g++ -std=gnu++14 -I"/opt/ohpc/pub/apps/R/4.2.2/lib64/R/include" -DNDEBUG -DNDEBUG -I/opt/ohpc/pub/apps/libpng/1.6.37/include/libpng16 -I/usr/include/harfbuzz -I/usr/include/glib-2.0 -I/usr/lib64/glib-2.0/include -I/usr/include/freetype2 -I/usr/include/fribidi   -I'/home/u12/darrenc/R/test/cpp11/include' -I'/home/u12/darrenc/R/test/systemfonts/include' -I/usr/local/include   -fpic  -g -O2  -c hb_shaper.cpp -o hb_shaper.o
g++ -std=gnu++14 -I"/opt/ohpc/pub/apps/R/4.2.2/lib64/R/include" -DNDEBUG -DNDEBUG -I/opt/ohpc/pub/apps/libpng/1.6.37/include/libpng16 -I/usr/include/harfbuzz -I/usr/include/glib-2.0 -I/usr/lib64/glib-2.0/include -I/usr/include/freetype2 -I/usr/include/fribidi   -I'/home/u12/darrenc/R/test/cpp11/include' -I'/home/u12/darrenc/R/test/systemfonts/include' -I/usr/local/include   -fpic  -g -O2  -c init.cpp -o init.o
g++ -std=gnu++14 -I"/opt/ohpc/pub/apps/R/4.2.2/lib64/R/include" -DNDEBUG -DNDEBUG -I/opt/ohpc/pub/apps/libpng/1.6.37/include/libpng16 -I/usr/include/harfbuzz -I/usr/include/glib-2.0 -I/usr/lib64/glib-2.0/include -I/usr/include/freetype2 -I/usr/include/fribidi   -I'/home/u12/darrenc/R/test/cpp11/include' -I'/home/u12/darrenc/R/test/systemfonts/include' -I/usr/local/include   -fpic  -g -O2  -c string_bidi.cpp -o string_bidi.o
g++ -std=gnu++14 -I"/opt/ohpc/pub/apps/R/4.2.2/lib64/R/include" -DNDEBUG -DNDEBUG -I/opt/ohpc/pub/apps/libpng/1.6.37/include/libpng16 -I/usr/include/harfbuzz -I/usr/include/glib-2.0 -I/usr/lib64/glib-2.0/include -I/usr/include/freetype2 -I/usr/include/fribidi   -I'/home/u12/darrenc/R/test/cpp11/include' -I'/home/u12/darrenc/R/test/systemfonts/include' -I/usr/local/include   -fpic  -g -O2  -c string_metrics.cpp -o string_metrics.o
g++ -std=gnu++14 -I"/opt/ohpc/pub/apps/R/4.2.2/lib64/R/include" -DNDEBUG -DNDEBUG -I/opt/ohpc/pub/apps/libpng/1.6.37/include/libpng16 -I/usr/include/harfbuzz -I/usr/include/glib-2.0 -I/usr/lib64/glib-2.0/include -I/usr/include/freetype2 -I/usr/include/fribidi   -I'/home/u12/darrenc/R/test/cpp11/include' -I'/home/u12/darrenc/R/test/systemfonts/include' -I/usr/local/include   -fpic  -g -O2  -c string_shape.cpp -o string_shape.o
g++ -std=gnu++14 -shared -L/usr/local/lib64 -o textshaping.so cpp11.o face_feature.o hb_shaper.o init.o string_bidi.o string_metrics.o string_shape.o -lharfbuzz -lfreetype -lfribidi
installing to /home/u12/darrenc/R/test/00LOCK-textshaping/00new/textshaping/libs
** R
** inst
** byte-compile and prepare package for lazy loading
** help
*** installing help indices
*** copying figures
** building package indices
** installing vignettes
** testing if installed package can be loaded from temporary location
** checking absolute paths in shared objects and dynamic libraries
** testing if installed package can be loaded from final location
** testing if installed package keeps a record of temporary installation path
* DONE (textshaping)
Downloading package from url: http://cran.us.r-project.org/src/contrib/Archive/ragg/ragg_1.4.0.tar.gz
Installing package into ‘/home/u12/darrenc/R/test’
(as ‘lib’ is unspecified)
* installing *source* package ‘ragg’ ...
** package ‘ragg’ successfully unpacked and MD5 sums checked
** using staged installation
Found pkg-config cflags and libs!
Using PKG_CFLAGS=-I/opt/ohpc/pub/apps/libpng/1.6.37/include/libpng16 -I/usr/include/freetype2  
Using PKG_LIBS=-L/opt/ohpc/pub/apps/libpng/1.6.37/lib -lfreetype -lpng16 -lz -ltiff -ljpeg  
** libs
g++ -std=gnu++14 -I"/opt/ohpc/pub/apps/R/4.2.2/lib64/R/include" -DNDEBUG -I./agg/include -I/opt/ohpc/pub/apps/libpng/1.6.37/include/libpng16 -I/usr/include/freetype2   -I'/home/u12/darrenc/R/test/systemfonts/include' -I'/home/u12/darrenc/R/test/textshaping/include' -I/usr/local/include   -fpic  -g -O2  -c capture_dev.cpp -o capture_dev.o
g++ -std=gnu++14 -I"/opt/ohpc/pub/apps/R/4.2.2/lib64/R/include" -DNDEBUG -I./agg/include -I/opt/ohpc/pub/apps/libpng/1.6.37/include/libpng16 -I/usr/include/freetype2   -I'/home/u12/darrenc/R/test/systemfonts/include' -I'/home/u12/darrenc/R/test/textshaping/include' -I/usr/local/include   -fpic  -g -O2  -c init.cpp -o init.o
g++ -std=gnu++14 -I"/opt/ohpc/pub/apps/R/4.2.2/lib64/R/include" -DNDEBUG -I./agg/include -I/opt/ohpc/pub/apps/libpng/1.6.37/include/libpng16 -I/usr/include/freetype2   -I'/home/u12/darrenc/R/test/systemfonts/include' -I'/home/u12/darrenc/R/test/textshaping/include' -I/usr/local/include   -fpic  -g -O2  -c jpeg_dev.cpp -o jpeg_dev.o
g++ -std=gnu++14 -I"/opt/ohpc/pub/apps/R/4.2.2/lib64/R/include" -DNDEBUG -I./agg/include -I/opt/ohpc/pub/apps/libpng/1.6.37/include/libpng16 -I/usr/include/freetype2   -I'/home/u12/darrenc/R/test/systemfonts/include' -I'/home/u12/darrenc/R/test/textshaping/include' -I/usr/local/include   -fpic  -g -O2  -c png_dev.cpp -o png_dev.o
g++ -std=gnu++14 -I"/opt/ohpc/pub/apps/R/4.2.2/lib64/R/include" -DNDEBUG -I./agg/include -I/opt/ohpc/pub/apps/libpng/1.6.37/include/libpng16 -I/usr/include/freetype2   -I'/home/u12/darrenc/R/test/systemfonts/include' -I'/home/u12/darrenc/R/test/textshaping/include' -I/usr/local/include   -fpic  -g -O2  -c ppm_dev.cpp -o ppm_dev.o
g++ -std=gnu++14 -I"/opt/ohpc/pub/apps/R/4.2.2/lib64/R/include" -DNDEBUG -I./agg/include -I/opt/ohpc/pub/apps/libpng/1.6.37/include/libpng16 -I/usr/include/freetype2   -I'/home/u12/darrenc/R/test/systemfonts/include' -I'/home/u12/darrenc/R/test/textshaping/include' -I/usr/local/include   -fpic  -g -O2  -c record_dev.cpp -o record_dev.o
g++ -std=gnu++14 -I"/opt/ohpc/pub/apps/R/4.2.2/lib64/R/include" -DNDEBUG -I./agg/include -I/opt/ohpc/pub/apps/libpng/1.6.37/include/libpng16 -I/usr/include/freetype2   -I'/home/u12/darrenc/R/test/systemfonts/include' -I'/home/u12/darrenc/R/test/textshaping/include' -I/usr/local/include   -fpic  -g -O2  -c tiff_dev.cpp -o tiff_dev.o
g++ -std=gnu++14 -I"/opt/ohpc/pub/apps/R/4.2.2/lib64/R/include" -DNDEBUG -I./agg/include -I/opt/ohpc/pub/apps/libpng/1.6.37/include/libpng16 -I/usr/include/freetype2   -I'/home/u12/darrenc/R/test/systemfonts/include' -I'/home/u12/darrenc/R/test/textshaping/include' -I/usr/local/include   -fpic  -g -O2  -c agg/src/agg_curves.cpp -o agg/src/agg_curves.o
g++ -std=gnu++14 -I"/opt/ohpc/pub/apps/R/4.2.2/lib64/R/include" -DNDEBUG -I./agg/include -I/opt/ohpc/pub/apps/libpng/1.6.37/include/libpng16 -I/usr/include/freetype2   -I'/home/u12/darrenc/R/test/systemfonts/include' -I'/home/u12/darrenc/R/test/textshaping/include' -I/usr/local/include   -fpic  -g -O2  -c agg/src/agg_font_freetype.cpp -o agg/src/agg_font_freetype.o
g++ -std=gnu++14 -I"/opt/ohpc/pub/apps/R/4.2.2/lib64/R/include" -DNDEBUG -I./agg/include -I/opt/ohpc/pub/apps/libpng/1.6.37/include/libpng16 -I/usr/include/freetype2   -I'/home/u12/darrenc/R/test/systemfonts/include' -I'/home/u12/darrenc/R/test/textshaping/include' -I/usr/local/include   -fpic  -g -O2  -c agg/src/agg_image_filters.cpp -o agg/src/agg_image_filters.o
g++ -std=gnu++14 -I"/opt/ohpc/pub/apps/R/4.2.2/lib64/R/include" -DNDEBUG -I./agg/include -I/opt/ohpc/pub/apps/libpng/1.6.37/include/libpng16 -I/usr/include/freetype2   -I'/home/u12/darrenc/R/test/systemfonts/include' -I'/home/u12/darrenc/R/test/textshaping/include' -I/usr/local/include   -fpic  -g -O2  -c agg/src/agg_trans_affine.cpp -o agg/src/agg_trans_affine.o
g++ -std=gnu++14 -I"/opt/ohpc/pub/apps/R/4.2.2/lib64/R/include" -DNDEBUG -I./agg/include -I/opt/ohpc/pub/apps/libpng/1.6.37/include/libpng16 -I/usr/include/freetype2   -I'/home/u12/darrenc/R/test/systemfonts/include' -I'/home/u12/darrenc/R/test/textshaping/include' -I/usr/local/include   -fpic  -g -O2  -c agg/src/agg_vcgen_dash.cpp -o agg/src/agg_vcgen_dash.o
g++ -std=gnu++14 -I"/opt/ohpc/pub/apps/R/4.2.2/lib64/R/include" -DNDEBUG -I./agg/include -I/opt/ohpc/pub/apps/libpng/1.6.37/include/libpng16 -I/usr/include/freetype2   -I'/home/u12/darrenc/R/test/systemfonts/include' -I'/home/u12/darrenc/R/test/textshaping/include' -I/usr/local/include   -fpic  -g -O2  -c agg/src/agg_vcgen_stroke.cpp -o agg/src/agg_vcgen_stroke.o
ar rcs agg/libstatagg.a agg/src/agg_curves.o agg/src/agg_font_freetype.o agg/src/agg_image_filters.o agg/src/agg_trans_affine.o agg/src/agg_vcgen_dash.o agg/src/agg_vcgen_stroke.o
g++ -std=gnu++14 -shared -L/usr/local/lib64 -o ragg.so capture_dev.o init.o jpeg_dev.o png_dev.o ppm_dev.o record_dev.o tiff_dev.o -Lagg -lstatagg -L/opt/ohpc/pub/apps/libpng/1.6.37/lib -lfreetype -lpng16 -lz -ltiff -ljpeg
installing to /home/u12/darrenc/R/test/00LOCK-ragg/00new/ragg/libs
** R
** byte-compile and prepare package for lazy loading
** help
*** installing help indices
*** copying figures
** building package indices
** testing if installed package can be loaded from temporary location
** checking absolute paths in shared objects and dynamic libraries
** testing if installed package can be loaded from final location
** testing if installed package keeps a record of temporary installation path
* DONE (ragg)
Installing packages into ‘/home/u12/darrenc/R/test’
(as ‘lib’ is unspecified)
trying URL 'http://cran.us.r-project.org/src/contrib/harmony_1.2.4.tar.gz'
Content type 'application/x-gzip' length 5029275 bytes (4.8 MB)
==================================================
downloaded 4.8 MB

trying URL 'http://cran.us.r-project.org/src/contrib/tidyverse_2.0.0.tar.gz'
Content type 'application/x-gzip' length 704618 bytes (688 KB)
==================================================
downloaded 688 KB

trying URL 'http://cran.us.r-project.org/src/contrib/viridis_0.6.5.tar.gz'
Content type 'application/x-gzip' length 3047363 bytes (2.9 MB)
==================================================
downloaded 2.9 MB

trying URL 'http://cran.us.r-project.org/src/contrib/pheatmap_1.0.13.tar.gz'
Content type 'application/x-gzip' length 15162 bytes (14 KB)
==================================================
downloaded 14 KB

* installing *source* package ‘harmony’ ...
** package ‘harmony’ successfully unpacked and MD5 sums checked
** using staged installation
** libs
g++ -std=gnu++14 -I"/opt/ohpc/pub/apps/R/4.2.2/lib64/R/include" -DNDEBUG  -I'/home/u12/darrenc/R/test/Rcpp/include' -I'/home/u12/darrenc/R/test/RcppArmadillo/include' -I'/home/u12/darrenc/R/test/RcppProgress/include' -I/usr/local/include  -DARMA_USE_CURRENT -fpic  -g -O2  -c RcppExports.cpp -o RcppExports.o
g++ -std=gnu++14 -I"/opt/ohpc/pub/apps/R/4.2.2/lib64/R/include" -DNDEBUG  -I'/home/u12/darrenc/R/test/Rcpp/include' -I'/home/u12/darrenc/R/test/RcppArmadillo/include' -I'/home/u12/darrenc/R/test/RcppProgress/include' -I/usr/local/include  -DARMA_USE_CURRENT -fpic  -g -O2  -c harmony.cpp -o harmony.o
g++ -std=gnu++14 -I"/opt/ohpc/pub/apps/R/4.2.2/lib64/R/include" -DNDEBUG  -I'/home/u12/darrenc/R/test/Rcpp/include' -I'/home/u12/darrenc/R/test/RcppArmadillo/include' -I'/home/u12/darrenc/R/test/RcppProgress/include' -I/usr/local/include  -DARMA_USE_CURRENT -fpic  -g -O2  -c utils.cpp -o utils.o
g++ -std=gnu++14 -shared -L/usr/local/lib64 -o harmony.so RcppExports.o harmony.o utils.o -L/opt/ohpc/pub/apps/R/4.2.2/lib64/R/lib -lRlapack -L/opt/ohpc/pub/apps/R/4.2.2/lib64/R/lib -lRblas -lgfortran -lm -lquadmath
installing to /home/u12/darrenc/R/test/00LOCK-harmony/00new/harmony/libs
** R
** data
*** moving datasets to lazyload DB
** inst
** byte-compile and prepare package for lazy loading
** help
*** installing help indices
*** copying figures
** building package indices
** installing vignettes
** testing if installed package can be loaded from temporary location
** checking absolute paths in shared objects and dynamic libraries
** testing if installed package can be loaded from final location
** testing if installed package keeps a record of temporary installation path
* DONE (harmony)
* installing *source* package ‘tidyverse’ ...
** package ‘tidyverse’ successfully unpacked and MD5 sums checked
** using staged installation
** R
** inst
** byte-compile and prepare package for lazy loading
** help
*** installing help indices
*** copying figures
** building package indices
** installing vignettes
** testing if installed package can be loaded from temporary location
** testing if installed package can be loaded from final location
** testing if installed package keeps a record of temporary installation path
* DONE (tidyverse)
* installing *source* package ‘viridis’ ...
** package ‘viridis’ successfully unpacked and MD5 sums checked
** using staged installation
** R
** data
*** moving datasets to lazyload DB
** inst
** byte-compile and prepare package for lazy loading
** help
*** installing help indices
*** copying figures
** building package indices
** installing vignettes
** testing if installed package can be loaded from temporary location
** testing if installed package can be loaded from final location
** testing if installed package keeps a record of temporary installation path
* DONE (viridis)
* installing *source* package ‘pheatmap’ ...
** package ‘pheatmap’ successfully unpacked and MD5 sums checked
** using staged installation
** R
** byte-compile and prepare package for lazy loading
** help
*** installing help indices
** building package indices
** testing if installed package can be loaded from temporary location
** testing if installed package can be loaded from final location
** testing if installed package keeps a record of temporary installation path
* DONE (pheatmap)

The downloaded source packages are in
	‘/tmp/RtmpoxBJTU/downloaded_packages’
Using github PAT from envvar GITHUB_PAT. Use `gitcreds::gitcreds_set()` and unset GITHUB_PAT in .Renviron (or elsewhere) if you want to use the more secure git credential store instead.
Skipping install of 'SingleR' from a github remote, the SHA1 (edbe7175) has not changed since last install.
  Use `force = TRUE` to force installation
Downloading package from url: http://cran.us.r-project.org/src/contrib/Archive/matrixStats/matrixStats_1.0.0.tar.gz
Installing package into ‘/home/u12/darrenc/R/test’
(as ‘lib’ is unspecified)
* installing *source* package ‘matrixStats’ ...
** package ‘matrixStats’ successfully unpacked and MD5 sums checked
** using staged installation
** libs
gcc -I"/opt/ohpc/pub/apps/R/4.2.2/lib64/R/include" -DNDEBUG   -I/usr/local/include   -fpic  -g -O2  -c 000.init.c -o 000.init.o
gcc -I"/opt/ohpc/pub/apps/R/4.2.2/lib64/R/include" -DNDEBUG   -I/usr/local/include   -fpic  -g -O2  -c allocMatrix2.c -o allocMatrix2.o
gcc -I"/opt/ohpc/pub/apps/R/4.2.2/lib64/R/include" -DNDEBUG   -I/usr/local/include   -fpic  -g -O2  -c anyMissing.c -o anyMissing.o
gcc -I"/opt/ohpc/pub/apps/R/4.2.2/lib64/R/include" -DNDEBUG   -I/usr/local/include   -fpic  -g -O2  -c binCounts.c -o binCounts.o
gcc -I"/opt/ohpc/pub/apps/R/4.2.2/lib64/R/include" -DNDEBUG   -I/usr/local/include   -fpic  -g -O2  -c binMeans.c -o binMeans.o
gcc -I"/opt/ohpc/pub/apps/R/4.2.2/lib64/R/include" -DNDEBUG   -I/usr/local/include   -fpic  -g -O2  -c colCounts.c -o colCounts.o
gcc -I"/opt/ohpc/pub/apps/R/4.2.2/lib64/R/include" -DNDEBUG   -I/usr/local/include   -fpic  -g -O2  -c colOrderStats.c -o colOrderStats.o
gcc -I"/opt/ohpc/pub/apps/R/4.2.2/lib64/R/include" -DNDEBUG   -I/usr/local/include   -fpic  -g -O2  -c colRanges.c -o colRanges.o
gcc -I"/opt/ohpc/pub/apps/R/4.2.2/lib64/R/include" -DNDEBUG   -I/usr/local/include   -fpic  -g -O2  -c diff2.c -o diff2.o
gcc -I"/opt/ohpc/pub/apps/R/4.2.2/lib64/R/include" -DNDEBUG   -I/usr/local/include   -fpic  -g -O2  -c indexByRow.c -o indexByRow.o
gcc -I"/opt/ohpc/pub/apps/R/4.2.2/lib64/R/include" -DNDEBUG   -I/usr/local/include   -fpic  -g -O2  -c logSumExp.c -o logSumExp.o
gcc -I"/opt/ohpc/pub/apps/R/4.2.2/lib64/R/include" -DNDEBUG   -I/usr/local/include   -fpic  -g -O2  -c mean2.c -o mean2.o
gcc -I"/opt/ohpc/pub/apps/R/4.2.2/lib64/R/include" -DNDEBUG   -I/usr/local/include   -fpic  -g -O2  -c naming.c -o naming.o
gcc -I"/opt/ohpc/pub/apps/R/4.2.2/lib64/R/include" -DNDEBUG   -I/usr/local/include   -fpic  -g -O2  -c productExpSumLog.c -o productExpSumLog.o
gcc -I"/opt/ohpc/pub/apps/R/4.2.2/lib64/R/include" -DNDEBUG   -I/usr/local/include   -fpic  -g -O2  -c psortKM.c -o psortKM.o
gcc -I"/opt/ohpc/pub/apps/R/4.2.2/lib64/R/include" -DNDEBUG   -I/usr/local/include   -fpic  -g -O2  -c rowCounts.c -o rowCounts.o
gcc -I"/opt/ohpc/pub/apps/R/4.2.2/lib64/R/include" -DNDEBUG   -I/usr/local/include   -fpic  -g -O2  -c rowCummaxs.c -o rowCummaxs.o
gcc -I"/opt/ohpc/pub/apps/R/4.2.2/lib64/R/include" -DNDEBUG   -I/usr/local/include   -fpic  -g -O2  -c rowCummins.c -o rowCummins.o
gcc -I"/opt/ohpc/pub/apps/R/4.2.2/lib64/R/include" -DNDEBUG   -I/usr/local/include   -fpic  -g -O2  -c rowCumprods.c -o rowCumprods.o
gcc -I"/opt/ohpc/pub/apps/R/4.2.2/lib64/R/include" -DNDEBUG   -I/usr/local/include   -fpic  -g -O2  -c rowCumsums.c -o rowCumsums.o
gcc -I"/opt/ohpc/pub/apps/R/4.2.2/lib64/R/include" -DNDEBUG   -I/usr/local/include   -fpic  -g -O2  -c rowDiffs.c -o rowDiffs.o
gcc -I"/opt/ohpc/pub/apps/R/4.2.2/lib64/R/include" -DNDEBUG   -I/usr/local/include   -fpic  -g -O2  -c rowLogSumExp.c -o rowLogSumExp.o
gcc -I"/opt/ohpc/pub/apps/R/4.2.2/lib64/R/include" -DNDEBUG   -I/usr/local/include   -fpic  -g -O2  -c rowMads.c -o rowMads.o
gcc -I"/opt/ohpc/pub/apps/R/4.2.2/lib64/R/include" -DNDEBUG   -I/usr/local/include   -fpic  -g -O2  -c rowMeans2.c -o rowMeans2.o
gcc -I"/opt/ohpc/pub/apps/R/4.2.2/lib64/R/include" -DNDEBUG   -I/usr/local/include   -fpic  -g -O2  -c rowMedians.c -o rowMedians.o
gcc -I"/opt/ohpc/pub/apps/R/4.2.2/lib64/R/include" -DNDEBUG   -I/usr/local/include   -fpic  -g -O2  -c rowOrderStats.c -o rowOrderStats.o
gcc -I"/opt/ohpc/pub/apps/R/4.2.2/lib64/R/include" -DNDEBUG   -I/usr/local/include   -fpic  -g -O2  -c rowRanges.c -o rowRanges.o
gcc -I"/opt/ohpc/pub/apps/R/4.2.2/lib64/R/include" -DNDEBUG   -I/usr/local/include   -fpic  -g -O2  -c rowRanksWithTies.c -o rowRanksWithTies.o
gcc -I"/opt/ohpc/pub/apps/R/4.2.2/lib64/R/include" -DNDEBUG   -I/usr/local/include   -fpic  -g -O2  -c rowSums2.c -o rowSums2.o
gcc -I"/opt/ohpc/pub/apps/R/4.2.2/lib64/R/include" -DNDEBUG   -I/usr/local/include   -fpic  -g -O2  -c rowVars.c -o rowVars.o
gcc -I"/opt/ohpc/pub/apps/R/4.2.2/lib64/R/include" -DNDEBUG   -I/usr/local/include   -fpic  -g -O2  -c signTabulate.c -o signTabulate.o
gcc -I"/opt/ohpc/pub/apps/R/4.2.2/lib64/R/include" -DNDEBUG   -I/usr/local/include   -fpic  -g -O2  -c sum2.c -o sum2.o
gcc -I"/opt/ohpc/pub/apps/R/4.2.2/lib64/R/include" -DNDEBUG   -I/usr/local/include   -fpic  -g -O2  -c validateIndices.c -o validateIndices.o
gcc -I"/opt/ohpc/pub/apps/R/4.2.2/lib64/R/include" -DNDEBUG   -I/usr/local/include   -fpic  -g -O2  -c weightedMean.c -o weightedMean.o
gcc -I"/opt/ohpc/pub/apps/R/4.2.2/lib64/R/include" -DNDEBUG   -I/usr/local/include   -fpic  -g -O2  -c weightedMedian.c -o weightedMedian.o
gcc -I"/opt/ohpc/pub/apps/R/4.2.2/lib64/R/include" -DNDEBUG   -I/usr/local/include   -fpic  -g -O2  -c x_OP_y.c -o x_OP_y.o
gcc -shared -L/usr/local/lib64 -o matrixStats.so 000.init.o allocMatrix2.o anyMissing.o binCounts.o binMeans.o colCounts.o colOrderStats.o colRanges.o diff2.o indexByRow.o logSumExp.o mean2.o naming.o productExpSumLog.o psortKM.o rowCounts.o rowCummaxs.o rowCummins.o rowCumprods.o rowCumsums.o rowDiffs.o rowLogSumExp.o rowMads.o rowMeans2.o rowMedians.o rowOrderStats.o rowRanges.o rowRanksWithTies.o rowSums2.o rowVars.o signTabulate.o sum2.o validateIndices.o weightedMean.o weightedMedian.o x_OP_y.o
installing to /home/u12/darrenc/R/test/00LOCK-matrixStats/00new/matrixStats/libs
** R
** inst
** byte-compile and prepare package for lazy loading
** help
*** installing help indices
** building package indices
** installing vignettes
** testing if installed package can be loaded from temporary location
** checking absolute paths in shared objects and dynamic libraries
** testing if installed package can be loaded from final location
** testing if installed package keeps a record of temporary installation path
* DONE (matrixStats)
Using github PAT from envvar GITHUB_PAT. Use `gitcreds::gitcreds_set()` and unset GITHUB_PAT in .Renviron (or elsewhere) if you want to use the more secure git credential store instead.
Skipping install of 'SeuratData' from a github remote, the SHA1 (3e51f443) has not changed since last install.
  Use `force = TRUE` to force installation
Installing package into ‘/home/u12/darrenc/R/test’
(as ‘lib’ is unspecified)
trying URL 'https://cloud.r-project.org/src/contrib/BiocManager_1.30.26.tar.gz'
Content type 'application/x-gzip' length 594489 bytes (580 KB)
==================================================
downloaded 580 KB

* installing *source* package ‘BiocManager’ ...
** package ‘BiocManager’ successfully unpacked and MD5 sums checked
** using staged installation
** R
** inst
** byte-compile and prepare package for lazy loading
** help
*** installing help indices
** building package indices
** installing vignettes
** testing if installed package can be loaded from temporary location
** testing if installed package can be loaded from final location
** testing if installed package keeps a record of temporary installation path
* DONE (BiocManager)

The downloaded source packages are in
	‘/tmp/RtmpoxBJTU/downloaded_packages’
Bioconductor version 3.16 (BiocManager 1.30.26), R 4.2.2 (2022-10-31)
Warning message:
package(s) not installed when version(s) same as or greater than current; use
  `force = TRUE` to re-install: 'scRNAseq' 'celldex' 'scran' 
Downloading package from url: https://cloud.r-project.org/src/contrib/Archive/dbplyr/dbplyr_2.3.4.tar.gz
Installing package into ‘/home/u12/darrenc/R/test’
(as ‘lib’ is unspecified)
* installing *source* package ‘dbplyr’ ...
** package ‘dbplyr’ successfully unpacked and MD5 sums checked
** using staged installation
** R
** inst
** byte-compile and prepare package for lazy loading
** help
*** installing help indices
*** copying figures
** building package indices
** installing vignettes
** testing if installed package can be loaded from temporary location
** testing if installed package can be loaded from final location
** testing if installed package keeps a record of temporary installation path
* DONE (dbplyr)
Downloading package from url: http://cran.us.r-project.org/src/contrib/Archive/Cairo/Cairo_1.6-2.tar.gz
Installing package into ‘/home/u12/darrenc/R/test’
(as ‘lib’ is unspecified)
* installing *source* package ‘Cairo’ ...
** package ‘Cairo’ successfully unpacked and MD5 sums checked
** using staged installation
checking for gcc... gcc
checking whether the C compiler works... yes
checking for C compiler default output file name... a.out
checking for suffix of executables... 
checking whether we are cross compiling... no
checking for suffix of object files... o
checking whether the compiler supports GNU C... yes
checking whether gcc accepts -g... yes
checking for gcc option to enable C11 features... none needed
checking for sys/wait.h that is POSIX.1 compatible... yes
checking for stdio.h... yes
checking for stdlib.h... yes
checking for string.h... yes
checking for inttypes.h... yes
checking for stdint.h... yes
checking for strings.h... yes
checking for sys/stat.h... yes
checking for sys/types.h... yes
checking for unistd.h... yes
checking for string.h... (cached) yes
checking for sys/time.h... yes
checking for unistd.h... (cached) yes
checking for an ANSI C-conforming const... yes
checking for pkg-config... /bin/pkg-config
checking whether pkg-config knows about cairo... yes
checking for configurable backends... cairo cairo-ft cairo-pdf cairo-png cairo-ps cairo-xlib cairo-xlib-xrender
checking whether --static is needed... no
configure: CAIRO_CFLAGS=-I/opt/ohpc/pub/apps/libpng/1.6.37/include/libpng16 -I/usr/include/cairo -I/usr/include/glib-2.0 -I/usr/lib64/glib-2.0/include -I/usr/include/pixman-1 -I/usr/include/freetype2 -I/usr/include/uuid -I/usr/include/libdrm  
checking if R was compiled with the RConn patch... no
checking for cairo.h... yes
checking for PNG support in Cairo... yes
checking for ATS font support in Cairo... no
configure: CAIRO_LIBS=-L/opt/ohpc/pub/apps/libpng/1.6.37/lib -lfreetype -lpng16 -lz -lXrender -lcairo -lXext -lX11  
checking for library containing deflate... none required
checking whether Cairo programs can be compiled... yes
checking for gcc options needed to detect all undeclared functions... none needed
checking whether cairo_image_surface_get_format is declared... no
checking whether FreeType support is desired... auto
checking for FreeType support in cairo... yes
checking whether FreeType needs additional flags... no
checking whether libjpeg works... yes
checking whether Harfbuzz layout is desired... auto
checking whether Harfbuzz + ICU works... yes
checking whether libtiff works... yes
configure: creating ./config.status
config.status: creating src/Makevars
config.status: creating src/cconfig.h
** libs
gcc -I"/opt/ohpc/pub/apps/R/4.2.2/lib64/R/include" -DNDEBUG -I/opt/ohpc/pub/apps/libpng/1.6.37/include/libpng16 -I/usr/include/cairo -I/usr/include/glib-2.0 -I/usr/lib64/glib-2.0/include -I/usr/include/pixman-1 -I/usr/include/freetype2 -I/usr/include/uuid -I/usr/include/libdrm   -I/usr/include/harfbuzz -I/usr/include/glib-2.0 -I/usr/lib64/glib-2.0/include    -I. -Iinclude  -I/usr/local/include  -g -O2 -fpic  -g -O2  -c cairobem.c -o cairobem.o
gcc -I"/opt/ohpc/pub/apps/R/4.2.2/lib64/R/include" -DNDEBUG -I/opt/ohpc/pub/apps/libpng/1.6.37/include/libpng16 -I/usr/include/cairo -I/usr/include/glib-2.0 -I/usr/lib64/glib-2.0/include -I/usr/include/pixman-1 -I/usr/include/freetype2 -I/usr/include/uuid -I/usr/include/libdrm   -I/usr/include/harfbuzz -I/usr/include/glib-2.0 -I/usr/lib64/glib-2.0/include    -I. -Iinclude  -I/usr/local/include  -g -O2 -fpic  -g -O2  -c cairogd.c -o cairogd.o
gcc -I"/opt/ohpc/pub/apps/R/4.2.2/lib64/R/include" -DNDEBUG -I/opt/ohpc/pub/apps/libpng/1.6.37/include/libpng16 -I/usr/include/cairo -I/usr/include/glib-2.0 -I/usr/lib64/glib-2.0/include -I/usr/include/pixman-1 -I/usr/include/freetype2 -I/usr/include/uuid -I/usr/include/libdrm   -I/usr/include/harfbuzz -I/usr/include/glib-2.0 -I/usr/lib64/glib-2.0/include    -I. -Iinclude  -I/usr/local/include  -g -O2 -fpic  -g -O2  -c cairotalk.c -o cairotalk.o
gcc -I"/opt/ohpc/pub/apps/R/4.2.2/lib64/R/include" -DNDEBUG -I/opt/ohpc/pub/apps/libpng/1.6.37/include/libpng16 -I/usr/include/cairo -I/usr/include/glib-2.0 -I/usr/lib64/glib-2.0/include -I/usr/include/pixman-1 -I/usr/include/freetype2 -I/usr/include/uuid -I/usr/include/libdrm   -I/usr/include/harfbuzz -I/usr/include/glib-2.0 -I/usr/lib64/glib-2.0/include    -I. -Iinclude  -I/usr/local/include  -g -O2 -fpic  -g -O2  -c img-backend.c -o img-backend.o
gcc -I"/opt/ohpc/pub/apps/R/4.2.2/lib64/R/include" -DNDEBUG -I/opt/ohpc/pub/apps/libpng/1.6.37/include/libpng16 -I/usr/include/cairo -I/usr/include/glib-2.0 -I/usr/lib64/glib-2.0/include -I/usr/include/pixman-1 -I/usr/include/freetype2 -I/usr/include/uuid -I/usr/include/libdrm   -I/usr/include/harfbuzz -I/usr/include/glib-2.0 -I/usr/lib64/glib-2.0/include    -I. -Iinclude  -I/usr/local/include  -g -O2 -fpic  -g -O2  -c img-jpeg.c -o img-jpeg.o
gcc -I"/opt/ohpc/pub/apps/R/4.2.2/lib64/R/include" -DNDEBUG -I/opt/ohpc/pub/apps/libpng/1.6.37/include/libpng16 -I/usr/include/cairo -I/usr/include/glib-2.0 -I/usr/lib64/glib-2.0/include -I/usr/include/pixman-1 -I/usr/include/freetype2 -I/usr/include/uuid -I/usr/include/libdrm   -I/usr/include/harfbuzz -I/usr/include/glib-2.0 -I/usr/lib64/glib-2.0/include    -I. -Iinclude  -I/usr/local/include  -g -O2 -fpic  -g -O2  -c img-tiff.c -o img-tiff.o
gcc -I"/opt/ohpc/pub/apps/R/4.2.2/lib64/R/include" -DNDEBUG -I/opt/ohpc/pub/apps/libpng/1.6.37/include/libpng16 -I/usr/include/cairo -I/usr/include/glib-2.0 -I/usr/lib64/glib-2.0/include -I/usr/include/pixman-1 -I/usr/include/freetype2 -I/usr/include/uuid -I/usr/include/libdrm   -I/usr/include/harfbuzz -I/usr/include/glib-2.0 -I/usr/lib64/glib-2.0/include    -I. -Iinclude  -I/usr/local/include  -g -O2 -fpic  -g -O2  -c pdf-backend.c -o pdf-backend.o
gcc -I"/opt/ohpc/pub/apps/R/4.2.2/lib64/R/include" -DNDEBUG -I/opt/ohpc/pub/apps/libpng/1.6.37/include/libpng16 -I/usr/include/cairo -I/usr/include/glib-2.0 -I/usr/lib64/glib-2.0/include -I/usr/include/pixman-1 -I/usr/include/freetype2 -I/usr/include/uuid -I/usr/include/libdrm   -I/usr/include/harfbuzz -I/usr/include/glib-2.0 -I/usr/lib64/glib-2.0/include    -I. -Iinclude  -I/usr/local/include  -g -O2 -fpic  -g -O2  -c ps-backend.c -o ps-backend.o
gcc -I"/opt/ohpc/pub/apps/R/4.2.2/lib64/R/include" -DNDEBUG -I/opt/ohpc/pub/apps/libpng/1.6.37/include/libpng16 -I/usr/include/cairo -I/usr/include/glib-2.0 -I/usr/lib64/glib-2.0/include -I/usr/include/pixman-1 -I/usr/include/freetype2 -I/usr/include/uuid -I/usr/include/libdrm   -I/usr/include/harfbuzz -I/usr/include/glib-2.0 -I/usr/lib64/glib-2.0/include    -I. -Iinclude  -I/usr/local/include  -g -O2 -fpic  -g -O2  -c svg-backend.c -o svg-backend.o
gcc -I"/opt/ohpc/pub/apps/R/4.2.2/lib64/R/include" -DNDEBUG -I/opt/ohpc/pub/apps/libpng/1.6.37/include/libpng16 -I/usr/include/cairo -I/usr/include/glib-2.0 -I/usr/lib64/glib-2.0/include -I/usr/include/pixman-1 -I/usr/include/freetype2 -I/usr/include/uuid -I/usr/include/libdrm   -I/usr/include/harfbuzz -I/usr/include/glib-2.0 -I/usr/lib64/glib-2.0/include    -I. -Iinclude  -I/usr/local/include  -g -O2 -fpic  -g -O2  -c w32-backend.c -o w32-backend.o
gcc -I"/opt/ohpc/pub/apps/R/4.2.2/lib64/R/include" -DNDEBUG -I/opt/ohpc/pub/apps/libpng/1.6.37/include/libpng16 -I/usr/include/cairo -I/usr/include/glib-2.0 -I/usr/lib64/glib-2.0/include -I/usr/include/pixman-1 -I/usr/include/freetype2 -I/usr/include/uuid -I/usr/include/libdrm   -I/usr/include/harfbuzz -I/usr/include/glib-2.0 -I/usr/lib64/glib-2.0/include    -I. -Iinclude  -I/usr/local/include  -g -O2 -fpic  -g -O2  -c xlib-backend.c -o xlib-backend.o
gcc -shared -L/usr/local/lib64 -o Cairo.so cairobem.o cairogd.o cairotalk.o img-backend.o img-jpeg.o img-tiff.o pdf-backend.o ps-backend.o svg-backend.o w32-backend.o xlib-backend.o -L/usr/local/lib64 -L/opt/ohpc/pub/apps/libpng/1.6.37/lib -lfreetype -lpng16 -lz -lXrender -lcairo -lXext -lX11 -ljpeg -lharfbuzz-icu -lharfbuzz -licuuc -licudata -lstdc++ -ltiff
installing to /home/u12/darrenc/R/test/00LOCK-Cairo/00new/Cairo/libs
** R
** byte-compile and prepare package for lazy loading
** help
*** installing help indices
** building package indices
** testing if installed package can be loaded from temporary location
** checking absolute paths in shared objects and dynamic libraries
** testing if installed package can be loaded from final location
** testing if installed package keeps a record of temporary installation path
* DONE (Cairo)
Bioconductor version 3.16 (BiocManager 1.30.26), R 4.2.2 (2022-10-31)
Installing package(s) 'terra'
trying URL 'https://cloud.r-project.org/src/contrib/terra_1.8-80.tar.gz'
Content type 'application/x-gzip' length 1055312 bytes (1.0 MB)
==================================================
downloaded 1.0 MB

* installing *source* package ‘terra’ ...
** package ‘terra’ successfully unpacked and MD5 sums checked
** using staged installation
configure: CC: gcc
configure: CXX: g++ -std=gnu++14
checking for gdal-config... /opt/ohpc/pub/apps/gdal/3.3.2/bin/gdal-config
checking gdal-config usability... yes
configure: GDAL: 3.3.2
checking GDAL version >= 2.0.1... yes
checking for gcc... gcc
checking whether the C compiler works... yes
checking for C compiler default output file name... a.out
checking for suffix of executables... 
checking whether we are cross compiling... no
checking for suffix of object files... o
checking whether the compiler supports GNU C... yes
checking whether gcc accepts -g... yes
checking for gcc option to enable C11 features... none needed
checking for stdio.h... yes
checking for stdlib.h... yes
checking for string.h... yes
checking for inttypes.h... yes
checking for stdint.h... yes
checking for strings.h... yes
checking for sys/stat.h... yes
checking for sys/types.h... yes
checking for unistd.h... yes
checking for gdal.h... yes
checking GDAL: linking with --libs only... yes
checking GDAL: /opt/ohpc/pub/apps/gdal/3.3.2/share/gdal/pcs.csv readable... no
checking GDAL: checking whether PROJ is available for linking:... yes
checking GDAL: checking whether PROJ is available for running:... yes
configure: GDAL: 3.3.2
configure: pkg-config proj exists, will use it
configure: using proj.h.
configure: PROJ: 7.2.1
checking PROJ: checking whether PROJ and sqlite3 are available for linking:... yes
checking for geos-config... /opt/ohpc/pub/apps/geos/3.9.1/bin/geos-config
checking geos-config usability... yes
configure: GEOS: 3.9.1
checking GEOS version >= 3.4.0... yes
checking for geos_c.h... yes
checking geos: linking with -L/opt/ohpc/pub/apps/geos/3.9.1/lib -lgeos_c... yes
checking Intel TBB exists:... no
configure: WARNING: to support parallel processing install TBB devel or update the PKG_CONFIG_PATH environment variable
configure: Package CPP flags:  -I/opt/ohpc/pub/apps/proj/7.2.1/include   -DHAVE_PROJ_H -I/opt/ohpc/pub/apps/gdal/3.3.2/include -I/opt/ohpc/pub/apps/geos/3.9.1/include 
configure: Package LIBS:  -L/opt/ohpc/pub/apps/proj/7.2.1/lib -lproj     -L/opt/ohpc/pub/apps/gdal/3.3.2/lib -lgdal -L/opt/ohpc/pub/apps/geos/3.9.1/lib -lgeos_c
configure: creating ./config.status
config.status: creating src/Makevars
** libs
g++ -std=gnu++17 -I"/opt/ohpc/pub/apps/R/4.2.2/lib64/R/include" -DNDEBUG -I/opt/ohpc/pub/apps/proj/7.2.1/include   -DHAVE_PROJ_H -I/opt/ohpc/pub/apps/gdal/3.3.2/include -I/opt/ohpc/pub/apps/geos/3.9.1/include  -I'/home/u12/darrenc/R/test/Rcpp/include' -I/usr/local/include   -fpic  -g -O2  -c RcppExports.cpp -o RcppExports.o
g++ -std=gnu++17 -I"/opt/ohpc/pub/apps/R/4.2.2/lib64/R/include" -DNDEBUG -I/opt/ohpc/pub/apps/proj/7.2.1/include   -DHAVE_PROJ_H -I/opt/ohpc/pub/apps/gdal/3.3.2/include -I/opt/ohpc/pub/apps/geos/3.9.1/include  -I'/home/u12/darrenc/R/test/Rcpp/include' -I/usr/local/include   -fpic  -g -O2  -c RcppFunctions.cpp -o RcppFunctions.o
g++ -std=gnu++17 -I"/opt/ohpc/pub/apps/R/4.2.2/lib64/R/include" -DNDEBUG -I/opt/ohpc/pub/apps/proj/7.2.1/include   -DHAVE_PROJ_H -I/opt/ohpc/pub/apps/gdal/3.3.2/include -I/opt/ohpc/pub/apps/geos/3.9.1/include  -I'/home/u12/darrenc/R/test/Rcpp/include' -I/usr/local/include   -fpic  -g -O2  -c RcppModule.cpp -o RcppModule.o
g++ -std=gnu++17 -I"/opt/ohpc/pub/apps/R/4.2.2/lib64/R/include" -DNDEBUG -I/opt/ohpc/pub/apps/proj/7.2.1/include   -DHAVE_PROJ_H -I/opt/ohpc/pub/apps/gdal/3.3.2/include -I/opt/ohpc/pub/apps/geos/3.9.1/include  -I'/home/u12/darrenc/R/test/Rcpp/include' -I/usr/local/include   -fpic  -g -O2  -c arith.cpp -o arith.o
g++ -std=gnu++17 -I"/opt/ohpc/pub/apps/R/4.2.2/lib64/R/include" -DNDEBUG -I/opt/ohpc/pub/apps/proj/7.2.1/include   -DHAVE_PROJ_H -I/opt/ohpc/pub/apps/gdal/3.3.2/include -I/opt/ohpc/pub/apps/geos/3.9.1/include  -I'/home/u12/darrenc/R/test/Rcpp/include' -I/usr/local/include   -fpic  -g -O2  -c crs.cpp -o crs.o
g++ -std=gnu++17 -I"/opt/ohpc/pub/apps/R/4.2.2/lib64/R/include" -DNDEBUG -I/opt/ohpc/pub/apps/proj/7.2.1/include   -DHAVE_PROJ_H -I/opt/ohpc/pub/apps/gdal/3.3.2/include -I/opt/ohpc/pub/apps/geos/3.9.1/include  -I'/home/u12/darrenc/R/test/Rcpp/include' -I/usr/local/include   -fpic  -g -O2  -c distRaster.cpp -o distRaster.o
g++ -std=gnu++17 -I"/opt/ohpc/pub/apps/R/4.2.2/lib64/R/include" -DNDEBUG -I/opt/ohpc/pub/apps/proj/7.2.1/include   -DHAVE_PROJ_H -I/opt/ohpc/pub/apps/gdal/3.3.2/include -I/opt/ohpc/pub/apps/geos/3.9.1/include  -I'/home/u12/darrenc/R/test/Rcpp/include' -I/usr/local/include   -fpic  -g -O2  -c distValueRaster.cpp -o distValueRaster.o
g++ -std=gnu++17 -I"/opt/ohpc/pub/apps/R/4.2.2/lib64/R/include" -DNDEBUG -I/opt/ohpc/pub/apps/proj/7.2.1/include   -DHAVE_PROJ_H -I/opt/ohpc/pub/apps/gdal/3.3.2/include -I/opt/ohpc/pub/apps/geos/3.9.1/include  -I'/home/u12/darrenc/R/test/Rcpp/include' -I/usr/local/include   -fpic  -g -O2  -c distVector.cpp -o distVector.o
g++ -std=gnu++17 -I"/opt/ohpc/pub/apps/R/4.2.2/lib64/R/include" -DNDEBUG -I/opt/ohpc/pub/apps/proj/7.2.1/include   -DHAVE_PROJ_H -I/opt/ohpc/pub/apps/gdal/3.3.2/include -I/opt/ohpc/pub/apps/geos/3.9.1/include  -I'/home/u12/darrenc/R/test/Rcpp/include' -I/usr/local/include   -fpic  -g -O2  -c distance.cpp -o distance.o
g++ -std=gnu++17 -I"/opt/ohpc/pub/apps/R/4.2.2/lib64/R/include" -DNDEBUG -I/opt/ohpc/pub/apps/proj/7.2.1/include   -DHAVE_PROJ_H -I/opt/ohpc/pub/apps/gdal/3.3.2/include -I/opt/ohpc/pub/apps/geos/3.9.1/include  -I'/home/u12/darrenc/R/test/Rcpp/include' -I/usr/local/include   -fpic  -g -O2  -c extract.cpp -o extract.o
g++ -std=gnu++17 -I"/opt/ohpc/pub/apps/R/4.2.2/lib64/R/include" -DNDEBUG -I/opt/ohpc/pub/apps/proj/7.2.1/include   -DHAVE_PROJ_H -I/opt/ohpc/pub/apps/gdal/3.3.2/include -I/opt/ohpc/pub/apps/geos/3.9.1/include  -I'/home/u12/darrenc/R/test/Rcpp/include' -I/usr/local/include   -fpic  -g -O2  -c file_utils.cpp -o file_utils.o
g++ -std=gnu++17 -I"/opt/ohpc/pub/apps/R/4.2.2/lib64/R/include" -DNDEBUG -I/opt/ohpc/pub/apps/proj/7.2.1/include   -DHAVE_PROJ_H -I/opt/ohpc/pub/apps/gdal/3.3.2/include -I/opt/ohpc/pub/apps/geos/3.9.1/include  -I'/home/u12/darrenc/R/test/Rcpp/include' -I/usr/local/include   -fpic  -g -O2  -c focal.cpp -o focal.o
g++ -std=gnu++17 -I"/opt/ohpc/pub/apps/R/4.2.2/lib64/R/include" -DNDEBUG -I/opt/ohpc/pub/apps/proj/7.2.1/include   -DHAVE_PROJ_H -I/opt/ohpc/pub/apps/gdal/3.3.2/include -I/opt/ohpc/pub/apps/geos/3.9.1/include  -I'/home/u12/darrenc/R/test/Rcpp/include' -I/usr/local/include   -fpic  -g -O2  -c gcp.cpp -o gcp.o
g++ -std=gnu++17 -I"/opt/ohpc/pub/apps/R/4.2.2/lib64/R/include" -DNDEBUG -I/opt/ohpc/pub/apps/proj/7.2.1/include   -DHAVE_PROJ_H -I/opt/ohpc/pub/apps/gdal/3.3.2/include -I/opt/ohpc/pub/apps/geos/3.9.1/include  -I'/home/u12/darrenc/R/test/Rcpp/include' -I/usr/local/include   -fpic  -g -O2  -c gdal_algs.cpp -o gdal_algs.o
g++ -std=gnu++17 -I"/opt/ohpc/pub/apps/R/4.2.2/lib64/R/include" -DNDEBUG -I/opt/ohpc/pub/apps/proj/7.2.1/include   -DHAVE_PROJ_H -I/opt/ohpc/pub/apps/gdal/3.3.2/include -I/opt/ohpc/pub/apps/geos/3.9.1/include  -I'/home/u12/darrenc/R/test/Rcpp/include' -I/usr/local/include   -fpic  -g -O2  -c gdal_multidimensional.cpp -o gdal_multidimensional.o
g++ -std=gnu++17 -I"/opt/ohpc/pub/apps/R/4.2.2/lib64/R/include" -DNDEBUG -I/opt/ohpc/pub/apps/proj/7.2.1/include   -DHAVE_PROJ_H -I/opt/ohpc/pub/apps/gdal/3.3.2/include -I/opt/ohpc/pub/apps/geos/3.9.1/include  -I'/home/u12/darrenc/R/test/Rcpp/include' -I/usr/local/include   -fpic  -g -O2  -c gdalio.cpp -o gdalio.o
gcc -I"/opt/ohpc/pub/apps/R/4.2.2/lib64/R/include" -DNDEBUG -I/opt/ohpc/pub/apps/proj/7.2.1/include   -DHAVE_PROJ_H -I/opt/ohpc/pub/apps/gdal/3.3.2/include -I/opt/ohpc/pub/apps/geos/3.9.1/include  -I'/home/u12/darrenc/R/test/Rcpp/include' -I/usr/local/include   -fpic  -g -O2  -c geodesic.c -o geodesic.o
g++ -std=gnu++17 -I"/opt/ohpc/pub/apps/R/4.2.2/lib64/R/include" -DNDEBUG -I/opt/ohpc/pub/apps/proj/7.2.1/include   -DHAVE_PROJ_H -I/opt/ohpc/pub/apps/gdal/3.3.2/include -I/opt/ohpc/pub/apps/geos/3.9.1/include  -I'/home/u12/darrenc/R/test/Rcpp/include' -I/usr/local/include   -fpic  -g -O2  -c geos_methods.cpp -o geos_methods.o
geos_methods.cpp: In member function ‘SpatVector SpatVector::delaunay(double, int, bool)’:
geos_methods.cpp:1215:7: error: ‘GEOSConstrainedDelaunayTriangulation_r’ was not declared in this scope
   v = GEOSConstrainedDelaunayTriangulation_r(hGEOSCtxt, g[0].get());
       ^~~~~~~~~~~~~~~~~~~~~~~~~~~~~~~~~~~~~~
geos_methods.cpp:1215:7: note: suggested alternative: ‘GEOSDelaunayTriangulation_r’
   v = GEOSConstrainedDelaunayTriangulation_r(hGEOSCtxt, g[0].get());
       ^~~~~~~~~~~~~~~~~~~~~~~~~~~~~~~~~~~~~~
       GEOSDelaunayTriangulation_r
make: *** [geos_methods.o] Error 1
ERROR: compilation failed for package ‘terra’
* removing ‘/home/u12/darrenc/R/test/terra’

The downloaded source packages are in
	‘/tmp/RtmpoxBJTU/downloaded_packages’
Warning messages:
1: package(s) not installed when version(s) same as or greater than current; use
  `force = TRUE` to re-install: 'Rhdf5lib' 'rhdf5filters' 'lme4' 'batchelor'
  'HDF5Array' 'ggrastr' 
2: In install.packages(...) :
  installation of package ‘terra’ had non-zero exit status
Installing packages into ‘/home/u12/darrenc/R/test’
(as ‘lib’ is unspecified)
trying URL 'http://cran.us.r-project.org/src/contrib/statmod_1.5.1.tar.gz'
Content type 'application/x-gzip' length 93062 bytes (90 KB)
==================================================
downloaded 90 KB

trying URL 'http://cran.us.r-project.org/src/contrib/R.utils_2.13.0.tar.gz'
Content type 'application/x-gzip' length 367225 bytes (358 KB)
==================================================
downloaded 358 KB

* installing *source* package ‘statmod’ ...
** package ‘statmod’ successfully unpacked and MD5 sums checked
** using staged installation
** libs
gcc -I"/opt/ohpc/pub/apps/R/4.2.2/lib64/R/include" -DNDEBUG   -I/usr/local/include   -fpic  -g -O2  -c expectedDeviance.c -o expectedDeviance.o
gfortran -fno-optimize-sibling-calls  -fpic  -g -O2  -c gaussq2.f -o gaussq2.o
gcc -I"/opt/ohpc/pub/apps/R/4.2.2/lib64/R/include" -DNDEBUG   -I/usr/local/include   -fpic  -g -O2  -c init.c -o init.o
gcc -shared -L/usr/local/lib64 -o statmod.so expectedDeviance.o gaussq2.o init.o -lgfortran -lm -lquadmath
installing to /home/u12/darrenc/R/test/00LOCK-statmod/00new/statmod/libs
** R
** data
** inst
** byte-compile and prepare package for lazy loading
** help
*** installing help indices
** building package indices
** testing if installed package can be loaded from temporary location
** checking absolute paths in shared objects and dynamic libraries
** testing if installed package can be loaded from final location
** testing if installed package keeps a record of temporary installation path
* DONE (statmod)
* installing *source* package ‘R.utils’ ...
** package ‘R.utils’ successfully unpacked and MD5 sums checked
** using staged installation
** R
** inst
** byte-compile and prepare package for lazy loading
Warning in setGenericS3.default(name, export = exportGeneric, envir = envir,  :
  Renamed the preexisting function warnings to warnings.default, which was defined in environment R.utils.
** help
*** installing help indices
** building package indices
** testing if installed package can be loaded from temporary location
** testing if installed package can be loaded from final location
** testing if installed package keeps a record of temporary installation path
* DONE (R.utils)

The downloaded source packages are in
	‘/tmp/RtmpoxBJTU/downloaded_packages’
Using github PAT from envvar GITHUB_PAT. Use `gitcreds::gitcreds_set()` and unset GITHUB_PAT in .Renviron (or elsewhere) if you want to use the more secure git credential store instead.
Skipping install of 'sf' from a github remote, the SHA1 (c860f681) has not changed since last install.
  Use `force = TRUE` to force installation
Downloading GitHub repo cole-trapnell-lab/monocle3@v1.3.1
Installing 1 packages: terra
Installing package into ‘/home/u12/darrenc/R/test’
(as ‘lib’ is unspecified)
trying URL 'https://cloud.r-project.org/src/contrib/terra_1.8-80.tar.gz'
Content type 'application/x-gzip' length 1055312 bytes (1.0 MB)
==================================================
downloaded 1.0 MB

* installing *source* package ‘terra’ ...
** package ‘terra’ successfully unpacked and MD5 sums checked
** using staged installation
configure: CC: gcc
configure: CXX: g++ -std=gnu++14
checking for gdal-config... /opt/ohpc/pub/apps/gdal/3.3.2/bin/gdal-config
checking gdal-config usability... yes
configure: GDAL: 3.3.2
checking GDAL version >= 2.0.1... yes
checking for gcc... gcc
checking whether the C compiler works... yes
checking for C compiler default output file name... a.out
checking for suffix of executables... 
checking whether we are cross compiling... no
checking for suffix of object files... o
checking whether the compiler supports GNU C... yes
checking whether gcc accepts -g... yes
checking for gcc option to enable C11 features... none needed
checking for stdio.h... yes
checking for stdlib.h... yes
checking for string.h... yes
checking for inttypes.h... yes
checking for stdint.h... yes
checking for strings.h... yes
checking for sys/stat.h... yes
checking for sys/types.h... yes
checking for unistd.h... yes
checking for gdal.h... yes
checking GDAL: linking with --libs only... yes
checking GDAL: /opt/ohpc/pub/apps/gdal/3.3.2/share/gdal/pcs.csv readable... no
checking GDAL: checking whether PROJ is available for linking:... yes
checking GDAL: checking whether PROJ is available for running:... yes
configure: GDAL: 3.3.2
configure: pkg-config proj exists, will use it
configure: using proj.h.
configure: PROJ: 7.2.1
checking PROJ: checking whether PROJ and sqlite3 are available for linking:... yes
checking for geos-config... /opt/ohpc/pub/apps/geos/3.9.1/bin/geos-config
checking geos-config usability... yes
configure: GEOS: 3.9.1
checking GEOS version >= 3.4.0... yes
checking for geos_c.h... yes
checking geos: linking with -L/opt/ohpc/pub/apps/geos/3.9.1/lib -lgeos_c... yes
checking Intel TBB exists:... no
configure: WARNING: to support parallel processing install TBB devel or update the PKG_CONFIG_PATH environment variable
configure: Package CPP flags:  -I/opt/ohpc/pub/apps/proj/7.2.1/include   -DHAVE_PROJ_H -I/opt/ohpc/pub/apps/gdal/3.3.2/include -I/opt/ohpc/pub/apps/geos/3.9.1/include 
configure: Package LIBS:  -L/opt/ohpc/pub/apps/proj/7.2.1/lib -lproj     -L/opt/ohpc/pub/apps/gdal/3.3.2/lib -lgdal -L/opt/ohpc/pub/apps/geos/3.9.1/lib -lgeos_c
configure: creating ./config.status
config.status: creating src/Makevars
** libs
g++ -std=gnu++17 -I"/opt/ohpc/pub/apps/R/4.2.2/lib64/R/include" -DNDEBUG -I/opt/ohpc/pub/apps/proj/7.2.1/include   -DHAVE_PROJ_H -I/opt/ohpc/pub/apps/gdal/3.3.2/include -I/opt/ohpc/pub/apps/geos/3.9.1/include  -I'/home/u12/darrenc/R/test/Rcpp/include' -I/usr/local/include   -fpic  -g -O2  -c RcppExports.cpp -o RcppExports.o
g++ -std=gnu++17 -I"/opt/ohpc/pub/apps/R/4.2.2/lib64/R/include" -DNDEBUG -I/opt/ohpc/pub/apps/proj/7.2.1/include   -DHAVE_PROJ_H -I/opt/ohpc/pub/apps/gdal/3.3.2/include -I/opt/ohpc/pub/apps/geos/3.9.1/include  -I'/home/u12/darrenc/R/test/Rcpp/include' -I/usr/local/include   -fpic  -g -O2  -c RcppFunctions.cpp -o RcppFunctions.o
g++ -std=gnu++17 -I"/opt/ohpc/pub/apps/R/4.2.2/lib64/R/include" -DNDEBUG -I/opt/ohpc/pub/apps/proj/7.2.1/include   -DHAVE_PROJ_H -I/opt/ohpc/pub/apps/gdal/3.3.2/include -I/opt/ohpc/pub/apps/geos/3.9.1/include  -I'/home/u12/darrenc/R/test/Rcpp/include' -I/usr/local/include   -fpic  -g -O2  -c RcppModule.cpp -o RcppModule.o
g++ -std=gnu++17 -I"/opt/ohpc/pub/apps/R/4.2.2/lib64/R/include" -DNDEBUG -I/opt/ohpc/pub/apps/proj/7.2.1/include   -DHAVE_PROJ_H -I/opt/ohpc/pub/apps/gdal/3.3.2/include -I/opt/ohpc/pub/apps/geos/3.9.1/include  -I'/home/u12/darrenc/R/test/Rcpp/include' -I/usr/local/include   -fpic  -g -O2  -c arith.cpp -o arith.o
g++ -std=gnu++17 -I"/opt/ohpc/pub/apps/R/4.2.2/lib64/R/include" -DNDEBUG -I/opt/ohpc/pub/apps/proj/7.2.1/include   -DHAVE_PROJ_H -I/opt/ohpc/pub/apps/gdal/3.3.2/include -I/opt/ohpc/pub/apps/geos/3.9.1/include  -I'/home/u12/darrenc/R/test/Rcpp/include' -I/usr/local/include   -fpic  -g -O2  -c crs.cpp -o crs.o
g++ -std=gnu++17 -I"/opt/ohpc/pub/apps/R/4.2.2/lib64/R/include" -DNDEBUG -I/opt/ohpc/pub/apps/proj/7.2.1/include   -DHAVE_PROJ_H -I/opt/ohpc/pub/apps/gdal/3.3.2/include -I/opt/ohpc/pub/apps/geos/3.9.1/include  -I'/home/u12/darrenc/R/test/Rcpp/include' -I/usr/local/include   -fpic  -g -O2  -c distRaster.cpp -o distRaster.o
g++ -std=gnu++17 -I"/opt/ohpc/pub/apps/R/4.2.2/lib64/R/include" -DNDEBUG -I/opt/ohpc/pub/apps/proj/7.2.1/include   -DHAVE_PROJ_H -I/opt/ohpc/pub/apps/gdal/3.3.2/include -I/opt/ohpc/pub/apps/geos/3.9.1/include  -I'/home/u12/darrenc/R/test/Rcpp/include' -I/usr/local/include   -fpic  -g -O2  -c distValueRaster.cpp -o distValueRaster.o
g++ -std=gnu++17 -I"/opt/ohpc/pub/apps/R/4.2.2/lib64/R/include" -DNDEBUG -I/opt/ohpc/pub/apps/proj/7.2.1/include   -DHAVE_PROJ_H -I/opt/ohpc/pub/apps/gdal/3.3.2/include -I/opt/ohpc/pub/apps/geos/3.9.1/include  -I'/home/u12/darrenc/R/test/Rcpp/include' -I/usr/local/include   -fpic  -g -O2  -c distVector.cpp -o distVector.o
g++ -std=gnu++17 -I"/opt/ohpc/pub/apps/R/4.2.2/lib64/R/include" -DNDEBUG -I/opt/ohpc/pub/apps/proj/7.2.1/include   -DHAVE_PROJ_H -I/opt/ohpc/pub/apps/gdal/3.3.2/include -I/opt/ohpc/pub/apps/geos/3.9.1/include  -I'/home/u12/darrenc/R/test/Rcpp/include' -I/usr/local/include   -fpic  -g -O2  -c distance.cpp -o distance.o
g++ -std=gnu++17 -I"/opt/ohpc/pub/apps/R/4.2.2/lib64/R/include" -DNDEBUG -I/opt/ohpc/pub/apps/proj/7.2.1/include   -DHAVE_PROJ_H -I/opt/ohpc/pub/apps/gdal/3.3.2/include -I/opt/ohpc/pub/apps/geos/3.9.1/include  -I'/home/u12/darrenc/R/test/Rcpp/include' -I/usr/local/include   -fpic  -g -O2  -c extract.cpp -o extract.o
g++ -std=gnu++17 -I"/opt/ohpc/pub/apps/R/4.2.2/lib64/R/include" -DNDEBUG -I/opt/ohpc/pub/apps/proj/7.2.1/include   -DHAVE_PROJ_H -I/opt/ohpc/pub/apps/gdal/3.3.2/include -I/opt/ohpc/pub/apps/geos/3.9.1/include  -I'/home/u12/darrenc/R/test/Rcpp/include' -I/usr/local/include   -fpic  -g -O2  -c file_utils.cpp -o file_utils.o
g++ -std=gnu++17 -I"/opt/ohpc/pub/apps/R/4.2.2/lib64/R/include" -DNDEBUG -I/opt/ohpc/pub/apps/proj/7.2.1/include   -DHAVE_PROJ_H -I/opt/ohpc/pub/apps/gdal/3.3.2/include -I/opt/ohpc/pub/apps/geos/3.9.1/include  -I'/home/u12/darrenc/R/test/Rcpp/include' -I/usr/local/include   -fpic  -g -O2  -c focal.cpp -o focal.o
g++ -std=gnu++17 -I"/opt/ohpc/pub/apps/R/4.2.2/lib64/R/include" -DNDEBUG -I/opt/ohpc/pub/apps/proj/7.2.1/include   -DHAVE_PROJ_H -I/opt/ohpc/pub/apps/gdal/3.3.2/include -I/opt/ohpc/pub/apps/geos/3.9.1/include  -I'/home/u12/darrenc/R/test/Rcpp/include' -I/usr/local/include   -fpic  -g -O2  -c gcp.cpp -o gcp.o
g++ -std=gnu++17 -I"/opt/ohpc/pub/apps/R/4.2.2/lib64/R/include" -DNDEBUG -I/opt/ohpc/pub/apps/proj/7.2.1/include   -DHAVE_PROJ_H -I/opt/ohpc/pub/apps/gdal/3.3.2/include -I/opt/ohpc/pub/apps/geos/3.9.1/include  -I'/home/u12/darrenc/R/test/Rcpp/include' -I/usr/local/include   -fpic  -g -O2  -c gdal_algs.cpp -o gdal_algs.o
g++ -std=gnu++17 -I"/opt/ohpc/pub/apps/R/4.2.2/lib64/R/include" -DNDEBUG -I/opt/ohpc/pub/apps/proj/7.2.1/include   -DHAVE_PROJ_H -I/opt/ohpc/pub/apps/gdal/3.3.2/include -I/opt/ohpc/pub/apps/geos/3.9.1/include  -I'/home/u12/darrenc/R/test/Rcpp/include' -I/usr/local/include   -fpic  -g -O2  -c gdal_multidimensional.cpp -o gdal_multidimensional.o
g++ -std=gnu++17 -I"/opt/ohpc/pub/apps/R/4.2.2/lib64/R/include" -DNDEBUG -I/opt/ohpc/pub/apps/proj/7.2.1/include   -DHAVE_PROJ_H -I/opt/ohpc/pub/apps/gdal/3.3.2/include -I/opt/ohpc/pub/apps/geos/3.9.1/include  -I'/home/u12/darrenc/R/test/Rcpp/include' -I/usr/local/include   -fpic  -g -O2  -c gdalio.cpp -o gdalio.o
gcc -I"/opt/ohpc/pub/apps/R/4.2.2/lib64/R/include" -DNDEBUG -I/opt/ohpc/pub/apps/proj/7.2.1/include   -DHAVE_PROJ_H -I/opt/ohpc/pub/apps/gdal/3.3.2/include -I/opt/ohpc/pub/apps/geos/3.9.1/include  -I'/home/u12/darrenc/R/test/Rcpp/include' -I/usr/local/include   -fpic  -g -O2  -c geodesic.c -o geodesic.o
g++ -std=gnu++17 -I"/opt/ohpc/pub/apps/R/4.2.2/lib64/R/include" -DNDEBUG -I/opt/ohpc/pub/apps/proj/7.2.1/include   -DHAVE_PROJ_H -I/opt/ohpc/pub/apps/gdal/3.3.2/include -I/opt/ohpc/pub/apps/geos/3.9.1/include  -I'/home/u12/darrenc/R/test/Rcpp/include' -I/usr/local/include   -fpic  -g -O2  -c geos_methods.cpp -o geos_methods.o
geos_methods.cpp: In member function ‘SpatVector SpatVector::delaunay(double, int, bool)’:
geos_methods.cpp:1215:7: error: ‘GEOSConstrainedDelaunayTriangulation_r’ was not declared in this scope
   v = GEOSConstrainedDelaunayTriangulation_r(hGEOSCtxt, g[0].get());
       ^~~~~~~~~~~~~~~~~~~~~~~~~~~~~~~~~~~~~~
geos_methods.cpp:1215:7: note: suggested alternative: ‘GEOSDelaunayTriangulation_r’
   v = GEOSConstrainedDelaunayTriangulation_r(hGEOSCtxt, g[0].get());
       ^~~~~~~~~~~~~~~~~~~~~~~~~~~~~~~~~~~~~~
       GEOSDelaunayTriangulation_r
make: *** [geos_methods.o] Error 1
ERROR: compilation failed for package ‘terra’
* removing ‘/home/u12/darrenc/R/test/terra’

The downloaded source packages are in
	‘/tmp/RtmpoxBJTU/downloaded_packages’
Running `R CMD build`...
* checking for file ‘/tmp/RtmpoxBJTU/remotes66bd44a7f72c/cole-trapnell-lab-monocle3-b545460/DESCRIPTION’ ... OK
* preparing ‘monocle3’:
* checking DESCRIPTION meta-information ... OK
* cleaning src
* checking for LF line-endings in source and make files and shell scripts
* checking for empty or unneeded directories
Omitted ‘LazyData’ from DESCRIPTION
* building ‘monocle3_1.3.1.tar.gz’
Installing package into ‘/home/u12/darrenc/R/test’
(as ‘lib’ is unspecified)
ERROR: dependency ‘terra’ is not available for package ‘monocle3’
* removing ‘/home/u12/darrenc/R/test/monocle3’
Skipping install of 'SeuratWrappers' from a github remote, the SHA1 (a1eb0d8b) has not changed since last install.
  Use `force = TRUE` to force installation
Warning messages:
1: In i.p(...) : installation of package ‘terra’ had non-zero exit status
2: In i.p(...) :
  installation of package ‘/tmp/RtmpoxBJTU/file66bd29718851/monocle3_1.3.1.tar.gz’ had non-zero exit status
Bioconductor version 3.16 (BiocManager 1.30.26), R 4.2.2 (2022-10-31)
Warning message:
package(s) not installed when version(s) same as or greater than current; use
  `force = TRUE` to re-install: 'biovizBase' 
Installing packages into ‘/home/u12/darrenc/R/test’
(as ‘lib’ is unspecified)
trying URL 'http://cran.us.r-project.org/src/contrib/patchwork_1.3.2.tar.gz'
Content type 'application/x-gzip' length 3322521 bytes (3.2 MB)
==================================================
downloaded 3.2 MB

trying URL 'http://cran.us.r-project.org/src/contrib/Signac_1.16.0.tar.gz'
Content type 'application/x-gzip' length 3932696 bytes (3.8 MB)
==================================================
downloaded 3.8 MB

* installing *source* package ‘patchwork’ ...
** package ‘patchwork’ successfully unpacked and MD5 sums checked
** using staged installation
** R
** inst
** byte-compile and prepare package for lazy loading
** help
*** installing help indices
*** copying figures
** building package indices
** installing vignettes
** testing if installed package can be loaded from temporary location
** testing if installed package can be loaded from final location
** testing if installed package keeps a record of temporary installation path
* DONE (patchwork)
* installing *source* package ‘Signac’ ...
** package ‘Signac’ successfully unpacked and MD5 sums checked
** using staged installation
** libs
g++ -std=gnu++14 -I"/opt/ohpc/pub/apps/R/4.2.2/lib64/R/include" -DNDEBUG  -I'/home/u12/darrenc/R/test/Rcpp/include' -I/usr/local/include   -fpic  -g -O2  -c RcppExports.cpp -o RcppExports.o
g++ -std=gnu++14 -I"/opt/ohpc/pub/apps/R/4.2.2/lib64/R/include" -DNDEBUG  -I'/home/u12/darrenc/R/test/Rcpp/include' -I/usr/local/include   -fpic  -g -O2  -c filter.cpp -o filter.o
g++ -std=gnu++14 -I"/opt/ohpc/pub/apps/R/4.2.2/lib64/R/include" -DNDEBUG  -I'/home/u12/darrenc/R/test/Rcpp/include' -I/usr/local/include   -fpic  -g -O2  -c group.cpp -o group.o
g++ -std=gnu++14 -I"/opt/ohpc/pub/apps/R/4.2.2/lib64/R/include" -DNDEBUG  -I'/home/u12/darrenc/R/test/Rcpp/include' -I/usr/local/include   -fpic  -g -O2  -c split.cpp -o split.o
g++ -std=gnu++14 -I"/opt/ohpc/pub/apps/R/4.2.2/lib64/R/include" -DNDEBUG  -I'/home/u12/darrenc/R/test/Rcpp/include' -I/usr/local/include   -fpic  -g -O2  -c validate.cpp -o validate.o
g++ -std=gnu++14 -shared -L/usr/local/lib64 -o Signac.so RcppExports.o filter.o group.o split.o validate.o -lz
installing to /home/u12/darrenc/R/test/00LOCK-Signac/00new/Signac/libs
** R
** data
*** moving datasets to lazyload DB
** inst
** byte-compile and prepare package for lazy loading
** help
*** installing help indices
*** copying figures
** building package indices
** testing if installed package can be loaded from temporary location
** checking absolute paths in shared objects and dynamic libraries
** testing if installed package can be loaded from final location
** testing if installed package keeps a record of temporary installation path
* DONE (Signac)

The downloaded source packages are in
	‘/tmp/RtmpoxBJTU/downloaded_packages’
Bioconductor version 3.16 (BiocManager 1.30.26), R 4.2.2 (2022-10-31)
Warning message:
package(s) not installed when version(s) same as or greater than current; use
  `force = TRUE` to re-install: 'EnsDb.Hsapiens.v86' 'chromVAR' 'JASPAR2020'
  'motifmatchr' 'BSgenome.Hsapiens.UCSC.hg38' 'glmGamPoi' 
Using github PAT from envvar GITHUB_PAT. Use `gitcreds::gitcreds_set()` and unset GITHUB_PAT in .Renviron (or elsewhere) if you want to use the more secure git credential store instead.
Skipping install of 'presto' from a github remote, the SHA1 (7636b3d0) has not changed since last install.
  Use `force = TRUE` to force installation
