Bioconductor version 3.16 (BiocManager 1.30.26), R 4.2.2 (2022-10-31)
Installing package(s) 'EnsDb.Hsapiens.v86', 'chromVAR', 'JASPAR2020',
  'motifmatchr', 'BSgenome.Hsapiens.UCSC.hg38', 'glmGamPoi'
also installing the dependencies ‘pracma’, ‘poweRlaw’, ‘annotate’, ‘GO.db’, ‘CNEr’, ‘DirichletMultinomial’, ‘seqLogo’, ‘TFMPvalue’, ‘nabor’, ‘TFBSTools’

trying URL 'https://cloud.r-project.org/src/contrib/pracma_2.4.6.tar.gz'
Content type 'application/x-gzip' length 398691 bytes (389 KB)
==================================================
downloaded 389 KB

trying URL 'https://cloud.r-project.org/src/contrib/poweRlaw_1.0.0.tar.gz'
Content type 'application/x-gzip' length 4476780 bytes (4.3 MB)
==================================================
downloaded 4.3 MB

trying URL 'https://bioconductor.org/packages/3.16/bioc/src/contrib/annotate_1.76.0.tar.gz'
Content type 'application/gzip' length 1473810 bytes (1.4 MB)
==================================================
downloaded 1.4 MB

trying URL 'https://bioconductor.org/packages/3.16/data/annotation/src/contrib/GO.db_3.16.0.tar.gz'
Content type 'application/gzip' length 29540685 bytes (28.2 MB)
==================================================
downloaded 28.2 MB

trying URL 'https://bioconductor.org/packages/3.16/bioc/src/contrib/CNEr_1.34.0.tar.gz'
Content type 'application/gzip' length 9935246 bytes (9.5 MB)
==================================================
downloaded 9.5 MB

trying URL 'https://bioconductor.org/packages/3.16/bioc/src/contrib/DirichletMultinomial_1.40.0.tar.gz'
Content type 'application/gzip' length 433384 bytes (423 KB)
==================================================
downloaded 423 KB

trying URL 'https://bioconductor.org/packages/3.16/bioc/src/contrib/seqLogo_1.64.0.tar.gz'
Content type 'application/gzip' length 906061 bytes (884 KB)
==================================================
downloaded 884 KB

trying URL 'https://cloud.r-project.org/src/contrib/TFMPvalue_0.0.9.tar.gz'
Content type 'application/x-gzip' length 15274 bytes (14 KB)
==================================================
downloaded 14 KB

trying URL 'https://cloud.r-project.org/src/contrib/nabor_0.5.0.tar.gz'
Content type 'application/x-gzip' length 39517 bytes (38 KB)
==================================================
downloaded 38 KB

trying URL 'https://bioconductor.org/packages/3.16/bioc/src/contrib/TFBSTools_1.36.0.tar.gz'
Content type 'application/gzip' length 586762 bytes (573 KB)
==================================================
downloaded 573 KB

trying URL 'https://bioconductor.org/packages/3.16/data/annotation/src/contrib/EnsDb.Hsapiens.v86_2.99.0.tar.gz'
Content type 'application/gzip' length 78178992 bytes (74.6 MB)
==================================================
downloaded 74.6 MB

trying URL 'https://bioconductor.org/packages/3.16/bioc/src/contrib/chromVAR_1.20.2.tar.gz'
Content type 'application/gzip' length 471623 bytes (460 KB)
==================================================
downloaded 460 KB

trying URL 'https://bioconductor.org/packages/3.16/data/annotation/src/contrib/JASPAR2020_0.99.10.tar.gz'
Content type 'application/gzip' length 10592130 bytes (10.1 MB)
==================================================
downloaded 10.1 MB

trying URL 'https://bioconductor.org/packages/3.16/bioc/src/contrib/motifmatchr_1.20.0.tar.gz'
Content type 'application/gzip' length 52697 bytes (51 KB)
==================================================
downloaded 51 KB

trying URL 'https://bioconductor.org/packages/3.16/data/annotation/src/contrib/BSgenome.Hsapiens.UCSC.hg38_1.4.5.tar.gz'
Content type 'application/gzip' length 731245539 bytes (697.4 MB)
==================================================
downloaded 697.4 MB

trying URL 'https://bioconductor.org/packages/3.16/bioc/src/contrib/glmGamPoi_1.10.2.tar.gz'
Content type 'application/gzip' length 918696 bytes (897 KB)
==================================================
downloaded 897 KB

* installing *source* package ‘pracma’ ...
** package ‘pracma’ successfully unpacked and MD5 sums checked
** using staged installation
** R
** data
*** moving datasets to lazyload DB
** demo
** byte-compile and prepare package for lazy loading
** help
*** installing help indices
** building package indices
** testing if installed package can be loaded from temporary location
** testing if installed package can be loaded from final location
** testing if installed package keeps a record of temporary installation path
* DONE (pracma)
* installing *source* package ‘annotate’ ...
** using staged installation
** R
** data
** inst
** byte-compile and prepare package for lazy loading
** help
*** installing help indices
** building package indices
** installing vignettes
** testing if installed package can be loaded from temporary location
** testing if installed package can be loaded from final location
** testing if installed package keeps a record of temporary installation path
* DONE (annotate)
* installing *source* package ‘GO.db’ ...
** using staged installation
** R
** inst
** byte-compile and prepare package for lazy loading
** help
*** installing help indices
** building package indices
** testing if installed package can be loaded from temporary location
** testing if installed package can be loaded from final location
** testing if installed package keeps a record of temporary installation path
* DONE (GO.db)
* installing *source* package ‘DirichletMultinomial’ ...
** using staged installation
** libs
gcc -I"/opt/ohpc/pub/apps/R/4.2.2/lib64/R/include" -DNDEBUG   -I/usr/local/include  `gsl-config --cflags` -DR_DIRICHLETMULTINOMIAL -fpic  -g -O2  -c R_init_DirichletMultinomial.c -o R_init_DirichletMultinomial.o
gcc -I"/opt/ohpc/pub/apps/R/4.2.2/lib64/R/include" -DNDEBUG   -I/usr/local/include  `gsl-config --cflags` -DR_DIRICHLETMULTINOMIAL -fpic  -g -O2  -c dirichlet_fit.c -o dirichlet_fit.o
gcc -I"/opt/ohpc/pub/apps/R/4.2.2/lib64/R/include" -DNDEBUG   -I/usr/local/include  `gsl-config --cflags` -DR_DIRICHLETMULTINOMIAL -fpic  -g -O2  -c dirichlet_fit_main.c -o dirichlet_fit_main.o
gcc -shared -L/usr/local/lib64 -o DirichletMultinomial.so R_init_DirichletMultinomial.o dirichlet_fit.o dirichlet_fit_main.o -lgsl -lgslcblas -lm
installing to /home/u12/darrenc/R/library_R_v4.2_new_ocelote/00LOCK-DirichletMultinomial/00new/DirichletMultinomial/libs
** R
** data
** inst
** byte-compile and prepare package for lazy loading
** help
*** installing help indices
** building package indices
** installing vignettes
** testing if installed package can be loaded from temporary location
** checking absolute paths in shared objects and dynamic libraries
** testing if installed package can be loaded from final location
** testing if installed package keeps a record of temporary installation path
* DONE (DirichletMultinomial)
* installing *source* package ‘seqLogo’ ...
** using staged installation
** R
** inst
** byte-compile and prepare package for lazy loading
** help
*** installing help indices
** building package indices
** installing vignettes
** testing if installed package can be loaded from temporary location
** testing if installed package can be loaded from final location
** testing if installed package keeps a record of temporary installation path
* DONE (seqLogo)
* installing *source* package ‘TFMPvalue’ ...
** package ‘TFMPvalue’ successfully unpacked and MD5 sums checked
** using staged installation
** libs
g++ -std=gnu++11 -I"/opt/ohpc/pub/apps/R/4.2.2/lib64/R/include" -DNDEBUG  -I'/home/u12/darrenc/R/library_R_v4.2_new_ocelote/Rcpp/include' -I/usr/local/include   -fpic  -g -O2  -c ArgumentException.cpp -o ArgumentException.o
g++ -std=gnu++11 -I"/opt/ohpc/pub/apps/R/4.2.2/lib64/R/include" -DNDEBUG  -I'/home/u12/darrenc/R/library_R_v4.2_new_ocelote/Rcpp/include' -I/usr/local/include   -fpic  -g -O2  -c FileException.cpp -o FileException.o
g++ -std=gnu++11 -I"/opt/ohpc/pub/apps/R/4.2.2/lib64/R/include" -DNDEBUG  -I'/home/u12/darrenc/R/library_R_v4.2_new_ocelote/Rcpp/include' -I/usr/local/include   -fpic  -g -O2  -c Matrix.cpp -o Matrix.o
g++ -std=gnu++11 -I"/opt/ohpc/pub/apps/R/4.2.2/lib64/R/include" -DNDEBUG  -I'/home/u12/darrenc/R/library_R_v4.2_new_ocelote/Rcpp/include' -I/usr/local/include   -fpic  -g -O2  -c ParseException.cpp -o ParseException.o
g++ -std=gnu++11 -I"/opt/ohpc/pub/apps/R/4.2.2/lib64/R/include" -DNDEBUG  -I'/home/u12/darrenc/R/library_R_v4.2_new_ocelote/Rcpp/include' -I/usr/local/include   -fpic  -g -O2  -c TFMMain.cpp -o TFMMain.o
gcc -I"/opt/ohpc/pub/apps/R/4.2.2/lib64/R/include" -DNDEBUG  -I'/home/u12/darrenc/R/library_R_v4.2_new_ocelote/Rcpp/include' -I/usr/local/include   -fpic  -g -O2  -c TFMPvalue_init.c -o TFMPvalue_init.o
g++ -std=gnu++11 -I"/opt/ohpc/pub/apps/R/4.2.2/lib64/R/include" -DNDEBUG  -I'/home/u12/darrenc/R/library_R_v4.2_new_ocelote/Rcpp/include' -I/usr/local/include   -fpic  -g -O2  -c TFMpvalue.cpp -o TFMpvalue.o
g++ -std=gnu++11 -shared -L/usr/local/lib64 -o TFMPvalue.so ArgumentException.o FileException.o Matrix.o ParseException.o TFMMain.o TFMPvalue_init.o TFMpvalue.o
installing to /home/u12/darrenc/R/library_R_v4.2_new_ocelote/00LOCK-TFMPvalue/00new/TFMPvalue/libs
** R
** inst
** byte-compile and prepare package for lazy loading
** help
*** installing help indices
** building package indices
** testing if installed package can be loaded from temporary location
** checking absolute paths in shared objects and dynamic libraries
** testing if installed package can be loaded from final location
** testing if installed package keeps a record of temporary installation path
* DONE (TFMPvalue)
* installing *source* package ‘nabor’ ...
** package ‘nabor’ successfully unpacked and MD5 sums checked
** using staged installation
** libs
g++ -std=gnu++14 -I"/opt/ohpc/pub/apps/R/4.2.2/lib64/R/include" -DNDEBUG -I. -I'/home/u12/darrenc/R/library_R_v4.2_new_ocelote/Rcpp/include' -I'/home/u12/darrenc/R/library_R_v4.2_new_ocelote/RcppEigen/include' -I'/home/u12/darrenc/R/library_R_v4.2_new_ocelote/BH/include' -I/usr/local/include   -fpic  -g -O2  -c RcppExports.cpp -o RcppExports.o
In file included from /home/u12/darrenc/R/library_R_v4.2_new_ocelote/RcppEigen/include/Eigen/Core:205,
                 from /home/u12/darrenc/R/library_R_v4.2_new_ocelote/RcppEigen/include/Eigen/Dense:1,
                 from /home/u12/darrenc/R/library_R_v4.2_new_ocelote/RcppEigen/include/RcppEigenForward.h:28,
                 from /home/u12/darrenc/R/library_R_v4.2_new_ocelote/RcppEigen/include/RcppEigen.h:25,
                 from RcppExports.cpp:4:
/home/u12/darrenc/R/library_R_v4.2_new_ocelote/RcppEigen/include/Eigen/src/Core/arch/SSE/PacketMath.h:46:40: warning: ignoring attributes on template argument ‘__m128i’ {aka ‘__vector(2) long long int’} [-Wignored-attributes]
 typedef eigen_packet_wrapper<__m128i, 0> Packet4i;
                                        ^
/home/u12/darrenc/R/library_R_v4.2_new_ocelote/RcppEigen/include/Eigen/src/Core/arch/SSE/PacketMath.h:47:40: warning: ignoring attributes on template argument ‘__m128i’ {aka ‘__vector(2) long long int’} [-Wignored-attributes]
 typedef eigen_packet_wrapper<__m128i, 1> Packet16b;
                                        ^
/home/u12/darrenc/R/library_R_v4.2_new_ocelote/RcppEigen/include/Eigen/src/Core/arch/SSE/PacketMath.h:49:39: warning: ignoring attributes on template argument ‘__m128’ {aka ‘__vector(4) float’} [-Wignored-attributes]
 template<> struct is_arithmetic<__m128>  { enum { value = true }; };
                                       ^
/home/u12/darrenc/R/library_R_v4.2_new_ocelote/RcppEigen/include/Eigen/src/Core/arch/SSE/PacketMath.h:50:40: warning: ignoring attributes on template argument ‘__m128i’ {aka ‘__vector(2) long long int’} [-Wignored-attributes]
 template<> struct is_arithmetic<__m128i> { enum { value = true }; };
                                        ^
/home/u12/darrenc/R/library_R_v4.2_new_ocelote/RcppEigen/include/Eigen/src/Core/arch/SSE/PacketMath.h:51:40: warning: ignoring attributes on template argument ‘__m128d’ {aka ‘__vector(2) double’} [-Wignored-attributes]
 template<> struct is_arithmetic<__m128d> { enum { value = true }; };
                                        ^
/home/u12/darrenc/R/library_R_v4.2_new_ocelote/RcppEigen/include/Eigen/src/Core/arch/SSE/PacketMath.h:222:43: warning: ignoring attributes on template argument ‘Eigen::internal::Packet4f’ {aka ‘__vector(4) float’} [-Wignored-attributes]
 template<> struct unpacket_traits<Packet4f> {
                                           ^
/home/u12/darrenc/R/library_R_v4.2_new_ocelote/RcppEigen/include/Eigen/src/Core/arch/SSE/PacketMath.h:228:43: warning: ignoring attributes on template argument ‘Eigen::internal::Packet2d’ {aka ‘__vector(2) double’} [-Wignored-attributes]
 template<> struct unpacket_traits<Packet2d> {
                                           ^
/home/u12/darrenc/R/library_R_v4.2_new_ocelote/RcppEigen/include/Eigen/src/Core/arch/SSE/PacketMath.h:1124:34: warning: ignoring attributes on template argument ‘Eigen::internal::Packet4f’ {aka ‘__vector(4) float’} [-Wignored-attributes]
 ptranspose(PacketBlock<Packet4f,4>& kernel) {
                                  ^
/home/u12/darrenc/R/library_R_v4.2_new_ocelote/RcppEigen/include/Eigen/src/Core/arch/SSE/PacketMath.h:1129:34: warning: ignoring attributes on template argument ‘Eigen::internal::Packet2d’ {aka ‘__vector(2) double’} [-Wignored-attributes]
 ptranspose(PacketBlock<Packet2d,2>& kernel) {
                                  ^
In file included from /home/u12/darrenc/R/library_R_v4.2_new_ocelote/RcppEigen/include/Eigen/Core:174,
                 from /home/u12/darrenc/R/library_R_v4.2_new_ocelote/RcppEigen/include/Eigen/Dense:1,
                 from /home/u12/darrenc/R/library_R_v4.2_new_ocelote/RcppEigen/include/RcppEigenForward.h:28,
                 from /home/u12/darrenc/R/library_R_v4.2_new_ocelote/RcppEigen/include/RcppEigen.h:25,
                 from RcppExports.cpp:4:
/home/u12/darrenc/R/library_R_v4.2_new_ocelote/RcppEigen/include/Eigen/src/Core/arch/Default/ConjHelper.h:16:60: warning: ignoring attributes on template argument ‘Eigen::internal::Packet4f’ {aka ‘__vector(4) float’} [-Wignored-attributes]
   struct conj_helper<PACKET_REAL, PACKET_CPLX, false, false> {          \
                                                            ^
/home/u12/darrenc/R/library_R_v4.2_new_ocelote/RcppEigen/include/Eigen/src/Core/arch/SSE/Complex.h:173:1: note: in expansion of macro ‘EIGEN_MAKE_CONJ_HELPER_CPLX_REAL’
 EIGEN_MAKE_CONJ_HELPER_CPLX_REAL(Packet2cf,Packet4f)
 ^~~~~~~~~~~~~~~~~~~~~~~~~~~~~~~~
/home/u12/darrenc/R/library_R_v4.2_new_ocelote/RcppEigen/include/Eigen/src/Core/arch/Default/ConjHelper.h:29:60: warning: ignoring attributes on template argument ‘Eigen::internal::Packet4f’ {aka ‘__vector(4) float’} [-Wignored-attributes]
   struct conj_helper<PACKET_CPLX, PACKET_REAL, false, false> {          \
                                                            ^
/home/u12/darrenc/R/library_R_v4.2_new_ocelote/RcppEigen/include/Eigen/src/Core/arch/SSE/Complex.h:173:1: note: in expansion of macro ‘EIGEN_MAKE_CONJ_HELPER_CPLX_REAL’
 EIGEN_MAKE_CONJ_HELPER_CPLX_REAL(Packet2cf,Packet4f)
 ^~~~~~~~~~~~~~~~~~~~~~~~~~~~~~~~
/home/u12/darrenc/R/library_R_v4.2_new_ocelote/RcppEigen/include/Eigen/src/Core/arch/Default/ConjHelper.h:16:60: warning: ignoring attributes on template argument ‘Eigen::internal::Packet2d’ {aka ‘__vector(2) double’} [-Wignored-attributes]
   struct conj_helper<PACKET_REAL, PACKET_CPLX, false, false> {          \
                                                            ^
/home/u12/darrenc/R/library_R_v4.2_new_ocelote/RcppEigen/include/Eigen/src/Core/arch/SSE/Complex.h:298:1: note: in expansion of macro ‘EIGEN_MAKE_CONJ_HELPER_CPLX_REAL’
 EIGEN_MAKE_CONJ_HELPER_CPLX_REAL(Packet1cd,Packet2d)
 ^~~~~~~~~~~~~~~~~~~~~~~~~~~~~~~~
/home/u12/darrenc/R/library_R_v4.2_new_ocelote/RcppEigen/include/Eigen/src/Core/arch/Default/ConjHelper.h:29:60: warning: ignoring attributes on template argument ‘Eigen::internal::Packet2d’ {aka ‘__vector(2) double’} [-Wignored-attributes]
   struct conj_helper<PACKET_CPLX, PACKET_REAL, false, false> {          \
                                                            ^
/home/u12/darrenc/R/library_R_v4.2_new_ocelote/RcppEigen/include/Eigen/src/Core/arch/SSE/Complex.h:298:1: note: in expansion of macro ‘EIGEN_MAKE_CONJ_HELPER_CPLX_REAL’
 EIGEN_MAKE_CONJ_HELPER_CPLX_REAL(Packet1cd,Packet2d)
 ^~~~~~~~~~~~~~~~~~~~~~~~~~~~~~~~
In file included from /home/u12/darrenc/R/library_R_v4.2_new_ocelote/RcppEigen/include/Eigen/Core:165,
                 from /home/u12/darrenc/R/library_R_v4.2_new_ocelote/RcppEigen/include/Eigen/Dense:1,
                 from /home/u12/darrenc/R/library_R_v4.2_new_ocelote/RcppEigen/include/RcppEigenForward.h:28,
                 from /home/u12/darrenc/R/library_R_v4.2_new_ocelote/RcppEigen/include/RcppEigen.h:25,
                 from RcppExports.cpp:4:
/home/u12/darrenc/R/library_R_v4.2_new_ocelote/RcppEigen/include/Eigen/src/Core/util/XprHelper.h: In instantiation of ‘struct Eigen::internal::find_best_packet<float, 4>’:
/home/u12/darrenc/R/library_R_v4.2_new_ocelote/RcppEigen/include/Eigen/src/Core/Matrix.h:22:57:   required from ‘struct Eigen::internal::traits<Eigen::Matrix<float, 4, 1> >’
/home/u12/darrenc/R/library_R_v4.2_new_ocelote/RcppEigen/include/Eigen/src/Geometry/Quaternion.h:265:7:   required from ‘struct Eigen::internal::traits<Eigen::Quaternion<float> >’
/home/u12/darrenc/R/library_R_v4.2_new_ocelote/RcppEigen/include/Eigen/src/Geometry/arch/Geometry_SIMD.h:24:46:   required from here
/home/u12/darrenc/R/library_R_v4.2_new_ocelote/RcppEigen/include/Eigen/src/Core/util/XprHelper.h:190:44: warning: ignoring attributes on template argument ‘Eigen::internal::packet_traits<float>::type’ {aka ‘__vector(4) float’} [-Wignored-attributes]
          bool Stop = Size==Dynamic || (Size%unpacket_traits<PacketType>::size)==0 || is_same<PacketType,typename unpacket_traits<PacketType>::half>::value>
                                       ~~~~~^~~~~~~~~~~~~~~~~~~~~~~~~~~~~~~~~~~
/home/u12/darrenc/R/library_R_v4.2_new_ocelote/RcppEigen/include/Eigen/src/Core/util/XprHelper.h:190:83: warning: ignoring attributes on template argument ‘Eigen::internal::packet_traits<float>::type’ {aka ‘__vector(4) float’} [-Wignored-attributes]
          bool Stop = Size==Dynamic || (Size%unpacket_traits<PacketType>::size)==0 || is_same<PacketType,typename unpacket_traits<PacketType>::half>::value>
                      ~~~~~~~~~~~~~~~~~~~~~~~~~~~~~~~~~~~~~~~~~~~~~~~~~~~~~~~~~~~~~^~~~~~~~~~~~~~~~~~~~~~~~~~~~~~~~~~~~~~~~~~~~~~~~~~~~~~~~~~~~~~~~~
/home/u12/darrenc/R/library_R_v4.2_new_ocelote/RcppEigen/include/Eigen/src/Core/util/XprHelper.h:190:83: warning: ignoring attributes on template argument ‘Eigen::internal::packet_traits<float>::type’ {aka ‘__vector(4) float’} [-Wignored-attributes]
/home/u12/darrenc/R/library_R_v4.2_new_ocelote/RcppEigen/include/Eigen/src/Core/util/XprHelper.h:190:83: warning: ignoring attributes on template argument ‘Eigen::internal::unpacket_traits<__vector(4) float>::half’ {aka ‘__vector(4) float’} [-Wignored-attributes]
/home/u12/darrenc/R/library_R_v4.2_new_ocelote/RcppEigen/include/Eigen/src/Core/util/XprHelper.h:208:88: warning: ignoring attributes on template argument ‘Eigen::internal::packet_traits<float>::type’ {aka ‘__vector(4) float’} [-Wignored-attributes]
   typedef typename find_best_packet_helper<Size,typename packet_traits<T>::type>::type type;
                                                                                        ^~~~
In file included from /home/u12/darrenc/R/library_R_v4.2_new_ocelote/RcppEigen/include/Eigen/Core:271,
                 from /home/u12/darrenc/R/library_R_v4.2_new_ocelote/RcppEigen/include/Eigen/Dense:1,
                 from /home/u12/darrenc/R/library_R_v4.2_new_ocelote/RcppEigen/include/RcppEigenForward.h:28,
                 from /home/u12/darrenc/R/library_R_v4.2_new_ocelote/RcppEigen/include/RcppEigen.h:25,
                 from RcppExports.cpp:4:
/home/u12/darrenc/R/library_R_v4.2_new_ocelote/RcppEigen/include/Eigen/src/Core/DenseCoeffsBase.h: In instantiation of ‘class Eigen::DenseCoeffsBase<Eigen::Matrix<float, 4, 1>, 0>’:
/home/u12/darrenc/R/library_R_v4.2_new_ocelote/RcppEigen/include/Eigen/src/Core/DenseCoeffsBase.h:302:7:   required from ‘class Eigen::DenseCoeffsBase<Eigen::Matrix<float, 4, 1>, 1>’
/home/u12/darrenc/R/library_R_v4.2_new_ocelote/RcppEigen/include/Eigen/src/Core/DenseCoeffsBase.h:555:7:   required from ‘class Eigen::DenseCoeffsBase<Eigen::Matrix<float, 4, 1>, 3>’
/home/u12/darrenc/R/library_R_v4.2_new_ocelote/RcppEigen/include/Eigen/src/Core/DenseBase.h:41:34:   required from ‘class Eigen::DenseBase<Eigen::Matrix<float, 4, 1> >’
/home/u12/darrenc/R/library_R_v4.2_new_ocelote/RcppEigen/include/Eigen/src/Core/MatrixBase.h:48:34:   required from ‘class Eigen::MatrixBase<Eigen::Matrix<float, 4, 1> >’
/home/u12/darrenc/R/library_R_v4.2_new_ocelote/RcppEigen/include/Eigen/src/Core/PlainObjectBase.h:98:7:   required from ‘class Eigen::PlainObjectBase<Eigen::Matrix<float, 4, 1> >’
/home/u12/darrenc/R/library_R_v4.2_new_ocelote/RcppEigen/include/Eigen/src/Core/Matrix.h:178:7:   required from ‘class Eigen::Matrix<float, 4, 1>’
/home/u12/darrenc/R/library_R_v4.2_new_ocelote/RcppEigen/include/Eigen/src/Geometry/Quaternion.h:46:50:   required from ‘class Eigen::QuaternionBase<Eigen::Quaternion<float> >’
/home/u12/darrenc/R/library_R_v4.2_new_ocelote/RcppEigen/include/Eigen/src/Geometry/Quaternion.h:273:7:   required from ‘class Eigen::Quaternion<float>’
/home/u12/darrenc/R/library_R_v4.2_new_ocelote/RcppEigen/include/Eigen/src/Geometry/arch/Geometry_SIMD.h:27:3:   required from here
/home/u12/darrenc/R/library_R_v4.2_new_ocelote/RcppEigen/include/Eigen/src/Core/DenseCoeffsBase.h:56:30: warning: ignoring attributes on template argument ‘Eigen::internal::packet_traits<float>::type’ {aka ‘__vector(4) float’} [-Wignored-attributes]
                      >::type PacketReturnType;
                              ^~~~~~~~~~~~~~~~
In file included from /home/u12/darrenc/R/library_R_v4.2_new_ocelote/RcppEigen/include/Eigen/Core:165,
                 from /home/u12/darrenc/R/library_R_v4.2_new_ocelote/RcppEigen/include/Eigen/Dense:1,
                 from /home/u12/darrenc/R/library_R_v4.2_new_ocelote/RcppEigen/include/RcppEigenForward.h:28,
                 from /home/u12/darrenc/R/library_R_v4.2_new_ocelote/RcppEigen/include/RcppEigen.h:25,
                 from RcppExports.cpp:4:
/home/u12/darrenc/R/library_R_v4.2_new_ocelote/RcppEigen/include/Eigen/src/Core/util/XprHelper.h: In instantiation of ‘struct Eigen::internal::find_best_packet<double, 4>’:
/home/u12/darrenc/R/library_R_v4.2_new_ocelote/RcppEigen/include/Eigen/src/Core/Matrix.h:22:57:   required from ‘struct Eigen::internal::traits<Eigen::Matrix<double, 4, 1> >’
/home/u12/darrenc/R/library_R_v4.2_new_ocelote/RcppEigen/include/Eigen/src/Geometry/Quaternion.h:265:7:   required from ‘struct Eigen::internal::traits<Eigen::Quaternion<double> >’
/home/u12/darrenc/R/library_R_v4.2_new_ocelote/RcppEigen/include/Eigen/src/Geometry/arch/Geometry_SIMD.h:98:47:   required from here
/home/u12/darrenc/R/library_R_v4.2_new_ocelote/RcppEigen/include/Eigen/src/Core/util/XprHelper.h:190:44: warning: ignoring attributes on template argument ‘Eigen::internal::packet_traits<double>::type’ {aka ‘__vector(2) double’} [-Wignored-attributes]
          bool Stop = Size==Dynamic || (Size%unpacket_traits<PacketType>::size)==0 || is_same<PacketType,typename unpacket_traits<PacketType>::half>::value>
                                       ~~~~~^~~~~~~~~~~~~~~~~~~~~~~~~~~~~~~~~~~
/home/u12/darrenc/R/library_R_v4.2_new_ocelote/RcppEigen/include/Eigen/src/Core/util/XprHelper.h:190:83: warning: ignoring attributes on template argument ‘Eigen::internal::packet_traits<double>::type’ {aka ‘__vector(2) double’} [-Wignored-attributes]
          bool Stop = Size==Dynamic || (Size%unpacket_traits<PacketType>::size)==0 || is_same<PacketType,typename unpacket_traits<PacketType>::half>::value>
                      ~~~~~~~~~~~~~~~~~~~~~~~~~~~~~~~~~~~~~~~~~~~~~~~~~~~~~~~~~~~~~^~~~~~~~~~~~~~~~~~~~~~~~~~~~~~~~~~~~~~~~~~~~~~~~~~~~~~~~~~~~~~~~~
/home/u12/darrenc/R/library_R_v4.2_new_ocelote/RcppEigen/include/Eigen/src/Core/util/XprHelper.h:190:83: warning: ignoring attributes on template argument ‘Eigen::internal::packet_traits<double>::type’ {aka ‘__vector(2) double’} [-Wignored-attributes]
/home/u12/darrenc/R/library_R_v4.2_new_ocelote/RcppEigen/include/Eigen/src/Core/util/XprHelper.h:190:83: warning: ignoring attributes on template argument ‘Eigen::internal::unpacket_traits<__vector(2) double>::half’ {aka ‘__vector(2) double’} [-Wignored-attributes]
/home/u12/darrenc/R/library_R_v4.2_new_ocelote/RcppEigen/include/Eigen/src/Core/util/XprHelper.h:208:88: warning: ignoring attributes on template argument ‘Eigen::internal::packet_traits<double>::type’ {aka ‘__vector(2) double’} [-Wignored-attributes]
   typedef typename find_best_packet_helper<Size,typename packet_traits<T>::type>::type type;
                                                                                        ^~~~
In file included from /home/u12/darrenc/R/library_R_v4.2_new_ocelote/RcppEigen/include/Eigen/Core:271,
                 from /home/u12/darrenc/R/library_R_v4.2_new_ocelote/RcppEigen/include/Eigen/Dense:1,
                 from /home/u12/darrenc/R/library_R_v4.2_new_ocelote/RcppEigen/include/RcppEigenForward.h:28,
                 from /home/u12/darrenc/R/library_R_v4.2_new_ocelote/RcppEigen/include/RcppEigen.h:25,
                 from RcppExports.cpp:4:
/home/u12/darrenc/R/library_R_v4.2_new_ocelote/RcppEigen/include/Eigen/src/Core/DenseCoeffsBase.h: In instantiation of ‘class Eigen::DenseCoeffsBase<Eigen::Matrix<double, 4, 1>, 0>’:
/home/u12/darrenc/R/library_R_v4.2_new_ocelote/RcppEigen/include/Eigen/src/Core/DenseCoeffsBase.h:302:7:   required from ‘class Eigen::DenseCoeffsBase<Eigen::Matrix<double, 4, 1>, 1>’
/home/u12/darrenc/R/library_R_v4.2_new_ocelote/RcppEigen/include/Eigen/src/Core/DenseCoeffsBase.h:555:7:   required from ‘class Eigen::DenseCoeffsBase<Eigen::Matrix<double, 4, 1>, 3>’
/home/u12/darrenc/R/library_R_v4.2_new_ocelote/RcppEigen/include/Eigen/src/Core/DenseBase.h:41:34:   required from ‘class Eigen::DenseBase<Eigen::Matrix<double, 4, 1> >’
/home/u12/darrenc/R/library_R_v4.2_new_ocelote/RcppEigen/include/Eigen/src/Core/MatrixBase.h:48:34:   required from ‘class Eigen::MatrixBase<Eigen::Matrix<double, 4, 1> >’
/home/u12/darrenc/R/library_R_v4.2_new_ocelote/RcppEigen/include/Eigen/src/Core/PlainObjectBase.h:98:7:   required from ‘class Eigen::PlainObjectBase<Eigen::Matrix<double, 4, 1> >’
/home/u12/darrenc/R/library_R_v4.2_new_ocelote/RcppEigen/include/Eigen/src/Core/Matrix.h:178:7:   required from ‘class Eigen::Matrix<double, 4, 1>’
/home/u12/darrenc/R/library_R_v4.2_new_ocelote/RcppEigen/include/Eigen/src/Geometry/Quaternion.h:46:50:   required from ‘class Eigen::QuaternionBase<Eigen::Quaternion<double> >’
/home/u12/darrenc/R/library_R_v4.2_new_ocelote/RcppEigen/include/Eigen/src/Geometry/Quaternion.h:273:7:   required from ‘class Eigen::Quaternion<double>’
/home/u12/darrenc/R/library_R_v4.2_new_ocelote/RcppEigen/include/Eigen/src/Geometry/arch/Geometry_SIMD.h:102:3:   required from here
/home/u12/darrenc/R/library_R_v4.2_new_ocelote/RcppEigen/include/Eigen/src/Core/DenseCoeffsBase.h:56:30: warning: ignoring attributes on template argument ‘Eigen::internal::packet_traits<double>::type’ {aka ‘__vector(2) double’} [-Wignored-attributes]
                      >::type PacketReturnType;
                              ^~~~~~~~~~~~~~~~
In file included from /home/u12/darrenc/R/library_R_v4.2_new_ocelote/RcppEigen/include/Eigen/SparseCore:37,
                 from /home/u12/darrenc/R/library_R_v4.2_new_ocelote/RcppEigen/include/Eigen/Sparse:26,
                 from /home/u12/darrenc/R/library_R_v4.2_new_ocelote/RcppEigen/include/RcppEigenForward.h:29,
                 from /home/u12/darrenc/R/library_R_v4.2_new_ocelote/RcppEigen/include/RcppEigen.h:25,
                 from RcppExports.cpp:4:
/home/u12/darrenc/R/library_R_v4.2_new_ocelote/RcppEigen/include/Eigen/src/SparseCore/SparseMatrixBase.h: In instantiation of ‘class Eigen::SparseMatrixBase<Eigen::SparseMatrix<double, 0, int> >’:
/home/u12/darrenc/R/library_R_v4.2_new_ocelote/RcppEigen/include/Eigen/src/SparseCore/SparseCompressedBase.h:36:7:   required from ‘class Eigen::SparseCompressedBase<Eigen::SparseMatrix<double, 0, int> >’
/home/u12/darrenc/R/library_R_v4.2_new_ocelote/RcppEigen/include/Eigen/src/SparseCore/SparseMatrix.h:96:7:   required from ‘class Eigen::SparseMatrix<double, 0, int>’
/home/u12/darrenc/R/library_R_v4.2_new_ocelote/RcppEigen/include/unsupported/Eigen/src/IterativeSolvers/ConstrainedConjGrad.h:61:25:   required from here
/home/u12/darrenc/R/library_R_v4.2_new_ocelote/RcppEigen/include/Eigen/src/SparseCore/SparseMatrixBase.h:47:30: warning: ignoring attributes on template argument ‘Eigen::internal::packet_traits<double>::type’ {aka ‘__vector(2) double’} [-Wignored-attributes]
                      >::type PacketReturnType;
                              ^~~~~~~~~~~~~~~~
In file included from /home/u12/darrenc/R/library_R_v4.2_new_ocelote/RcppEigen/include/Eigen/Core:165,
                 from /home/u12/darrenc/R/library_R_v4.2_new_ocelote/RcppEigen/include/Eigen/Dense:1,
                 from /home/u12/darrenc/R/library_R_v4.2_new_ocelote/RcppEigen/include/RcppEigenForward.h:28,
                 from /home/u12/darrenc/R/library_R_v4.2_new_ocelote/RcppEigen/include/RcppEigen.h:25,
                 from RcppExports.cpp:4:
/home/u12/darrenc/R/library_R_v4.2_new_ocelote/RcppEigen/include/Eigen/src/Core/util/XprHelper.h: In instantiation of ‘struct Eigen::internal::find_best_packet<double, -1>’:
/home/u12/darrenc/R/library_R_v4.2_new_ocelote/RcppEigen/include/Eigen/src/Core/Matrix.h:22:57:   required from ‘struct Eigen::internal::traits<Eigen::Matrix<double, -1, -1> >’
/home/u12/darrenc/R/library_R_v4.2_new_ocelote/RcppEigen/include/Eigen/src/Core/Map.h:18:8:   required from ‘struct Eigen::internal::traits<Eigen::Map<Eigen::Matrix<double, -1, -1> > >’
/home/u12/darrenc/R/library_R_v4.2_new_ocelote/RcppEigen/include/Eigen/src/Core/util/ForwardDeclarations.h:32:54:   required from ‘struct Eigen::internal::accessors_level<Eigen::Map<Eigen::Matrix<double, -1, -1> > >’
/home/u12/darrenc/R/library_R_v4.2_new_ocelote/RcppEigen/include/Eigen/src/Core/util/ForwardDeclarations.h:111:75:   required from ‘class Eigen::Map<Eigen::Matrix<double, -1, -1> >’
/home/u12/darrenc/R/library_R_v4.2_new_ocelote/Rcpp/include/Rcpp/InputParameter.h:64:11:   required from ‘class Rcpp::ConstInputParameter<Eigen::Map<Eigen::Matrix<double, -1, -1> > >’
RcppExports.cpp:16:91:   required from here
/home/u12/darrenc/R/library_R_v4.2_new_ocelote/RcppEigen/include/Eigen/src/Core/util/XprHelper.h:190:44: warning: ignoring attributes on template argument ‘Eigen::internal::packet_traits<double>::type’ {aka ‘__vector(2) double’} [-Wignored-attributes]
          bool Stop = Size==Dynamic || (Size%unpacket_traits<PacketType>::size)==0 || is_same<PacketType,typename unpacket_traits<PacketType>::half>::value>
                                       ~~~~~^~~~~~~~~~~~~~~~~~~~~~~~~~~~~~~~~~~
/home/u12/darrenc/R/library_R_v4.2_new_ocelote/RcppEigen/include/Eigen/src/Core/util/XprHelper.h:190:83: warning: ignoring attributes on template argument ‘Eigen::internal::packet_traits<double>::type’ {aka ‘__vector(2) double’} [-Wignored-attributes]
          bool Stop = Size==Dynamic || (Size%unpacket_traits<PacketType>::size)==0 || is_same<PacketType,typename unpacket_traits<PacketType>::half>::value>
                      ~~~~~~~~~~~~~~~~~~~~~~~~~~~~~~~~~~~~~~~~~~~~~~~~~~~~~~~~~~~~~^~~~~~~~~~~~~~~~~~~~~~~~~~~~~~~~~~~~~~~~~~~~~~~~~~~~~~~~~~~~~~~~~
/home/u12/darrenc/R/library_R_v4.2_new_ocelote/RcppEigen/include/Eigen/src/Core/util/XprHelper.h:190:83: warning: ignoring attributes on template argument ‘Eigen::internal::packet_traits<double>::type’ {aka ‘__vector(2) double’} [-Wignored-attributes]
/home/u12/darrenc/R/library_R_v4.2_new_ocelote/RcppEigen/include/Eigen/src/Core/util/XprHelper.h:190:83: warning: ignoring attributes on template argument ‘Eigen::internal::unpacket_traits<__vector(2) double>::half’ {aka ‘__vector(2) double’} [-Wignored-attributes]
/home/u12/darrenc/R/library_R_v4.2_new_ocelote/RcppEigen/include/Eigen/src/Core/util/XprHelper.h:208:88: warning: ignoring attributes on template argument ‘Eigen::internal::packet_traits<double>::type’ {aka ‘__vector(2) double’} [-Wignored-attributes]
   typedef typename find_best_packet_helper<Size,typename packet_traits<T>::type>::type type;
                                                                                        ^~~~
In file included from /home/u12/darrenc/R/library_R_v4.2_new_ocelote/RcppEigen/include/Eigen/Core:271,
                 from /home/u12/darrenc/R/library_R_v4.2_new_ocelote/RcppEigen/include/Eigen/Dense:1,
                 from /home/u12/darrenc/R/library_R_v4.2_new_ocelote/RcppEigen/include/RcppEigenForward.h:28,
                 from /home/u12/darrenc/R/library_R_v4.2_new_ocelote/RcppEigen/include/RcppEigen.h:25,
                 from RcppExports.cpp:4:
/home/u12/darrenc/R/library_R_v4.2_new_ocelote/RcppEigen/include/Eigen/src/Core/DenseCoeffsBase.h: In instantiation of ‘class Eigen::DenseCoeffsBase<Eigen::Matrix<double, -1, -1>, 0>’:
/home/u12/darrenc/R/library_R_v4.2_new_ocelote/RcppEigen/include/Eigen/src/Core/DenseCoeffsBase.h:302:7:   required from ‘class Eigen::DenseCoeffsBase<Eigen::Matrix<double, -1, -1>, 1>’
/home/u12/darrenc/R/library_R_v4.2_new_ocelote/RcppEigen/include/Eigen/src/Core/DenseCoeffsBase.h:555:7:   required from ‘class Eigen::DenseCoeffsBase<Eigen::Matrix<double, -1, -1>, 3>’
/home/u12/darrenc/R/library_R_v4.2_new_ocelote/RcppEigen/include/Eigen/src/Core/DenseBase.h:41:34:   required from ‘class Eigen::DenseBase<Eigen::Matrix<double, -1, -1> >’
/home/u12/darrenc/R/library_R_v4.2_new_ocelote/RcppEigen/include/Eigen/src/Core/MatrixBase.h:48:34:   required from ‘class Eigen::MatrixBase<Eigen::Matrix<double, -1, -1> >’
/home/u12/darrenc/R/library_R_v4.2_new_ocelote/RcppEigen/include/Eigen/src/Core/PlainObjectBase.h:98:7:   required from ‘class Eigen::PlainObjectBase<Eigen::Matrix<double, -1, -1> >’
/home/u12/darrenc/R/library_R_v4.2_new_ocelote/RcppEigen/include/Eigen/src/Core/Matrix.h:178:7:   required from ‘class Eigen::Matrix<double, -1, -1>’
/home/u12/darrenc/R/library_R_v4.2_new_ocelote/RcppEigen/include/Eigen/src/Core/Map.h:24:30:   required from ‘struct Eigen::internal::traits<Eigen::Map<Eigen::Matrix<double, -1, -1> > >’
/home/u12/darrenc/R/library_R_v4.2_new_ocelote/RcppEigen/include/Eigen/src/Core/util/ForwardDeclarations.h:32:54:   required from ‘struct Eigen::internal::accessors_level<Eigen::Map<Eigen::Matrix<double, -1, -1> > >’
/home/u12/darrenc/R/library_R_v4.2_new_ocelote/RcppEigen/include/Eigen/src/Core/util/ForwardDeclarations.h:111:75:   required from ‘class Eigen::Map<Eigen::Matrix<double, -1, -1> >’
/home/u12/darrenc/R/library_R_v4.2_new_ocelote/Rcpp/include/Rcpp/InputParameter.h:64:11:   required from ‘class Rcpp::ConstInputParameter<Eigen::Map<Eigen::Matrix<double, -1, -1> > >’
RcppExports.cpp:16:91:   required from here
/home/u12/darrenc/R/library_R_v4.2_new_ocelote/RcppEigen/include/Eigen/src/Core/DenseCoeffsBase.h:56:30: warning: ignoring attributes on template argument ‘Eigen::internal::packet_traits<double>::type’ {aka ‘__vector(2) double’} [-Wignored-attributes]
                      >::type PacketReturnType;
                              ^~~~~~~~~~~~~~~~
/home/u12/darrenc/R/library_R_v4.2_new_ocelote/RcppEigen/include/Eigen/src/Core/DenseCoeffsBase.h: In instantiation of ‘class Eigen::DenseCoeffsBase<Eigen::Map<Eigen::Matrix<double, -1, -1> >, 0>’:
/home/u12/darrenc/R/library_R_v4.2_new_ocelote/RcppEigen/include/Eigen/src/Core/DenseCoeffsBase.h:302:7:   required from ‘class Eigen::DenseCoeffsBase<Eigen::Map<Eigen::Matrix<double, -1, -1> >, 1>’
/home/u12/darrenc/R/library_R_v4.2_new_ocelote/RcppEigen/include/Eigen/src/Core/DenseCoeffsBase.h:555:7:   required from ‘class Eigen::DenseCoeffsBase<Eigen::Map<Eigen::Matrix<double, -1, -1> >, 3>’
/home/u12/darrenc/R/library_R_v4.2_new_ocelote/RcppEigen/include/Eigen/src/Core/DenseBase.h:41:34:   required from ‘class Eigen::DenseBase<Eigen::Map<Eigen::Matrix<double, -1, -1> > >’
/home/u12/darrenc/R/library_R_v4.2_new_ocelote/RcppEigen/include/Eigen/src/Core/MatrixBase.h:48:34:   required from ‘class Eigen::MatrixBase<Eigen::Map<Eigen::Matrix<double, -1, -1> > >’
/home/u12/darrenc/R/library_R_v4.2_new_ocelote/RcppEigen/include/Eigen/src/Core/MapBase.h:37:34:   required from ‘class Eigen::MapBase<Eigen::Map<Eigen::Matrix<double, -1, -1> >, 0>’
/home/u12/darrenc/R/library_R_v4.2_new_ocelote/RcppEigen/include/Eigen/src/Core/MapBase.h:223:34:   required from ‘class Eigen::MapBase<Eigen::Map<Eigen::Matrix<double, -1, -1> >, 1>’
/home/u12/darrenc/R/library_R_v4.2_new_ocelote/RcppEigen/include/Eigen/src/Core/Map.h:94:79:   required from ‘class Eigen::Map<Eigen::Matrix<double, -1, -1> >’
/home/u12/darrenc/R/library_R_v4.2_new_ocelote/Rcpp/include/Rcpp/InputParameter.h:64:11:   required from ‘class Rcpp::ConstInputParameter<Eigen::Map<Eigen::Matrix<double, -1, -1> > >’
RcppExports.cpp:16:91:   required from here
/home/u12/darrenc/R/library_R_v4.2_new_ocelote/RcppEigen/include/Eigen/src/Core/DenseCoeffsBase.h:56:30: warning: ignoring attributes on template argument ‘Eigen::internal::packet_traits<double>::type’ {aka ‘__vector(2) double’} [-Wignored-attributes]
g++ -std=gnu++14 -I"/opt/ohpc/pub/apps/R/4.2.2/lib64/R/include" -DNDEBUG -I. -I'/home/u12/darrenc/R/library_R_v4.2_new_ocelote/Rcpp/include' -I'/home/u12/darrenc/R/library_R_v4.2_new_ocelote/RcppEigen/include' -I'/home/u12/darrenc/R/library_R_v4.2_new_ocelote/BH/include' -I/usr/local/include   -fpic  -g -O2  -c WKNN.cpp -o WKNN.o
In file included from /home/u12/darrenc/R/library_R_v4.2_new_ocelote/RcppEigen/include/Eigen/Core:205,
                 from /home/u12/darrenc/R/library_R_v4.2_new_ocelote/RcppEigen/include/Eigen/Dense:1,
                 from /home/u12/darrenc/R/library_R_v4.2_new_ocelote/RcppEigen/include/RcppEigenForward.h:28,
                 from /home/u12/darrenc/R/library_R_v4.2_new_ocelote/RcppEigen/include/RcppEigen.h:25,
                 from WKNN.cpp:2:
/home/u12/darrenc/R/library_R_v4.2_new_ocelote/RcppEigen/include/Eigen/src/Core/arch/SSE/PacketMath.h:46:40: warning: ignoring attributes on template argument ‘__m128i’ {aka ‘__vector(2) long long int’} [-Wignored-attributes]
 typedef eigen_packet_wrapper<__m128i, 0> Packet4i;
                                        ^
/home/u12/darrenc/R/library_R_v4.2_new_ocelote/RcppEigen/include/Eigen/src/Core/arch/SSE/PacketMath.h:47:40: warning: ignoring attributes on template argument ‘__m128i’ {aka ‘__vector(2) long long int’} [-Wignored-attributes]
 typedef eigen_packet_wrapper<__m128i, 1> Packet16b;
                                        ^
/home/u12/darrenc/R/library_R_v4.2_new_ocelote/RcppEigen/include/Eigen/src/Core/arch/SSE/PacketMath.h:49:39: warning: ignoring attributes on template argument ‘__m128’ {aka ‘__vector(4) float’} [-Wignored-attributes]
 template<> struct is_arithmetic<__m128>  { enum { value = true }; };
                                       ^
/home/u12/darrenc/R/library_R_v4.2_new_ocelote/RcppEigen/include/Eigen/src/Core/arch/SSE/PacketMath.h:50:40: warning: ignoring attributes on template argument ‘__m128i’ {aka ‘__vector(2) long long int’} [-Wignored-attributes]
 template<> struct is_arithmetic<__m128i> { enum { value = true }; };
                                        ^
/home/u12/darrenc/R/library_R_v4.2_new_ocelote/RcppEigen/include/Eigen/src/Core/arch/SSE/PacketMath.h:51:40: warning: ignoring attributes on template argument ‘__m128d’ {aka ‘__vector(2) double’} [-Wignored-attributes]
 template<> struct is_arithmetic<__m128d> { enum { value = true }; };
                                        ^
/home/u12/darrenc/R/library_R_v4.2_new_ocelote/RcppEigen/include/Eigen/src/Core/arch/SSE/PacketMath.h:222:43: warning: ignoring attributes on template argument ‘Eigen::internal::Packet4f’ {aka ‘__vector(4) float’} [-Wignored-attributes]
 template<> struct unpacket_traits<Packet4f> {
                                           ^
/home/u12/darrenc/R/library_R_v4.2_new_ocelote/RcppEigen/include/Eigen/src/Core/arch/SSE/PacketMath.h:228:43: warning: ignoring attributes on template argument ‘Eigen::internal::Packet2d’ {aka ‘__vector(2) double’} [-Wignored-attributes]
 template<> struct unpacket_traits<Packet2d> {
                                           ^
/home/u12/darrenc/R/library_R_v4.2_new_ocelote/RcppEigen/include/Eigen/src/Core/arch/SSE/PacketMath.h:1124:34: warning: ignoring attributes on template argument ‘Eigen::internal::Packet4f’ {aka ‘__vector(4) float’} [-Wignored-attributes]
 ptranspose(PacketBlock<Packet4f,4>& kernel) {
                                  ^
/home/u12/darrenc/R/library_R_v4.2_new_ocelote/RcppEigen/include/Eigen/src/Core/arch/SSE/PacketMath.h:1129:34: warning: ignoring attributes on template argument ‘Eigen::internal::Packet2d’ {aka ‘__vector(2) double’} [-Wignored-attributes]
 ptranspose(PacketBlock<Packet2d,2>& kernel) {
                                  ^
In file included from /home/u12/darrenc/R/library_R_v4.2_new_ocelote/RcppEigen/include/Eigen/Core:174,
                 from /home/u12/darrenc/R/library_R_v4.2_new_ocelote/RcppEigen/include/Eigen/Dense:1,
                 from /home/u12/darrenc/R/library_R_v4.2_new_ocelote/RcppEigen/include/RcppEigenForward.h:28,
                 from /home/u12/darrenc/R/library_R_v4.2_new_ocelote/RcppEigen/include/RcppEigen.h:25,
                 from WKNN.cpp:2:
/home/u12/darrenc/R/library_R_v4.2_new_ocelote/RcppEigen/include/Eigen/src/Core/arch/Default/ConjHelper.h:16:60: warning: ignoring attributes on template argument ‘Eigen::internal::Packet4f’ {aka ‘__vector(4) float’} [-Wignored-attributes]
   struct conj_helper<PACKET_REAL, PACKET_CPLX, false, false> {          \
                                                            ^
/home/u12/darrenc/R/library_R_v4.2_new_ocelote/RcppEigen/include/Eigen/src/Core/arch/SSE/Complex.h:173:1: note: in expansion of macro ‘EIGEN_MAKE_CONJ_HELPER_CPLX_REAL’
 EIGEN_MAKE_CONJ_HELPER_CPLX_REAL(Packet2cf,Packet4f)
 ^~~~~~~~~~~~~~~~~~~~~~~~~~~~~~~~
/home/u12/darrenc/R/library_R_v4.2_new_ocelote/RcppEigen/include/Eigen/src/Core/arch/Default/ConjHelper.h:29:60: warning: ignoring attributes on template argument ‘Eigen::internal::Packet4f’ {aka ‘__vector(4) float’} [-Wignored-attributes]
   struct conj_helper<PACKET_CPLX, PACKET_REAL, false, false> {          \
                                                            ^
/home/u12/darrenc/R/library_R_v4.2_new_ocelote/RcppEigen/include/Eigen/src/Core/arch/SSE/Complex.h:173:1: note: in expansion of macro ‘EIGEN_MAKE_CONJ_HELPER_CPLX_REAL’
 EIGEN_MAKE_CONJ_HELPER_CPLX_REAL(Packet2cf,Packet4f)
 ^~~~~~~~~~~~~~~~~~~~~~~~~~~~~~~~
/home/u12/darrenc/R/library_R_v4.2_new_ocelote/RcppEigen/include/Eigen/src/Core/arch/Default/ConjHelper.h:16:60: warning: ignoring attributes on template argument ‘Eigen::internal::Packet2d’ {aka ‘__vector(2) double’} [-Wignored-attributes]
   struct conj_helper<PACKET_REAL, PACKET_CPLX, false, false> {          \
                                                            ^
/home/u12/darrenc/R/library_R_v4.2_new_ocelote/RcppEigen/include/Eigen/src/Core/arch/SSE/Complex.h:298:1: note: in expansion of macro ‘EIGEN_MAKE_CONJ_HELPER_CPLX_REAL’
 EIGEN_MAKE_CONJ_HELPER_CPLX_REAL(Packet1cd,Packet2d)
 ^~~~~~~~~~~~~~~~~~~~~~~~~~~~~~~~
/home/u12/darrenc/R/library_R_v4.2_new_ocelote/RcppEigen/include/Eigen/src/Core/arch/Default/ConjHelper.h:29:60: warning: ignoring attributes on template argument ‘Eigen::internal::Packet2d’ {aka ‘__vector(2) double’} [-Wignored-attributes]
   struct conj_helper<PACKET_CPLX, PACKET_REAL, false, false> {          \
                                                            ^
/home/u12/darrenc/R/library_R_v4.2_new_ocelote/RcppEigen/include/Eigen/src/Core/arch/SSE/Complex.h:298:1: note: in expansion of macro ‘EIGEN_MAKE_CONJ_HELPER_CPLX_REAL’
 EIGEN_MAKE_CONJ_HELPER_CPLX_REAL(Packet1cd,Packet2d)
 ^~~~~~~~~~~~~~~~~~~~~~~~~~~~~~~~
In file included from /home/u12/darrenc/R/library_R_v4.2_new_ocelote/RcppEigen/include/Eigen/Core:165,
                 from /home/u12/darrenc/R/library_R_v4.2_new_ocelote/RcppEigen/include/Eigen/Dense:1,
                 from /home/u12/darrenc/R/library_R_v4.2_new_ocelote/RcppEigen/include/RcppEigenForward.h:28,
                 from /home/u12/darrenc/R/library_R_v4.2_new_ocelote/RcppEigen/include/RcppEigen.h:25,
                 from WKNN.cpp:2:
/home/u12/darrenc/R/library_R_v4.2_new_ocelote/RcppEigen/include/Eigen/src/Core/util/XprHelper.h: In instantiation of ‘struct Eigen::internal::find_best_packet<float, 4>’:
/home/u12/darrenc/R/library_R_v4.2_new_ocelote/RcppEigen/include/Eigen/src/Core/Matrix.h:22:57:   required from ‘struct Eigen::internal::traits<Eigen::Matrix<float, 4, 1> >’
/home/u12/darrenc/R/library_R_v4.2_new_ocelote/RcppEigen/include/Eigen/src/Geometry/Quaternion.h:265:7:   required from ‘struct Eigen::internal::traits<Eigen::Quaternion<float> >’
/home/u12/darrenc/R/library_R_v4.2_new_ocelote/RcppEigen/include/Eigen/src/Geometry/arch/Geometry_SIMD.h:24:46:   required from here
/home/u12/darrenc/R/library_R_v4.2_new_ocelote/RcppEigen/include/Eigen/src/Core/util/XprHelper.h:190:44: warning: ignoring attributes on template argument ‘Eigen::internal::packet_traits<float>::type’ {aka ‘__vector(4) float’} [-Wignored-attributes]
          bool Stop = Size==Dynamic || (Size%unpacket_traits<PacketType>::size)==0 || is_same<PacketType,typename unpacket_traits<PacketType>::half>::value>
                                       ~~~~~^~~~~~~~~~~~~~~~~~~~~~~~~~~~~~~~~~~
/home/u12/darrenc/R/library_R_v4.2_new_ocelote/RcppEigen/include/Eigen/src/Core/util/XprHelper.h:190:83: warning: ignoring attributes on template argument ‘Eigen::internal::packet_traits<float>::type’ {aka ‘__vector(4) float’} [-Wignored-attributes]
          bool Stop = Size==Dynamic || (Size%unpacket_traits<PacketType>::size)==0 || is_same<PacketType,typename unpacket_traits<PacketType>::half>::value>
                      ~~~~~~~~~~~~~~~~~~~~~~~~~~~~~~~~~~~~~~~~~~~~~~~~~~~~~~~~~~~~~^~~~~~~~~~~~~~~~~~~~~~~~~~~~~~~~~~~~~~~~~~~~~~~~~~~~~~~~~~~~~~~~~
/home/u12/darrenc/R/library_R_v4.2_new_ocelote/RcppEigen/include/Eigen/src/Core/util/XprHelper.h:190:83: warning: ignoring attributes on template argument ‘Eigen::internal::packet_traits<float>::type’ {aka ‘__vector(4) float’} [-Wignored-attributes]
/home/u12/darrenc/R/library_R_v4.2_new_ocelote/RcppEigen/include/Eigen/src/Core/util/XprHelper.h:190:83: warning: ignoring attributes on template argument ‘Eigen::internal::unpacket_traits<__vector(4) float>::half’ {aka ‘__vector(4) float’} [-Wignored-attributes]
/home/u12/darrenc/R/library_R_v4.2_new_ocelote/RcppEigen/include/Eigen/src/Core/util/XprHelper.h:208:88: warning: ignoring attributes on template argument ‘Eigen::internal::packet_traits<float>::type’ {aka ‘__vector(4) float’} [-Wignored-attributes]
   typedef typename find_best_packet_helper<Size,typename packet_traits<T>::type>::type type;
                                                                                        ^~~~
In file included from /home/u12/darrenc/R/library_R_v4.2_new_ocelote/RcppEigen/include/Eigen/Core:271,
                 from /home/u12/darrenc/R/library_R_v4.2_new_ocelote/RcppEigen/include/Eigen/Dense:1,
                 from /home/u12/darrenc/R/library_R_v4.2_new_ocelote/RcppEigen/include/RcppEigenForward.h:28,
                 from /home/u12/darrenc/R/library_R_v4.2_new_ocelote/RcppEigen/include/RcppEigen.h:25,
                 from WKNN.cpp:2:
/home/u12/darrenc/R/library_R_v4.2_new_ocelote/RcppEigen/include/Eigen/src/Core/DenseCoeffsBase.h: In instantiation of ‘class Eigen::DenseCoeffsBase<Eigen::Matrix<float, 4, 1>, 0>’:
/home/u12/darrenc/R/library_R_v4.2_new_ocelote/RcppEigen/include/Eigen/src/Core/DenseCoeffsBase.h:302:7:   required from ‘class Eigen::DenseCoeffsBase<Eigen::Matrix<float, 4, 1>, 1>’
/home/u12/darrenc/R/library_R_v4.2_new_ocelote/RcppEigen/include/Eigen/src/Core/DenseCoeffsBase.h:555:7:   required from ‘class Eigen::DenseCoeffsBase<Eigen::Matrix<float, 4, 1>, 3>’
/home/u12/darrenc/R/library_R_v4.2_new_ocelote/RcppEigen/include/Eigen/src/Core/DenseBase.h:41:34:   required from ‘class Eigen::DenseBase<Eigen::Matrix<float, 4, 1> >’
/home/u12/darrenc/R/library_R_v4.2_new_ocelote/RcppEigen/include/Eigen/src/Core/MatrixBase.h:48:34:   required from ‘class Eigen::MatrixBase<Eigen::Matrix<float, 4, 1> >’
/home/u12/darrenc/R/library_R_v4.2_new_ocelote/RcppEigen/include/Eigen/src/Core/PlainObjectBase.h:98:7:   required from ‘class Eigen::PlainObjectBase<Eigen::Matrix<float, 4, 1> >’
/home/u12/darrenc/R/library_R_v4.2_new_ocelote/RcppEigen/include/Eigen/src/Core/Matrix.h:178:7:   required from ‘class Eigen::Matrix<float, 4, 1>’
/home/u12/darrenc/R/library_R_v4.2_new_ocelote/RcppEigen/include/Eigen/src/Geometry/Quaternion.h:46:50:   required from ‘class Eigen::QuaternionBase<Eigen::Quaternion<float> >’
/home/u12/darrenc/R/library_R_v4.2_new_ocelote/RcppEigen/include/Eigen/src/Geometry/Quaternion.h:273:7:   required from ‘class Eigen::Quaternion<float>’
/home/u12/darrenc/R/library_R_v4.2_new_ocelote/RcppEigen/include/Eigen/src/Geometry/arch/Geometry_SIMD.h:27:3:   required from here
/home/u12/darrenc/R/library_R_v4.2_new_ocelote/RcppEigen/include/Eigen/src/Core/DenseCoeffsBase.h:56:30: warning: ignoring attributes on template argument ‘Eigen::internal::packet_traits<float>::type’ {aka ‘__vector(4) float’} [-Wignored-attributes]
                      >::type PacketReturnType;
                              ^~~~~~~~~~~~~~~~
In file included from /home/u12/darrenc/R/library_R_v4.2_new_ocelote/RcppEigen/include/Eigen/Core:165,
                 from /home/u12/darrenc/R/library_R_v4.2_new_ocelote/RcppEigen/include/Eigen/Dense:1,
                 from /home/u12/darrenc/R/library_R_v4.2_new_ocelote/RcppEigen/include/RcppEigenForward.h:28,
                 from /home/u12/darrenc/R/library_R_v4.2_new_ocelote/RcppEigen/include/RcppEigen.h:25,
                 from WKNN.cpp:2:
/home/u12/darrenc/R/library_R_v4.2_new_ocelote/RcppEigen/include/Eigen/src/Core/util/XprHelper.h: In instantiation of ‘struct Eigen::internal::find_best_packet<double, 4>’:
/home/u12/darrenc/R/library_R_v4.2_new_ocelote/RcppEigen/include/Eigen/src/Core/Matrix.h:22:57:   required from ‘struct Eigen::internal::traits<Eigen::Matrix<double, 4, 1> >’
/home/u12/darrenc/R/library_R_v4.2_new_ocelote/RcppEigen/include/Eigen/src/Geometry/Quaternion.h:265:7:   required from ‘struct Eigen::internal::traits<Eigen::Quaternion<double> >’
/home/u12/darrenc/R/library_R_v4.2_new_ocelote/RcppEigen/include/Eigen/src/Geometry/arch/Geometry_SIMD.h:98:47:   required from here
/home/u12/darrenc/R/library_R_v4.2_new_ocelote/RcppEigen/include/Eigen/src/Core/util/XprHelper.h:190:44: warning: ignoring attributes on template argument ‘Eigen::internal::packet_traits<double>::type’ {aka ‘__vector(2) double’} [-Wignored-attributes]
          bool Stop = Size==Dynamic || (Size%unpacket_traits<PacketType>::size)==0 || is_same<PacketType,typename unpacket_traits<PacketType>::half>::value>
                                       ~~~~~^~~~~~~~~~~~~~~~~~~~~~~~~~~~~~~~~~~
/home/u12/darrenc/R/library_R_v4.2_new_ocelote/RcppEigen/include/Eigen/src/Core/util/XprHelper.h:190:83: warning: ignoring attributes on template argument ‘Eigen::internal::packet_traits<double>::type’ {aka ‘__vector(2) double’} [-Wignored-attributes]
          bool Stop = Size==Dynamic || (Size%unpacket_traits<PacketType>::size)==0 || is_same<PacketType,typename unpacket_traits<PacketType>::half>::value>
                      ~~~~~~~~~~~~~~~~~~~~~~~~~~~~~~~~~~~~~~~~~~~~~~~~~~~~~~~~~~~~~^~~~~~~~~~~~~~~~~~~~~~~~~~~~~~~~~~~~~~~~~~~~~~~~~~~~~~~~~~~~~~~~~
/home/u12/darrenc/R/library_R_v4.2_new_ocelote/RcppEigen/include/Eigen/src/Core/util/XprHelper.h:190:83: warning: ignoring attributes on template argument ‘Eigen::internal::packet_traits<double>::type’ {aka ‘__vector(2) double’} [-Wignored-attributes]
/home/u12/darrenc/R/library_R_v4.2_new_ocelote/RcppEigen/include/Eigen/src/Core/util/XprHelper.h:190:83: warning: ignoring attributes on template argument ‘Eigen::internal::unpacket_traits<__vector(2) double>::half’ {aka ‘__vector(2) double’} [-Wignored-attributes]
/home/u12/darrenc/R/library_R_v4.2_new_ocelote/RcppEigen/include/Eigen/src/Core/util/XprHelper.h:208:88: warning: ignoring attributes on template argument ‘Eigen::internal::packet_traits<double>::type’ {aka ‘__vector(2) double’} [-Wignored-attributes]
   typedef typename find_best_packet_helper<Size,typename packet_traits<T>::type>::type type;
                                                                                        ^~~~
In file included from /home/u12/darrenc/R/library_R_v4.2_new_ocelote/RcppEigen/include/Eigen/Core:271,
                 from /home/u12/darrenc/R/library_R_v4.2_new_ocelote/RcppEigen/include/Eigen/Dense:1,
                 from /home/u12/darrenc/R/library_R_v4.2_new_ocelote/RcppEigen/include/RcppEigenForward.h:28,
                 from /home/u12/darrenc/R/library_R_v4.2_new_ocelote/RcppEigen/include/RcppEigen.h:25,
                 from WKNN.cpp:2:
/home/u12/darrenc/R/library_R_v4.2_new_ocelote/RcppEigen/include/Eigen/src/Core/DenseCoeffsBase.h: In instantiation of ‘class Eigen::DenseCoeffsBase<Eigen::Matrix<double, 4, 1>, 0>’:
/home/u12/darrenc/R/library_R_v4.2_new_ocelote/RcppEigen/include/Eigen/src/Core/DenseCoeffsBase.h:302:7:   required from ‘class Eigen::DenseCoeffsBase<Eigen::Matrix<double, 4, 1>, 1>’
/home/u12/darrenc/R/library_R_v4.2_new_ocelote/RcppEigen/include/Eigen/src/Core/DenseCoeffsBase.h:555:7:   required from ‘class Eigen::DenseCoeffsBase<Eigen::Matrix<double, 4, 1>, 3>’
/home/u12/darrenc/R/library_R_v4.2_new_ocelote/RcppEigen/include/Eigen/src/Core/DenseBase.h:41:34:   required from ‘class Eigen::DenseBase<Eigen::Matrix<double, 4, 1> >’
/home/u12/darrenc/R/library_R_v4.2_new_ocelote/RcppEigen/include/Eigen/src/Core/MatrixBase.h:48:34:   required from ‘class Eigen::MatrixBase<Eigen::Matrix<double, 4, 1> >’
/home/u12/darrenc/R/library_R_v4.2_new_ocelote/RcppEigen/include/Eigen/src/Core/PlainObjectBase.h:98:7:   required from ‘class Eigen::PlainObjectBase<Eigen::Matrix<double, 4, 1> >’
/home/u12/darrenc/R/library_R_v4.2_new_ocelote/RcppEigen/include/Eigen/src/Core/Matrix.h:178:7:   required from ‘class Eigen::Matrix<double, 4, 1>’
/home/u12/darrenc/R/library_R_v4.2_new_ocelote/RcppEigen/include/Eigen/src/Geometry/Quaternion.h:46:50:   required from ‘class Eigen::QuaternionBase<Eigen::Quaternion<double> >’
/home/u12/darrenc/R/library_R_v4.2_new_ocelote/RcppEigen/include/Eigen/src/Geometry/Quaternion.h:273:7:   required from ‘class Eigen::Quaternion<double>’
/home/u12/darrenc/R/library_R_v4.2_new_ocelote/RcppEigen/include/Eigen/src/Geometry/arch/Geometry_SIMD.h:102:3:   required from here
/home/u12/darrenc/R/library_R_v4.2_new_ocelote/RcppEigen/include/Eigen/src/Core/DenseCoeffsBase.h:56:30: warning: ignoring attributes on template argument ‘Eigen::internal::packet_traits<double>::type’ {aka ‘__vector(2) double’} [-Wignored-attributes]
                      >::type PacketReturnType;
                              ^~~~~~~~~~~~~~~~
In file included from /home/u12/darrenc/R/library_R_v4.2_new_ocelote/RcppEigen/include/Eigen/SparseCore:37,
                 from /home/u12/darrenc/R/library_R_v4.2_new_ocelote/RcppEigen/include/Eigen/Sparse:26,
                 from /home/u12/darrenc/R/library_R_v4.2_new_ocelote/RcppEigen/include/RcppEigenForward.h:29,
                 from /home/u12/darrenc/R/library_R_v4.2_new_ocelote/RcppEigen/include/RcppEigen.h:25,
                 from WKNN.cpp:2:
/home/u12/darrenc/R/library_R_v4.2_new_ocelote/RcppEigen/include/Eigen/src/SparseCore/SparseMatrixBase.h: In instantiation of ‘class Eigen::SparseMatrixBase<Eigen::SparseMatrix<double, 0, int> >’:
/home/u12/darrenc/R/library_R_v4.2_new_ocelote/RcppEigen/include/Eigen/src/SparseCore/SparseCompressedBase.h:36:7:   required from ‘class Eigen::SparseCompressedBase<Eigen::SparseMatrix<double, 0, int> >’
/home/u12/darrenc/R/library_R_v4.2_new_ocelote/RcppEigen/include/Eigen/src/SparseCore/SparseMatrix.h:96:7:   required from ‘class Eigen::SparseMatrix<double, 0, int>’
/home/u12/darrenc/R/library_R_v4.2_new_ocelote/RcppEigen/include/unsupported/Eigen/src/IterativeSolvers/ConstrainedConjGrad.h:61:25:   required from here
/home/u12/darrenc/R/library_R_v4.2_new_ocelote/RcppEigen/include/Eigen/src/SparseCore/SparseMatrixBase.h:47:30: warning: ignoring attributes on template argument ‘Eigen::internal::packet_traits<double>::type’ {aka ‘__vector(2) double’} [-Wignored-attributes]
                      >::type PacketReturnType;
                              ^~~~~~~~~~~~~~~~
In file included from /home/u12/darrenc/R/library_R_v4.2_new_ocelote/RcppEigen/include/Eigen/Core:165,
                 from /home/u12/darrenc/R/library_R_v4.2_new_ocelote/RcppEigen/include/Eigen/Dense:1,
                 from /home/u12/darrenc/R/library_R_v4.2_new_ocelote/RcppEigen/include/RcppEigenForward.h:28,
                 from /home/u12/darrenc/R/library_R_v4.2_new_ocelote/RcppEigen/include/RcppEigen.h:25,
                 from WKNN.cpp:2:
/home/u12/darrenc/R/library_R_v4.2_new_ocelote/RcppEigen/include/Eigen/src/Core/util/XprHelper.h: In instantiation of ‘struct Eigen::internal::find_best_packet<double, -1>’:
/home/u12/darrenc/R/library_R_v4.2_new_ocelote/RcppEigen/include/Eigen/src/Core/Matrix.h:22:57:   required from ‘struct Eigen::internal::traits<Eigen::Matrix<double, -1, -1> >’
/home/u12/darrenc/R/library_R_v4.2_new_ocelote/RcppEigen/include/Eigen/src/Core/Map.h:18:8:   required from ‘struct Eigen::internal::traits<Eigen::Map<Eigen::Matrix<double, -1, -1> > >’
/home/u12/darrenc/R/library_R_v4.2_new_ocelote/RcppEigen/include/Eigen/src/Core/util/ForwardDeclarations.h:32:54:   required from ‘struct Eigen::internal::accessors_level<Eigen::Map<Eigen::Matrix<double, -1, -1> > >’
/home/u12/darrenc/R/library_R_v4.2_new_ocelote/RcppEigen/include/Eigen/src/Core/util/ForwardDeclarations.h:111:75:   required from ‘class Eigen::Map<Eigen::Matrix<double, -1, -1> >’
WKNN.cpp:12:69:   required from here
/home/u12/darrenc/R/library_R_v4.2_new_ocelote/RcppEigen/include/Eigen/src/Core/util/XprHelper.h:190:44: warning: ignoring attributes on template argument ‘Eigen::internal::packet_traits<double>::type’ {aka ‘__vector(2) double’} [-Wignored-attributes]
          bool Stop = Size==Dynamic || (Size%unpacket_traits<PacketType>::size)==0 || is_same<PacketType,typename unpacket_traits<PacketType>::half>::value>
                                       ~~~~~^~~~~~~~~~~~~~~~~~~~~~~~~~~~~~~~~~~
/home/u12/darrenc/R/library_R_v4.2_new_ocelote/RcppEigen/include/Eigen/src/Core/util/XprHelper.h:190:83: warning: ignoring attributes on template argument ‘Eigen::internal::packet_traits<double>::type’ {aka ‘__vector(2) double’} [-Wignored-attributes]
          bool Stop = Size==Dynamic || (Size%unpacket_traits<PacketType>::size)==0 || is_same<PacketType,typename unpacket_traits<PacketType>::half>::value>
                      ~~~~~~~~~~~~~~~~~~~~~~~~~~~~~~~~~~~~~~~~~~~~~~~~~~~~~~~~~~~~~^~~~~~~~~~~~~~~~~~~~~~~~~~~~~~~~~~~~~~~~~~~~~~~~~~~~~~~~~~~~~~~~~
/home/u12/darrenc/R/library_R_v4.2_new_ocelote/RcppEigen/include/Eigen/src/Core/util/XprHelper.h:190:83: warning: ignoring attributes on template argument ‘Eigen::internal::packet_traits<double>::type’ {aka ‘__vector(2) double’} [-Wignored-attributes]
/home/u12/darrenc/R/library_R_v4.2_new_ocelote/RcppEigen/include/Eigen/src/Core/util/XprHelper.h:190:83: warning: ignoring attributes on template argument ‘Eigen::internal::unpacket_traits<__vector(2) double>::half’ {aka ‘__vector(2) double’} [-Wignored-attributes]
/home/u12/darrenc/R/library_R_v4.2_new_ocelote/RcppEigen/include/Eigen/src/Core/util/XprHelper.h:208:88: warning: ignoring attributes on template argument ‘Eigen::internal::packet_traits<double>::type’ {aka ‘__vector(2) double’} [-Wignored-attributes]
   typedef typename find_best_packet_helper<Size,typename packet_traits<T>::type>::type type;
                                                                                        ^~~~
In file included from /home/u12/darrenc/R/library_R_v4.2_new_ocelote/RcppEigen/include/Eigen/Core:271,
                 from /home/u12/darrenc/R/library_R_v4.2_new_ocelote/RcppEigen/include/Eigen/Dense:1,
                 from /home/u12/darrenc/R/library_R_v4.2_new_ocelote/RcppEigen/include/RcppEigenForward.h:28,
                 from /home/u12/darrenc/R/library_R_v4.2_new_ocelote/RcppEigen/include/RcppEigen.h:25,
                 from WKNN.cpp:2:
/home/u12/darrenc/R/library_R_v4.2_new_ocelote/RcppEigen/include/Eigen/src/Core/DenseCoeffsBase.h: In instantiation of ‘class Eigen::DenseCoeffsBase<Eigen::Matrix<double, -1, -1>, 0>’:
/home/u12/darrenc/R/library_R_v4.2_new_ocelote/RcppEigen/include/Eigen/src/Core/DenseCoeffsBase.h:302:7:   required from ‘class Eigen::DenseCoeffsBase<Eigen::Matrix<double, -1, -1>, 1>’
/home/u12/darrenc/R/library_R_v4.2_new_ocelote/RcppEigen/include/Eigen/src/Core/DenseCoeffsBase.h:555:7:   required from ‘class Eigen::DenseCoeffsBase<Eigen::Matrix<double, -1, -1>, 3>’
/home/u12/darrenc/R/library_R_v4.2_new_ocelote/RcppEigen/include/Eigen/src/Core/DenseBase.h:41:34:   required from ‘class Eigen::DenseBase<Eigen::Matrix<double, -1, -1> >’
/home/u12/darrenc/R/library_R_v4.2_new_ocelote/RcppEigen/include/Eigen/src/Core/MatrixBase.h:48:34:   required from ‘class Eigen::MatrixBase<Eigen::Matrix<double, -1, -1> >’
/home/u12/darrenc/R/library_R_v4.2_new_ocelote/RcppEigen/include/Eigen/src/Core/PlainObjectBase.h:98:7:   required from ‘class Eigen::PlainObjectBase<Eigen::Matrix<double, -1, -1> >’
/home/u12/darrenc/R/library_R_v4.2_new_ocelote/RcppEigen/include/Eigen/src/Core/Matrix.h:178:7:   required from ‘class Eigen::Matrix<double, -1, -1>’
/home/u12/darrenc/R/library_R_v4.2_new_ocelote/RcppEigen/include/Eigen/src/Core/Map.h:24:30:   required from ‘struct Eigen::internal::traits<Eigen::Map<Eigen::Matrix<double, -1, -1> > >’
/home/u12/darrenc/R/library_R_v4.2_new_ocelote/RcppEigen/include/Eigen/src/Core/util/ForwardDeclarations.h:32:54:   required from ‘struct Eigen::internal::accessors_level<Eigen::Map<Eigen::Matrix<double, -1, -1> > >’
/home/u12/darrenc/R/library_R_v4.2_new_ocelote/RcppEigen/include/Eigen/src/Core/util/ForwardDeclarations.h:111:75:   required from ‘class Eigen::Map<Eigen::Matrix<double, -1, -1> >’
WKNN.cpp:12:69:   required from here
/home/u12/darrenc/R/library_R_v4.2_new_ocelote/RcppEigen/include/Eigen/src/Core/DenseCoeffsBase.h:56:30: warning: ignoring attributes on template argument ‘Eigen::internal::packet_traits<double>::type’ {aka ‘__vector(2) double’} [-Wignored-attributes]
                      >::type PacketReturnType;
                              ^~~~~~~~~~~~~~~~
/home/u12/darrenc/R/library_R_v4.2_new_ocelote/RcppEigen/include/Eigen/src/Core/DenseCoeffsBase.h: In instantiation of ‘class Eigen::DenseCoeffsBase<Eigen::Map<Eigen::Matrix<double, -1, -1> >, 0>’:
/home/u12/darrenc/R/library_R_v4.2_new_ocelote/RcppEigen/include/Eigen/src/Core/DenseCoeffsBase.h:302:7:   required from ‘class Eigen::DenseCoeffsBase<Eigen::Map<Eigen::Matrix<double, -1, -1> >, 1>’
/home/u12/darrenc/R/library_R_v4.2_new_ocelote/RcppEigen/include/Eigen/src/Core/DenseCoeffsBase.h:555:7:   required from ‘class Eigen::DenseCoeffsBase<Eigen::Map<Eigen::Matrix<double, -1, -1> >, 3>’
/home/u12/darrenc/R/library_R_v4.2_new_ocelote/RcppEigen/include/Eigen/src/Core/DenseBase.h:41:34:   required from ‘class Eigen::DenseBase<Eigen::Map<Eigen::Matrix<double, -1, -1> > >’
/home/u12/darrenc/R/library_R_v4.2_new_ocelote/RcppEigen/include/Eigen/src/Core/MatrixBase.h:48:34:   required from ‘class Eigen::MatrixBase<Eigen::Map<Eigen::Matrix<double, -1, -1> > >’
/home/u12/darrenc/R/library_R_v4.2_new_ocelote/RcppEigen/include/Eigen/src/Core/MapBase.h:37:34:   required from ‘class Eigen::MapBase<Eigen::Map<Eigen::Matrix<double, -1, -1> >, 0>’
/home/u12/darrenc/R/library_R_v4.2_new_ocelote/RcppEigen/include/Eigen/src/Core/MapBase.h:223:34:   required from ‘class Eigen::MapBase<Eigen::Map<Eigen::Matrix<double, -1, -1> >, 1>’
/home/u12/darrenc/R/library_R_v4.2_new_ocelote/RcppEigen/include/Eigen/src/Core/Map.h:94:79:   required from ‘class Eigen::Map<Eigen::Matrix<double, -1, -1> >’
WKNN.cpp:12:69:   required from here
/home/u12/darrenc/R/library_R_v4.2_new_ocelote/RcppEigen/include/Eigen/src/Core/DenseCoeffsBase.h:56:30: warning: ignoring attributes on template argument ‘Eigen::internal::packet_traits<double>::type’ {aka ‘__vector(2) double’} [-Wignored-attributes]
/home/u12/darrenc/R/library_R_v4.2_new_ocelote/RcppEigen/include/Eigen/src/Core/DenseCoeffsBase.h: In instantiation of ‘class Eigen::DenseCoeffsBase<Eigen::Matrix<double, -1, 1>, 0>’:
/home/u12/darrenc/R/library_R_v4.2_new_ocelote/RcppEigen/include/Eigen/src/Core/DenseCoeffsBase.h:302:7:   required from ‘class Eigen::DenseCoeffsBase<Eigen::Matrix<double, -1, 1>, 1>’
/home/u12/darrenc/R/library_R_v4.2_new_ocelote/RcppEigen/include/Eigen/src/Core/DenseCoeffsBase.h:555:7:   required from ‘class Eigen::DenseCoeffsBase<Eigen::Matrix<double, -1, 1>, 3>’
/home/u12/darrenc/R/library_R_v4.2_new_ocelote/RcppEigen/include/Eigen/src/Core/DenseBase.h:41:34:   required from ‘class Eigen::DenseBase<Eigen::Matrix<double, -1, 1> >’
/home/u12/darrenc/R/library_R_v4.2_new_ocelote/RcppEigen/include/Eigen/src/Core/MatrixBase.h:48:34:   required from ‘class Eigen::MatrixBase<Eigen::Matrix<double, -1, 1> >’
/home/u12/darrenc/R/library_R_v4.2_new_ocelote/RcppEigen/include/Eigen/src/Core/PlainObjectBase.h:98:7:   required from ‘class Eigen::PlainObjectBase<Eigen::Matrix<double, -1, 1> >’
/home/u12/darrenc/R/library_R_v4.2_new_ocelote/RcppEigen/include/Eigen/src/Core/Matrix.h:178:7:   required from ‘class Eigen::Matrix<double, -1, 1>’
nabo.h:265:16:   required from ‘struct Nabo::NearestNeighbourSearch<double>’
WKNN.cpp:18:6:   required from ‘struct WKNN<double>’
WKNN.cpp:82:17:   required from here
/home/u12/darrenc/R/library_R_v4.2_new_ocelote/RcppEigen/include/Eigen/src/Core/DenseCoeffsBase.h:56:30: warning: ignoring attributes on template argument ‘Eigen::internal::packet_traits<double>::type’ {aka ‘__vector(2) double’} [-Wignored-attributes]
In file included from /home/u12/darrenc/R/library_R_v4.2_new_ocelote/RcppEigen/include/Eigen/Core:165,
                 from /home/u12/darrenc/R/library_R_v4.2_new_ocelote/RcppEigen/include/Eigen/Dense:1,
                 from /home/u12/darrenc/R/library_R_v4.2_new_ocelote/RcppEigen/include/RcppEigenForward.h:28,
                 from /home/u12/darrenc/R/library_R_v4.2_new_ocelote/RcppEigen/include/RcppEigen.h:25,
                 from WKNN.cpp:2:
/home/u12/darrenc/R/library_R_v4.2_new_ocelote/RcppEigen/include/Eigen/src/Core/util/XprHelper.h: In instantiation of ‘struct Eigen::internal::find_best_packet<float, -1>’:
/home/u12/darrenc/R/library_R_v4.2_new_ocelote/RcppEigen/include/Eigen/src/Core/Matrix.h:22:57:   required from ‘struct Eigen::internal::traits<Eigen::Matrix<float, -1, 1> >’
/home/u12/darrenc/R/library_R_v4.2_new_ocelote/RcppEigen/include/Eigen/src/Core/PlainObjectBase.h:98:7:   required from ‘class Eigen::PlainObjectBase<Eigen::Matrix<float, -1, 1> >’
/home/u12/darrenc/R/library_R_v4.2_new_ocelote/RcppEigen/include/Eigen/src/Core/Matrix.h:178:7:   required from ‘class Eigen::Matrix<float, -1, 1>’
nabo.h:265:16:   required from ‘struct Nabo::NearestNeighbourSearch<float>’
WKNN.cpp:18:6:   required from ‘struct WKNN<float>’
WKNN.cpp:96:17:   required from here
/home/u12/darrenc/R/library_R_v4.2_new_ocelote/RcppEigen/include/Eigen/src/Core/util/XprHelper.h:190:44: warning: ignoring attributes on template argument ‘Eigen::internal::packet_traits<float>::type’ {aka ‘__vector(4) float’} [-Wignored-attributes]
          bool Stop = Size==Dynamic || (Size%unpacket_traits<PacketType>::size)==0 || is_same<PacketType,typename unpacket_traits<PacketType>::half>::value>
                                       ~~~~~^~~~~~~~~~~~~~~~~~~~~~~~~~~~~~~~~~~
/home/u12/darrenc/R/library_R_v4.2_new_ocelote/RcppEigen/include/Eigen/src/Core/util/XprHelper.h:190:83: warning: ignoring attributes on template argument ‘Eigen::internal::packet_traits<float>::type’ {aka ‘__vector(4) float’} [-Wignored-attributes]
          bool Stop = Size==Dynamic || (Size%unpacket_traits<PacketType>::size)==0 || is_same<PacketType,typename unpacket_traits<PacketType>::half>::value>
                      ~~~~~~~~~~~~~~~~~~~~~~~~~~~~~~~~~~~~~~~~~~~~~~~~~~~~~~~~~~~~~^~~~~~~~~~~~~~~~~~~~~~~~~~~~~~~~~~~~~~~~~~~~~~~~~~~~~~~~~~~~~~~~~
/home/u12/darrenc/R/library_R_v4.2_new_ocelote/RcppEigen/include/Eigen/src/Core/util/XprHelper.h:190:83: warning: ignoring attributes on template argument ‘Eigen::internal::packet_traits<float>::type’ {aka ‘__vector(4) float’} [-Wignored-attributes]
/home/u12/darrenc/R/library_R_v4.2_new_ocelote/RcppEigen/include/Eigen/src/Core/util/XprHelper.h:190:83: warning: ignoring attributes on template argument ‘Eigen::internal::unpacket_traits<__vector(4) float>::half’ {aka ‘__vector(4) float’} [-Wignored-attributes]
/home/u12/darrenc/R/library_R_v4.2_new_ocelote/RcppEigen/include/Eigen/src/Core/util/XprHelper.h:208:88: warning: ignoring attributes on template argument ‘Eigen::internal::packet_traits<float>::type’ {aka ‘__vector(4) float’} [-Wignored-attributes]
   typedef typename find_best_packet_helper<Size,typename packet_traits<T>::type>::type type;
                                                                                        ^~~~
In file included from /home/u12/darrenc/R/library_R_v4.2_new_ocelote/RcppEigen/include/Eigen/Core:271,
                 from /home/u12/darrenc/R/library_R_v4.2_new_ocelote/RcppEigen/include/Eigen/Dense:1,
                 from /home/u12/darrenc/R/library_R_v4.2_new_ocelote/RcppEigen/include/RcppEigenForward.h:28,
                 from /home/u12/darrenc/R/library_R_v4.2_new_ocelote/RcppEigen/include/RcppEigen.h:25,
                 from WKNN.cpp:2:
/home/u12/darrenc/R/library_R_v4.2_new_ocelote/RcppEigen/include/Eigen/src/Core/DenseCoeffsBase.h: In instantiation of ‘class Eigen::DenseCoeffsBase<Eigen::Matrix<float, -1, 1>, 0>’:
/home/u12/darrenc/R/library_R_v4.2_new_ocelote/RcppEigen/include/Eigen/src/Core/DenseCoeffsBase.h:302:7:   required from ‘class Eigen::DenseCoeffsBase<Eigen::Matrix<float, -1, 1>, 1>’
/home/u12/darrenc/R/library_R_v4.2_new_ocelote/RcppEigen/include/Eigen/src/Core/DenseCoeffsBase.h:555:7:   required from ‘class Eigen::DenseCoeffsBase<Eigen::Matrix<float, -1, 1>, 3>’
/home/u12/darrenc/R/library_R_v4.2_new_ocelote/RcppEigen/include/Eigen/src/Core/DenseBase.h:41:34:   required from ‘class Eigen::DenseBase<Eigen::Matrix<float, -1, 1> >’
/home/u12/darrenc/R/library_R_v4.2_new_ocelote/RcppEigen/include/Eigen/src/Core/MatrixBase.h:48:34:   required from ‘class Eigen::MatrixBase<Eigen::Matrix<float, -1, 1> >’
/home/u12/darrenc/R/library_R_v4.2_new_ocelote/RcppEigen/include/Eigen/src/Core/PlainObjectBase.h:98:7:   required from ‘class Eigen::PlainObjectBase<Eigen::Matrix<float, -1, 1> >’
/home/u12/darrenc/R/library_R_v4.2_new_ocelote/RcppEigen/include/Eigen/src/Core/Matrix.h:178:7:   required from ‘class Eigen::Matrix<float, -1, 1>’
nabo.h:265:16:   required from ‘struct Nabo::NearestNeighbourSearch<float>’
WKNN.cpp:18:6:   required from ‘struct WKNN<float>’
WKNN.cpp:96:17:   required from here
/home/u12/darrenc/R/library_R_v4.2_new_ocelote/RcppEigen/include/Eigen/src/Core/DenseCoeffsBase.h:56:30: warning: ignoring attributes on template argument ‘Eigen::internal::packet_traits<float>::type’ {aka ‘__vector(4) float’} [-Wignored-attributes]
                      >::type PacketReturnType;
                              ^~~~~~~~~~~~~~~~
/home/u12/darrenc/R/library_R_v4.2_new_ocelote/RcppEigen/include/Eigen/src/Core/DenseCoeffsBase.h: In instantiation of ‘class Eigen::DenseCoeffsBase<Eigen::Matrix<float, -1, -1>, 0>’:
/home/u12/darrenc/R/library_R_v4.2_new_ocelote/RcppEigen/include/Eigen/src/Core/DenseCoeffsBase.h:302:7:   required from ‘class Eigen::DenseCoeffsBase<Eigen::Matrix<float, -1, -1>, 1>’
/home/u12/darrenc/R/library_R_v4.2_new_ocelote/RcppEigen/include/Eigen/src/Core/DenseCoeffsBase.h:555:7:   required from ‘class Eigen::DenseCoeffsBase<Eigen::Matrix<float, -1, -1>, 3>’
/home/u12/darrenc/R/library_R_v4.2_new_ocelote/RcppEigen/include/Eigen/src/Core/DenseBase.h:41:34:   required from ‘class Eigen::DenseBase<Eigen::Matrix<float, -1, -1> >’
/home/u12/darrenc/R/library_R_v4.2_new_ocelote/RcppEigen/include/Eigen/src/Core/MatrixBase.h:48:34:   required from ‘class Eigen::MatrixBase<Eigen::Matrix<float, -1, -1> >’
/home/u12/darrenc/R/library_R_v4.2_new_ocelote/RcppEigen/include/Eigen/src/Core/PlainObjectBase.h:98:7:   required from ‘class Eigen::PlainObjectBase<Eigen::Matrix<float, -1, -1> >’
/home/u12/darrenc/R/library_R_v4.2_new_ocelote/RcppEigen/include/Eigen/src/Core/Matrix.h:178:7:   required from ‘class Eigen::Matrix<float, -1, -1>’
WKNN.h:33:38:   required from ‘struct WKNN<float>’
WKNN.cpp:96:17:   required from here
/home/u12/darrenc/R/library_R_v4.2_new_ocelote/RcppEigen/include/Eigen/src/Core/DenseCoeffsBase.h:56:30: warning: ignoring attributes on template argument ‘Eigen::internal::packet_traits<float>::type’ {aka ‘__vector(4) float’} [-Wignored-attributes]
/home/u12/darrenc/R/library_R_v4.2_new_ocelote/RcppEigen/include/Eigen/src/Core/DenseCoeffsBase.h: In instantiation of ‘class Eigen::DenseCoeffsBase<Eigen::CwiseUnaryOp<Eigen::internal::scalar_cast_op<double, double>, const Eigen::Map<Eigen::Matrix<double, -1, -1> > >, 0>’:
/home/u12/darrenc/R/library_R_v4.2_new_ocelote/RcppEigen/include/Eigen/src/Core/DenseBase.h:41:34:   required from ‘class Eigen::DenseBase<Eigen::CwiseUnaryOp<Eigen::internal::scalar_cast_op<double, double>, const Eigen::Map<Eigen::Matrix<double, -1, -1> > > >’
/home/u12/darrenc/R/library_R_v4.2_new_ocelote/RcppEigen/include/Eigen/src/Core/MatrixBase.h:48:34:   required from ‘class Eigen::MatrixBase<Eigen::CwiseUnaryOp<Eigen::internal::scalar_cast_op<double, double>, const Eigen::Map<Eigen::Matrix<double, -1, -1> > > >’
/home/u12/darrenc/R/library_R_v4.2_new_ocelote/RcppEigen/include/Eigen/src/Core/CwiseUnaryOp.h:94:7:   required from ‘class Eigen::CwiseUnaryOpImpl<Eigen::internal::scalar_cast_op<double, double>, const Eigen::Map<Eigen::Matrix<double, -1, -1> >, Eigen::Dense>’
/home/u12/darrenc/R/library_R_v4.2_new_ocelote/RcppEigen/include/Eigen/src/Core/CwiseUnaryOp.h:55:7:   required from ‘class Eigen::CwiseUnaryOp<Eigen::internal::scalar_cast_op<double, double>, const Eigen::Map<Eigen::Matrix<double, -1, -1> > >’
/home/u12/darrenc/R/library_R_v4.2_new_ocelote/RcppEigen/include/Eigen/src/Core/util/XprHelper.h:513:38:   required from ‘struct Eigen::internal::cast_return_type<Eigen::Map<Eigen::Matrix<double, -1, -1> >, const Eigen::CwiseUnaryOp<Eigen::internal::scalar_cast_op<double, double>, const Eigen::Map<Eigen::Matrix<double, -1, -1> > > >’
/home/u12/darrenc/R/library_R_v4.2_new_ocelote/RcppEigen/include/Eigen/src/Core/../plugins/CommonCwiseUnaryOps.h:48:179:   required from ‘struct Eigen::DenseBase<Eigen::Map<Eigen::Matrix<double, -1, -1> > >::CastXpr<double>’
/home/u12/darrenc/R/library_R_v4.2_new_ocelote/RcppEigen/include/Eigen/src/Core/../plugins/CommonCwiseUnaryOps.h:62:1:   required by substitution of ‘template<class NewType> typename Eigen::DenseBase<Eigen::Map<Eigen::Matrix<double, -1, -1> > >::CastXpr<NewType>::Type Eigen::DenseBase<Eigen::Map<Eigen::Matrix<double, -1, -1> > >::cast<NewType>() const [with NewType = double]’
WKNN.cpp:13:38:   required from ‘WKNN<T>::WKNN(Eigen::Map<Eigen::Matrix<double, -1, -1> >, bool) [with T = double]’
WKNN.cpp:82:17:   required from here
/home/u12/darrenc/R/library_R_v4.2_new_ocelote/RcppEigen/include/Eigen/src/Core/DenseCoeffsBase.h:56:30: warning: ignoring attributes on template argument ‘Eigen::internal::packet_traits<double>::type’ {aka ‘__vector(2) double’} [-Wignored-attributes]
/home/u12/darrenc/R/library_R_v4.2_new_ocelote/RcppEigen/include/Eigen/src/Core/DenseCoeffsBase.h: In instantiation of ‘class Eigen::DenseCoeffsBase<Eigen::Transpose<const Eigen::Map<Eigen::Matrix<double, -1, -1> > >, 0>’:
/home/u12/darrenc/R/library_R_v4.2_new_ocelote/RcppEigen/include/Eigen/src/Core/DenseCoeffsBase.h:481:7:   required from ‘class Eigen::DenseCoeffsBase<Eigen::Transpose<const Eigen::Map<Eigen::Matrix<double, -1, -1> > >, 2>’
/home/u12/darrenc/R/library_R_v4.2_new_ocelote/RcppEigen/include/Eigen/src/Core/DenseBase.h:41:34:   required from ‘class Eigen::DenseBase<Eigen::Transpose<const Eigen::Map<Eigen::Matrix<double, -1, -1> > > >’
/home/u12/darrenc/R/library_R_v4.2_new_ocelote/RcppEigen/include/Eigen/src/Core/MatrixBase.h:48:34:   required from ‘class Eigen::MatrixBase<Eigen::Transpose<const Eigen::Map<Eigen::Matrix<double, -1, -1> > > >’
/home/u12/darrenc/R/library_R_v4.2_new_ocelote/RcppEigen/include/Eigen/src/Core/Transpose.h:118:37:   required from ‘class Eigen::TransposeImpl<const Eigen::Map<Eigen::Matrix<double, -1, -1> >, Eigen::Dense>’
/home/u12/darrenc/R/library_R_v4.2_new_ocelote/RcppEigen/include/Eigen/src/Core/Transpose.h:52:37:   required from ‘class Eigen::Transpose<const Eigen::Map<Eigen::Matrix<double, -1, -1> > >’
WKNN.cpp:13:12:   required from ‘WKNN<T>::WKNN(Eigen::Map<Eigen::Matrix<double, -1, -1> >, bool) [with T = double]’
WKNN.cpp:82:17:   required from here
/home/u12/darrenc/R/library_R_v4.2_new_ocelote/RcppEigen/include/Eigen/src/Core/DenseCoeffsBase.h:56:30: warning: ignoring attributes on template argument ‘Eigen::internal::packet_traits<double>::type’ {aka ‘__vector(2) double’} [-Wignored-attributes]
/home/u12/darrenc/R/library_R_v4.2_new_ocelote/RcppEigen/include/Eigen/src/Core/DenseCoeffsBase.h: In instantiation of ‘class Eigen::DenseCoeffsBase<Eigen::CwiseUnaryOp<Eigen::internal::scalar_sqrt_op<double>, const Eigen::Matrix<double, -1, -1> >, 0>’:
/home/u12/darrenc/R/library_R_v4.2_new_ocelote/RcppEigen/include/Eigen/src/Core/DenseBase.h:41:34:   required from ‘class Eigen::DenseBase<Eigen::CwiseUnaryOp<Eigen::internal::scalar_sqrt_op<double>, const Eigen::Matrix<double, -1, -1> > >’
/home/u12/darrenc/R/library_R_v4.2_new_ocelote/RcppEigen/include/Eigen/src/Core/MatrixBase.h:48:34:   required from ‘class Eigen::MatrixBase<Eigen::CwiseUnaryOp<Eigen::internal::scalar_sqrt_op<double>, const Eigen::Matrix<double, -1, -1> > >’
/home/u12/darrenc/R/library_R_v4.2_new_ocelote/RcppEigen/include/Eigen/src/Core/CwiseUnaryOp.h:94:7:   required from ‘class Eigen::CwiseUnaryOpImpl<Eigen::internal::scalar_sqrt_op<double>, const Eigen::Matrix<double, -1, -1>, Eigen::Dense>’
/home/u12/darrenc/R/library_R_v4.2_new_ocelote/RcppEigen/include/Eigen/src/Core/CwiseUnaryOp.h:55:7:   required from ‘class Eigen::CwiseUnaryOp<Eigen::internal::scalar_sqrt_op<double>, const Eigen::Matrix<double, -1, -1> >’
WKNN.cpp:58:46:   required from ‘Rcpp::List WKNN<T>::queryT(const Eigen::Matrix<Type, -1, -1>&, int, double, double) [with T = double; Rcpp::List = Rcpp::Vector<19>]’
WKNN.cpp:82:17:   required from here
/home/u12/darrenc/R/library_R_v4.2_new_ocelote/RcppEigen/include/Eigen/src/Core/DenseCoeffsBase.h:56:30: warning: ignoring attributes on template argument ‘Eigen::internal::packet_traits<double>::type’ {aka ‘__vector(2) double’} [-Wignored-attributes]
/home/u12/darrenc/R/library_R_v4.2_new_ocelote/RcppEigen/include/Eigen/src/Core/DenseCoeffsBase.h: In instantiation of ‘class Eigen::DenseCoeffsBase<Eigen::Transpose<const Eigen::CwiseUnaryOp<Eigen::internal::scalar_sqrt_op<double>, const Eigen::Matrix<double, -1, -1> > >, 0>’:
/home/u12/darrenc/R/library_R_v4.2_new_ocelote/RcppEigen/include/Eigen/src/Core/DenseBase.h:41:34:   required from ‘class Eigen::DenseBase<Eigen::Transpose<const Eigen::CwiseUnaryOp<Eigen::internal::scalar_sqrt_op<double>, const Eigen::Matrix<double, -1, -1> > > >’
/home/u12/darrenc/R/library_R_v4.2_new_ocelote/RcppEigen/include/Eigen/src/Core/MatrixBase.h:48:34:   required from ‘class Eigen::MatrixBase<Eigen::Transpose<const Eigen::CwiseUnaryOp<Eigen::internal::scalar_sqrt_op<double>, const Eigen::Matrix<double, -1, -1> > > >’
/home/u12/darrenc/R/library_R_v4.2_new_ocelote/RcppEigen/include/Eigen/src/Core/Transpose.h:118:37:   required from ‘class Eigen::TransposeImpl<const Eigen::CwiseUnaryOp<Eigen::internal::scalar_sqrt_op<double>, const Eigen::Matrix<double, -1, -1> >, Eigen::Dense>’
/home/u12/darrenc/R/library_R_v4.2_new_ocelote/RcppEigen/include/Eigen/src/Core/Transpose.h:52:37:   required from ‘class Eigen::Transpose<const Eigen::CwiseUnaryOp<Eigen::internal::scalar_sqrt_op<double>, const Eigen::Matrix<double, -1, -1> > >’
WKNN.cpp:58:67:   required from ‘Rcpp::List WKNN<T>::queryT(const Eigen::Matrix<Type, -1, -1>&, int, double, double) [with T = double; Rcpp::List = Rcpp::Vector<19>]’
WKNN.cpp:82:17:   required from here
/home/u12/darrenc/R/library_R_v4.2_new_ocelote/RcppEigen/include/Eigen/src/Core/DenseCoeffsBase.h:56:30: warning: ignoring attributes on template argument ‘Eigen::internal::packet_traits<double>::type’ {aka ‘__vector(2) double’} [-Wignored-attributes]
/home/u12/darrenc/R/library_R_v4.2_new_ocelote/RcppEigen/include/Eigen/src/Core/DenseCoeffsBase.h: In instantiation of ‘class Eigen::DenseCoeffsBase<Eigen::CwiseUnaryOp<Eigen::internal::scalar_cast_op<double, double>, const Eigen::Transpose<const Eigen::CwiseUnaryOp<Eigen::internal::scalar_sqrt_op<double>, const Eigen::Matrix<double, -1, -1> > > >, 0>’:
/home/u12/darrenc/R/library_R_v4.2_new_ocelote/RcppEigen/include/Eigen/src/Core/DenseBase.h:41:34:   required from ‘class Eigen::DenseBase<Eigen::CwiseUnaryOp<Eigen::internal::scalar_cast_op<double, double>, const Eigen::Transpose<const Eigen::CwiseUnaryOp<Eigen::internal::scalar_sqrt_op<double>, const Eigen::Matrix<double, -1, -1> > > > >’
/home/u12/darrenc/R/library_R_v4.2_new_ocelote/RcppEigen/include/Eigen/src/Core/MatrixBase.h:48:34:   required from ‘class Eigen::MatrixBase<Eigen::CwiseUnaryOp<Eigen::internal::scalar_cast_op<double, double>, const Eigen::Transpose<const Eigen::CwiseUnaryOp<Eigen::internal::scalar_sqrt_op<double>, const Eigen::Matrix<double, -1, -1> > > > >’
/home/u12/darrenc/R/library_R_v4.2_new_ocelote/RcppEigen/include/Eigen/src/Core/CwiseUnaryOp.h:94:7:   required from ‘class Eigen::CwiseUnaryOpImpl<Eigen::internal::scalar_cast_op<double, double>, const Eigen::Transpose<const Eigen::CwiseUnaryOp<Eigen::internal::scalar_sqrt_op<double>, const Eigen::Matrix<double, -1, -1> > >, Eigen::Dense>’
/home/u12/darrenc/R/library_R_v4.2_new_ocelote/RcppEigen/include/Eigen/src/Core/CwiseUnaryOp.h:55:7:   required from ‘class Eigen::CwiseUnaryOp<Eigen::internal::scalar_cast_op<double, double>, const Eigen::Transpose<const Eigen::CwiseUnaryOp<Eigen::internal::scalar_sqrt_op<double>, const Eigen::Matrix<double, -1, -1> > > >’
/home/u12/darrenc/R/library_R_v4.2_new_ocelote/RcppEigen/include/Eigen/src/Core/util/XprHelper.h:513:38:   required from ‘struct Eigen::internal::cast_return_type<Eigen::Transpose<const Eigen::CwiseUnaryOp<Eigen::internal::scalar_sqrt_op<double>, const Eigen::Matrix<double, -1, -1> > >, const Eigen::CwiseUnaryOp<Eigen::internal::scalar_cast_op<double, double>, const Eigen::Transpose<const Eigen::CwiseUnaryOp<Eigen::internal::scalar_sqrt_op<double>, const Eigen::Matrix<double, -1, -1> > > > >’
/home/u12/darrenc/R/library_R_v4.2_new_ocelote/RcppEigen/include/Eigen/src/Core/../plugins/CommonCwiseUnaryOps.h:48:179:   required from ‘struct Eigen::DenseBase<Eigen::Transpose<const Eigen::CwiseUnaryOp<Eigen::internal::scalar_sqrt_op<double>, const Eigen::Matrix<double, -1, -1> > > >::CastXpr<double>’
/home/u12/darrenc/R/library_R_v4.2_new_ocelote/RcppEigen/include/Eigen/src/Core/../plugins/CommonCwiseUnaryOps.h:62:1:   required by substitution of ‘template<class NewType> typename Eigen::DenseBase<Eigen::Transpose<const Eigen::CwiseUnaryOp<Eigen::internal::scalar_sqrt_op<double>, const Eigen::Matrix<double, -1, -1> > > >::CastXpr<NewType>::Type Eigen::DenseBase<Eigen::Transpose<const Eigen::CwiseUnaryOp<Eigen::internal::scalar_sqrt_op<double>, const Eigen::Matrix<double, -1, -1> > > >::cast<NewType>() const [with NewType = double]’
WKNN.cpp:58:19:   required from ‘Rcpp::List WKNN<T>::queryT(const Eigen::Matrix<Type, -1, -1>&, int, double, double) [with T = double; Rcpp::List = Rcpp::Vector<19>]’
WKNN.cpp:82:17:   required from here
/home/u12/darrenc/R/library_R_v4.2_new_ocelote/RcppEigen/include/Eigen/src/Core/DenseCoeffsBase.h:56:30: warning: ignoring attributes on template argument ‘Eigen::internal::packet_traits<double>::type’ {aka ‘__vector(2) double’} [-Wignored-attributes]
/home/u12/darrenc/R/library_R_v4.2_new_ocelote/RcppEigen/include/Eigen/src/Core/DenseCoeffsBase.h: In instantiation of ‘class Eigen::DenseCoeffsBase<Eigen::Transpose<Eigen::Matrix<double, -1, -1> >, 0>’:
/home/u12/darrenc/R/library_R_v4.2_new_ocelote/RcppEigen/include/Eigen/src/Core/DenseCoeffsBase.h:302:7:   required from ‘class Eigen::DenseCoeffsBase<Eigen::Transpose<Eigen::Matrix<double, -1, -1> >, 1>’
/home/u12/darrenc/R/library_R_v4.2_new_ocelote/RcppEigen/include/Eigen/src/Core/DenseCoeffsBase.h:555:7:   required from ‘class Eigen::DenseCoeffsBase<Eigen::Transpose<Eigen::Matrix<double, -1, -1> >, 3>’
/home/u12/darrenc/R/library_R_v4.2_new_ocelote/RcppEigen/include/Eigen/src/Core/DenseBase.h:41:34:   required from ‘class Eigen::DenseBase<Eigen::Transpose<Eigen::Matrix<double, -1, -1> > >’
/home/u12/darrenc/R/library_R_v4.2_new_ocelote/RcppEigen/include/Eigen/src/Core/MatrixBase.h:48:34:   required from ‘class Eigen::MatrixBase<Eigen::Transpose<Eigen::Matrix<double, -1, -1> > >’
/home/u12/darrenc/R/library_R_v4.2_new_ocelote/RcppEigen/include/Eigen/src/Core/Transpose.h:118:37:   required from ‘class Eigen::TransposeImpl<Eigen::Matrix<double, -1, -1>, Eigen::Dense>’
/home/u12/darrenc/R/library_R_v4.2_new_ocelote/RcppEigen/include/Eigen/src/Core/Transpose.h:52:37:   required from ‘class Eigen::Transpose<Eigen::Matrix<double, -1, -1> >’
WKNN.cpp:76:51:   required from ‘Eigen::MatrixXd WKNN<T>::getPoints() [with T = double; Eigen::MatrixXd = Eigen::Matrix<double, -1, -1>]’
WKNN.cpp:82:17:   required from here
/home/u12/darrenc/R/library_R_v4.2_new_ocelote/RcppEigen/include/Eigen/src/Core/DenseCoeffsBase.h:56:30: warning: ignoring attributes on template argument ‘Eigen::internal::packet_traits<double>::type’ {aka ‘__vector(2) double’} [-Wignored-attributes]
/home/u12/darrenc/R/library_R_v4.2_new_ocelote/RcppEigen/include/Eigen/src/Core/DenseCoeffsBase.h: In instantiation of ‘class Eigen::DenseCoeffsBase<Eigen::CwiseUnaryOp<Eigen::internal::scalar_cast_op<double, double>, const Eigen::Transpose<Eigen::Matrix<double, -1, -1> > >, 0>’:
/home/u12/darrenc/R/library_R_v4.2_new_ocelote/RcppEigen/include/Eigen/src/Core/DenseBase.h:41:34:   required from ‘class Eigen::DenseBase<Eigen::CwiseUnaryOp<Eigen::internal::scalar_cast_op<double, double>, const Eigen::Transpose<Eigen::Matrix<double, -1, -1> > > >’
/home/u12/darrenc/R/library_R_v4.2_new_ocelote/RcppEigen/include/Eigen/src/Core/MatrixBase.h:48:34:   required from ‘class Eigen::MatrixBase<Eigen::CwiseUnaryOp<Eigen::internal::scalar_cast_op<double, double>, const Eigen::Transpose<Eigen::Matrix<double, -1, -1> > > >’
/home/u12/darrenc/R/library_R_v4.2_new_ocelote/RcppEigen/include/Eigen/src/Core/CwiseUnaryOp.h:94:7:   required from ‘class Eigen::CwiseUnaryOpImpl<Eigen::internal::scalar_cast_op<double, double>, const Eigen::Transpose<Eigen::Matrix<double, -1, -1> >, Eigen::Dense>’
/home/u12/darrenc/R/library_R_v4.2_new_ocelote/RcppEigen/include/Eigen/src/Core/CwiseUnaryOp.h:55:7:   required from ‘class Eigen::CwiseUnaryOp<Eigen::internal::scalar_cast_op<double, double>, const Eigen::Transpose<Eigen::Matrix<double, -1, -1> > >’
/home/u12/darrenc/R/library_R_v4.2_new_ocelote/RcppEigen/include/Eigen/src/Core/util/XprHelper.h:513:38:   required from ‘struct Eigen::internal::cast_return_type<Eigen::Transpose<Eigen::Matrix<double, -1, -1> >, const Eigen::CwiseUnaryOp<Eigen::internal::scalar_cast_op<double, double>, const Eigen::Transpose<Eigen::Matrix<double, -1, -1> > > >’
/home/u12/darrenc/R/library_R_v4.2_new_ocelote/RcppEigen/include/Eigen/src/Core/../plugins/CommonCwiseUnaryOps.h:48:179:   required from ‘struct Eigen::DenseBase<Eigen::Transpose<Eigen::Matrix<double, -1, -1> > >::CastXpr<double>’
/home/u12/darrenc/R/library_R_v4.2_new_ocelote/RcppEigen/include/Eigen/src/Core/../plugins/CommonCwiseUnaryOps.h:62:1:   required by substitution of ‘template<class NewType> typename Eigen::DenseBase<Eigen::Transpose<Eigen::Matrix<double, -1, -1> > >::CastXpr<NewType>::Type Eigen::DenseBase<Eigen::Transpose<Eigen::Matrix<double, -1, -1> > >::cast<NewType>() const [with NewType = double]’
WKNN.cpp:76:12:   required from ‘Eigen::MatrixXd WKNN<T>::getPoints() [with T = double; Eigen::MatrixXd = Eigen::Matrix<double, -1, -1>]’
WKNN.cpp:82:17:   required from here
/home/u12/darrenc/R/library_R_v4.2_new_ocelote/RcppEigen/include/Eigen/src/Core/DenseCoeffsBase.h:56:30: warning: ignoring attributes on template argument ‘Eigen::internal::packet_traits<double>::type’ {aka ‘__vector(2) double’} [-Wignored-attributes]
/home/u12/darrenc/R/library_R_v4.2_new_ocelote/RcppEigen/include/Eigen/src/Core/DenseCoeffsBase.h: In instantiation of ‘class Eigen::DenseCoeffsBase<Eigen::CwiseUnaryOp<Eigen::internal::scalar_cast_op<double, float>, const Eigen::Map<Eigen::Matrix<double, -1, -1> > >, 0>’:
/home/u12/darrenc/R/library_R_v4.2_new_ocelote/RcppEigen/include/Eigen/src/Core/DenseBase.h:41:34:   required from ‘class Eigen::DenseBase<Eigen::CwiseUnaryOp<Eigen::internal::scalar_cast_op<double, float>, const Eigen::Map<Eigen::Matrix<double, -1, -1> > > >’
/home/u12/darrenc/R/library_R_v4.2_new_ocelote/RcppEigen/include/Eigen/src/Core/MatrixBase.h:48:34:   required from ‘class Eigen::MatrixBase<Eigen::CwiseUnaryOp<Eigen::internal::scalar_cast_op<double, float>, const Eigen::Map<Eigen::Matrix<double, -1, -1> > > >’
/home/u12/darrenc/R/library_R_v4.2_new_ocelote/RcppEigen/include/Eigen/src/Core/CwiseUnaryOp.h:94:7:   required from ‘class Eigen::CwiseUnaryOpImpl<Eigen::internal::scalar_cast_op<double, float>, const Eigen::Map<Eigen::Matrix<double, -1, -1> >, Eigen::Dense>’
/home/u12/darrenc/R/library_R_v4.2_new_ocelote/RcppEigen/include/Eigen/src/Core/CwiseUnaryOp.h:55:7:   required from ‘class Eigen::CwiseUnaryOp<Eigen::internal::scalar_cast_op<double, float>, const Eigen::Map<Eigen::Matrix<double, -1, -1> > >’
/home/u12/darrenc/R/library_R_v4.2_new_ocelote/RcppEigen/include/Eigen/src/Core/util/XprHelper.h:513:38:   required from ‘struct Eigen::internal::cast_return_type<Eigen::Map<Eigen::Matrix<double, -1, -1> >, const Eigen::CwiseUnaryOp<Eigen::internal::scalar_cast_op<double, float>, const Eigen::Map<Eigen::Matrix<double, -1, -1> > > >’
/home/u12/darrenc/R/library_R_v4.2_new_ocelote/RcppEigen/include/Eigen/src/Core/../plugins/CommonCwiseUnaryOps.h:48:179:   required from ‘struct Eigen::DenseBase<Eigen::Map<Eigen::Matrix<double, -1, -1> > >::CastXpr<float>’
/home/u12/darrenc/R/library_R_v4.2_new_ocelote/RcppEigen/include/Eigen/src/Core/../plugins/CommonCwiseUnaryOps.h:62:1:   required by substitution of ‘template<class NewType> typename Eigen::DenseBase<Eigen::Map<Eigen::Matrix<double, -1, -1> > >::CastXpr<NewType>::Type Eigen::DenseBase<Eigen::Map<Eigen::Matrix<double, -1, -1> > >::cast<NewType>() const [with NewType = float]’
WKNN.cpp:13:38:   required from ‘WKNN<T>::WKNN(Eigen::Map<Eigen::Matrix<double, -1, -1> >, bool) [with T = float]’
WKNN.cpp:96:17:   required from here
/home/u12/darrenc/R/library_R_v4.2_new_ocelote/RcppEigen/include/Eigen/src/Core/DenseCoeffsBase.h:56:30: warning: ignoring attributes on template argument ‘Eigen::internal::packet_traits<float>::type’ {aka ‘__vector(4) float’} [-Wignored-attributes]
/home/u12/darrenc/R/library_R_v4.2_new_ocelote/RcppEigen/include/Eigen/src/Core/DenseCoeffsBase.h: In instantiation of ‘class Eigen::DenseCoeffsBase<Eigen::Transpose<const Eigen::CwiseUnaryOp<Eigen::internal::scalar_cast_op<double, float>, const Eigen::Map<Eigen::Matrix<double, -1, -1> > > >, 0>’:
/home/u12/darrenc/R/library_R_v4.2_new_ocelote/RcppEigen/include/Eigen/src/Core/DenseBase.h:41:34:   required from ‘class Eigen::DenseBase<Eigen::Transpose<const Eigen::CwiseUnaryOp<Eigen::internal::scalar_cast_op<double, float>, const Eigen::Map<Eigen::Matrix<double, -1, -1> > > > >’
/home/u12/darrenc/R/library_R_v4.2_new_ocelote/RcppEigen/include/Eigen/src/Core/MatrixBase.h:48:34:   required from ‘class Eigen::MatrixBase<Eigen::Transpose<const Eigen::CwiseUnaryOp<Eigen::internal::scalar_cast_op<double, float>, const Eigen::Map<Eigen::Matrix<double, -1, -1> > > > >’
/home/u12/darrenc/R/library_R_v4.2_new_ocelote/RcppEigen/include/Eigen/src/Core/Transpose.h:118:37:   required from ‘class Eigen::TransposeImpl<const Eigen::CwiseUnaryOp<Eigen::internal::scalar_cast_op<double, float>, const Eigen::Map<Eigen::Matrix<double, -1, -1> > >, Eigen::Dense>’
/home/u12/darrenc/R/library_R_v4.2_new_ocelote/RcppEigen/include/Eigen/src/Core/Transpose.h:52:37:   required from ‘class Eigen::Transpose<const Eigen::CwiseUnaryOp<Eigen::internal::scalar_cast_op<double, float>, const Eigen::Map<Eigen::Matrix<double, -1, -1> > > >’
WKNN.cpp:13:12:   required from ‘WKNN<T>::WKNN(Eigen::Map<Eigen::Matrix<double, -1, -1> >, bool) [with T = float]’
WKNN.cpp:96:17:   required from here
/home/u12/darrenc/R/library_R_v4.2_new_ocelote/RcppEigen/include/Eigen/src/Core/DenseCoeffsBase.h:56:30: warning: ignoring attributes on template argument ‘Eigen::internal::packet_traits<float>::type’ {aka ‘__vector(4) float’} [-Wignored-attributes]
/home/u12/darrenc/R/library_R_v4.2_new_ocelote/RcppEigen/include/Eigen/src/Core/DenseCoeffsBase.h: In instantiation of ‘class Eigen::DenseCoeffsBase<Eigen::CwiseUnaryOp<Eigen::internal::scalar_sqrt_op<float>, const Eigen::Matrix<float, -1, -1> >, 0>’:
/home/u12/darrenc/R/library_R_v4.2_new_ocelote/RcppEigen/include/Eigen/src/Core/DenseBase.h:41:34:   required from ‘class Eigen::DenseBase<Eigen::CwiseUnaryOp<Eigen::internal::scalar_sqrt_op<float>, const Eigen::Matrix<float, -1, -1> > >’
/home/u12/darrenc/R/library_R_v4.2_new_ocelote/RcppEigen/include/Eigen/src/Core/MatrixBase.h:48:34:   required from ‘class Eigen::MatrixBase<Eigen::CwiseUnaryOp<Eigen::internal::scalar_sqrt_op<float>, const Eigen::Matrix<float, -1, -1> > >’
/home/u12/darrenc/R/library_R_v4.2_new_ocelote/RcppEigen/include/Eigen/src/Core/CwiseUnaryOp.h:94:7:   required from ‘class Eigen::CwiseUnaryOpImpl<Eigen::internal::scalar_sqrt_op<float>, const Eigen::Matrix<float, -1, -1>, Eigen::Dense>’
/home/u12/darrenc/R/library_R_v4.2_new_ocelote/RcppEigen/include/Eigen/src/Core/CwiseUnaryOp.h:55:7:   required from ‘class Eigen::CwiseUnaryOp<Eigen::internal::scalar_sqrt_op<float>, const Eigen::Matrix<float, -1, -1> >’
WKNN.cpp:58:46:   required from ‘Rcpp::List WKNN<T>::queryT(const Eigen::Matrix<Type, -1, -1>&, int, double, double) [with T = float; Rcpp::List = Rcpp::Vector<19>]’
WKNN.cpp:96:17:   required from here
/home/u12/darrenc/R/library_R_v4.2_new_ocelote/RcppEigen/include/Eigen/src/Core/DenseCoeffsBase.h:56:30: warning: ignoring attributes on template argument ‘Eigen::internal::packet_traits<float>::type’ {aka ‘__vector(4) float’} [-Wignored-attributes]
/home/u12/darrenc/R/library_R_v4.2_new_ocelote/RcppEigen/include/Eigen/src/Core/DenseCoeffsBase.h: In instantiation of ‘class Eigen::DenseCoeffsBase<Eigen::Transpose<const Eigen::CwiseUnaryOp<Eigen::internal::scalar_sqrt_op<float>, const Eigen::Matrix<float, -1, -1> > >, 0>’:
/home/u12/darrenc/R/library_R_v4.2_new_ocelote/RcppEigen/include/Eigen/src/Core/DenseBase.h:41:34:   required from ‘class Eigen::DenseBase<Eigen::Transpose<const Eigen::CwiseUnaryOp<Eigen::internal::scalar_sqrt_op<float>, const Eigen::Matrix<float, -1, -1> > > >’
/home/u12/darrenc/R/library_R_v4.2_new_ocelote/RcppEigen/include/Eigen/src/Core/MatrixBase.h:48:34:   required from ‘class Eigen::MatrixBase<Eigen::Transpose<const Eigen::CwiseUnaryOp<Eigen::internal::scalar_sqrt_op<float>, const Eigen::Matrix<float, -1, -1> > > >’
/home/u12/darrenc/R/library_R_v4.2_new_ocelote/RcppEigen/include/Eigen/src/Core/Transpose.h:118:37:   required from ‘class Eigen::TransposeImpl<const Eigen::CwiseUnaryOp<Eigen::internal::scalar_sqrt_op<float>, const Eigen::Matrix<float, -1, -1> >, Eigen::Dense>’
/home/u12/darrenc/R/library_R_v4.2_new_ocelote/RcppEigen/include/Eigen/src/Core/Transpose.h:52:37:   required from ‘class Eigen::Transpose<const Eigen::CwiseUnaryOp<Eigen::internal::scalar_sqrt_op<float>, const Eigen::Matrix<float, -1, -1> > >’
WKNN.cpp:58:67:   required from ‘Rcpp::List WKNN<T>::queryT(const Eigen::Matrix<Type, -1, -1>&, int, double, double) [with T = float; Rcpp::List = Rcpp::Vector<19>]’
WKNN.cpp:96:17:   required from here
/home/u12/darrenc/R/library_R_v4.2_new_ocelote/RcppEigen/include/Eigen/src/Core/DenseCoeffsBase.h:56:30: warning: ignoring attributes on template argument ‘Eigen::internal::packet_traits<float>::type’ {aka ‘__vector(4) float’} [-Wignored-attributes]
/home/u12/darrenc/R/library_R_v4.2_new_ocelote/RcppEigen/include/Eigen/src/Core/DenseCoeffsBase.h: In instantiation of ‘class Eigen::DenseCoeffsBase<Eigen::CwiseUnaryOp<Eigen::internal::scalar_cast_op<float, double>, const Eigen::Transpose<const Eigen::CwiseUnaryOp<Eigen::internal::scalar_sqrt_op<float>, const Eigen::Matrix<float, -1, -1> > > >, 0>’:
/home/u12/darrenc/R/library_R_v4.2_new_ocelote/RcppEigen/include/Eigen/src/Core/DenseBase.h:41:34:   required from ‘class Eigen::DenseBase<Eigen::CwiseUnaryOp<Eigen::internal::scalar_cast_op<float, double>, const Eigen::Transpose<const Eigen::CwiseUnaryOp<Eigen::internal::scalar_sqrt_op<float>, const Eigen::Matrix<float, -1, -1> > > > >’
/home/u12/darrenc/R/library_R_v4.2_new_ocelote/RcppEigen/include/Eigen/src/Core/MatrixBase.h:48:34:   required from ‘class Eigen::MatrixBase<Eigen::CwiseUnaryOp<Eigen::internal::scalar_cast_op<float, double>, const Eigen::Transpose<const Eigen::CwiseUnaryOp<Eigen::internal::scalar_sqrt_op<float>, const Eigen::Matrix<float, -1, -1> > > > >’
/home/u12/darrenc/R/library_R_v4.2_new_ocelote/RcppEigen/include/Eigen/src/Core/CwiseUnaryOp.h:94:7:   required from ‘class Eigen::CwiseUnaryOpImpl<Eigen::internal::scalar_cast_op<float, double>, const Eigen::Transpose<const Eigen::CwiseUnaryOp<Eigen::internal::scalar_sqrt_op<float>, const Eigen::Matrix<float, -1, -1> > >, Eigen::Dense>’
/home/u12/darrenc/R/library_R_v4.2_new_ocelote/RcppEigen/include/Eigen/src/Core/CwiseUnaryOp.h:55:7:   required from ‘class Eigen::CwiseUnaryOp<Eigen::internal::scalar_cast_op<float, double>, const Eigen::Transpose<const Eigen::CwiseUnaryOp<Eigen::internal::scalar_sqrt_op<float>, const Eigen::Matrix<float, -1, -1> > > >’
/home/u12/darrenc/R/library_R_v4.2_new_ocelote/RcppEigen/include/Eigen/src/Core/util/XprHelper.h:513:38:   required from ‘struct Eigen::internal::cast_return_type<Eigen::Transpose<const Eigen::CwiseUnaryOp<Eigen::internal::scalar_sqrt_op<float>, const Eigen::Matrix<float, -1, -1> > >, const Eigen::CwiseUnaryOp<Eigen::internal::scalar_cast_op<float, double>, const Eigen::Transpose<const Eigen::CwiseUnaryOp<Eigen::internal::scalar_sqrt_op<float>, const Eigen::Matrix<float, -1, -1> > > > >’
/home/u12/darrenc/R/library_R_v4.2_new_ocelote/RcppEigen/include/Eigen/src/Core/../plugins/CommonCwiseUnaryOps.h:48:179:   required from ‘struct Eigen::DenseBase<Eigen::Transpose<const Eigen::CwiseUnaryOp<Eigen::internal::scalar_sqrt_op<float>, const Eigen::Matrix<float, -1, -1> > > >::CastXpr<double>’
/home/u12/darrenc/R/library_R_v4.2_new_ocelote/RcppEigen/include/Eigen/src/Core/../plugins/CommonCwiseUnaryOps.h:62:1:   required by substitution of ‘template<class NewType> typename Eigen::DenseBase<Eigen::Transpose<const Eigen::CwiseUnaryOp<Eigen::internal::scalar_sqrt_op<float>, const Eigen::Matrix<float, -1, -1> > > >::CastXpr<NewType>::Type Eigen::DenseBase<Eigen::Transpose<const Eigen::CwiseUnaryOp<Eigen::internal::scalar_sqrt_op<float>, const Eigen::Matrix<float, -1, -1> > > >::cast<NewType>() const [with NewType = double]’
WKNN.cpp:58:19:   required from ‘Rcpp::List WKNN<T>::queryT(const Eigen::Matrix<Type, -1, -1>&, int, double, double) [with T = float; Rcpp::List = Rcpp::Vector<19>]’
WKNN.cpp:96:17:   required from here
/home/u12/darrenc/R/library_R_v4.2_new_ocelote/RcppEigen/include/Eigen/src/Core/DenseCoeffsBase.h:56:30: warning: ignoring attributes on template argument ‘Eigen::internal::packet_traits<double>::type’ {aka ‘__vector(2) double’} [-Wignored-attributes]
/home/u12/darrenc/R/library_R_v4.2_new_ocelote/RcppEigen/include/Eigen/src/Core/DenseCoeffsBase.h: In instantiation of ‘class Eigen::DenseCoeffsBase<Eigen::Transpose<Eigen::Matrix<float, -1, -1> >, 0>’:
/home/u12/darrenc/R/library_R_v4.2_new_ocelote/RcppEigen/include/Eigen/src/Core/DenseCoeffsBase.h:302:7:   required from ‘class Eigen::DenseCoeffsBase<Eigen::Transpose<Eigen::Matrix<float, -1, -1> >, 1>’
/home/u12/darrenc/R/library_R_v4.2_new_ocelote/RcppEigen/include/Eigen/src/Core/DenseCoeffsBase.h:555:7:   required from ‘class Eigen::DenseCoeffsBase<Eigen::Transpose<Eigen::Matrix<float, -1, -1> >, 3>’
/home/u12/darrenc/R/library_R_v4.2_new_ocelote/RcppEigen/include/Eigen/src/Core/DenseBase.h:41:34:   required from ‘class Eigen::DenseBase<Eigen::Transpose<Eigen::Matrix<float, -1, -1> > >’
/home/u12/darrenc/R/library_R_v4.2_new_ocelote/RcppEigen/include/Eigen/src/Core/MatrixBase.h:48:34:   required from ‘class Eigen::MatrixBase<Eigen::Transpose<Eigen::Matrix<float, -1, -1> > >’
/home/u12/darrenc/R/library_R_v4.2_new_ocelote/RcppEigen/include/Eigen/src/Core/Transpose.h:118:37:   required from ‘class Eigen::TransposeImpl<Eigen::Matrix<float, -1, -1>, Eigen::Dense>’
/home/u12/darrenc/R/library_R_v4.2_new_ocelote/RcppEigen/include/Eigen/src/Core/Transpose.h:52:37:   required from ‘class Eigen::Transpose<Eigen::Matrix<float, -1, -1> >’
WKNN.cpp:76:51:   required from ‘Eigen::MatrixXd WKNN<T>::getPoints() [with T = float; Eigen::MatrixXd = Eigen::Matrix<double, -1, -1>]’
WKNN.cpp:96:17:   required from here
/home/u12/darrenc/R/library_R_v4.2_new_ocelote/RcppEigen/include/Eigen/src/Core/DenseCoeffsBase.h:56:30: warning: ignoring attributes on template argument ‘Eigen::internal::packet_traits<float>::type’ {aka ‘__vector(4) float’} [-Wignored-attributes]
/home/u12/darrenc/R/library_R_v4.2_new_ocelote/RcppEigen/include/Eigen/src/Core/DenseCoeffsBase.h: In instantiation of ‘class Eigen::DenseCoeffsBase<Eigen::CwiseUnaryOp<Eigen::internal::scalar_cast_op<float, double>, const Eigen::Transpose<Eigen::Matrix<float, -1, -1> > >, 0>’:
/home/u12/darrenc/R/library_R_v4.2_new_ocelote/RcppEigen/include/Eigen/src/Core/DenseBase.h:41:34:   required from ‘class Eigen::DenseBase<Eigen::CwiseUnaryOp<Eigen::internal::scalar_cast_op<float, double>, const Eigen::Transpose<Eigen::Matrix<float, -1, -1> > > >’
/home/u12/darrenc/R/library_R_v4.2_new_ocelote/RcppEigen/include/Eigen/src/Core/MatrixBase.h:48:34:   required from ‘class Eigen::MatrixBase<Eigen::CwiseUnaryOp<Eigen::internal::scalar_cast_op<float, double>, const Eigen::Transpose<Eigen::Matrix<float, -1, -1> > > >’
/home/u12/darrenc/R/library_R_v4.2_new_ocelote/RcppEigen/include/Eigen/src/Core/CwiseUnaryOp.h:94:7:   required from ‘class Eigen::CwiseUnaryOpImpl<Eigen::internal::scalar_cast_op<float, double>, const Eigen::Transpose<Eigen::Matrix<float, -1, -1> >, Eigen::Dense>’
/home/u12/darrenc/R/library_R_v4.2_new_ocelote/RcppEigen/include/Eigen/src/Core/CwiseUnaryOp.h:55:7:   required from ‘class Eigen::CwiseUnaryOp<Eigen::internal::scalar_cast_op<float, double>, const Eigen::Transpose<Eigen::Matrix<float, -1, -1> > >’
/home/u12/darrenc/R/library_R_v4.2_new_ocelote/RcppEigen/include/Eigen/src/Core/util/XprHelper.h:513:38:   required from ‘struct Eigen::internal::cast_return_type<Eigen::Transpose<Eigen::Matrix<float, -1, -1> >, const Eigen::CwiseUnaryOp<Eigen::internal::scalar_cast_op<float, double>, const Eigen::Transpose<Eigen::Matrix<float, -1, -1> > > >’
/home/u12/darrenc/R/library_R_v4.2_new_ocelote/RcppEigen/include/Eigen/src/Core/../plugins/CommonCwiseUnaryOps.h:48:179:   required from ‘struct Eigen::DenseBase<Eigen::Transpose<Eigen::Matrix<float, -1, -1> > >::CastXpr<double>’
/home/u12/darrenc/R/library_R_v4.2_new_ocelote/RcppEigen/include/Eigen/src/Core/../plugins/CommonCwiseUnaryOps.h:62:1:   required by substitution of ‘template<class NewType> typename Eigen::DenseBase<Eigen::Transpose<Eigen::Matrix<float, -1, -1> > >::CastXpr<NewType>::Type Eigen::DenseBase<Eigen::Transpose<Eigen::Matrix<float, -1, -1> > >::cast<NewType>() const [with NewType = double]’
WKNN.cpp:76:12:   required from ‘Eigen::MatrixXd WKNN<T>::getPoints() [with T = float; Eigen::MatrixXd = Eigen::Matrix<double, -1, -1>]’
WKNN.cpp:96:17:   required from here
/home/u12/darrenc/R/library_R_v4.2_new_ocelote/RcppEigen/include/Eigen/src/Core/DenseCoeffsBase.h:56:30: warning: ignoring attributes on template argument ‘Eigen::internal::packet_traits<double>::type’ {aka ‘__vector(2) double’} [-Wignored-attributes]
g++ -std=gnu++14 -I"/opt/ohpc/pub/apps/R/4.2.2/lib64/R/include" -DNDEBUG -I. -I'/home/u12/darrenc/R/library_R_v4.2_new_ocelote/Rcpp/include' -I'/home/u12/darrenc/R/library_R_v4.2_new_ocelote/RcppEigen/include' -I'/home/u12/darrenc/R/library_R_v4.2_new_ocelote/BH/include' -I/usr/local/include   -fpic  -g -O2  -c brute_force_cpu.cpp -o brute_force_cpu.o
In file included from /home/u12/darrenc/R/library_R_v4.2_new_ocelote/RcppEigen/include/Eigen/Core:205,
                 from nabo.h:35,
                 from nabo_private.h:35,
                 from brute_force_cpu.cpp:32:
/home/u12/darrenc/R/library_R_v4.2_new_ocelote/RcppEigen/include/Eigen/src/Core/arch/SSE/PacketMath.h:46:40: warning: ignoring attributes on template argument ‘__m128i’ {aka ‘__vector(2) long long int’} [-Wignored-attributes]
 typedef eigen_packet_wrapper<__m128i, 0> Packet4i;
                                        ^
/home/u12/darrenc/R/library_R_v4.2_new_ocelote/RcppEigen/include/Eigen/src/Core/arch/SSE/PacketMath.h:47:40: warning: ignoring attributes on template argument ‘__m128i’ {aka ‘__vector(2) long long int’} [-Wignored-attributes]
 typedef eigen_packet_wrapper<__m128i, 1> Packet16b;
                                        ^
/home/u12/darrenc/R/library_R_v4.2_new_ocelote/RcppEigen/include/Eigen/src/Core/arch/SSE/PacketMath.h:49:39: warning: ignoring attributes on template argument ‘__m128’ {aka ‘__vector(4) float’} [-Wignored-attributes]
 template<> struct is_arithmetic<__m128>  { enum { value = true }; };
                                       ^
/home/u12/darrenc/R/library_R_v4.2_new_ocelote/RcppEigen/include/Eigen/src/Core/arch/SSE/PacketMath.h:50:40: warning: ignoring attributes on template argument ‘__m128i’ {aka ‘__vector(2) long long int’} [-Wignored-attributes]
 template<> struct is_arithmetic<__m128i> { enum { value = true }; };
                                        ^
/home/u12/darrenc/R/library_R_v4.2_new_ocelote/RcppEigen/include/Eigen/src/Core/arch/SSE/PacketMath.h:51:40: warning: ignoring attributes on template argument ‘__m128d’ {aka ‘__vector(2) double’} [-Wignored-attributes]
 template<> struct is_arithmetic<__m128d> { enum { value = true }; };
                                        ^
/home/u12/darrenc/R/library_R_v4.2_new_ocelote/RcppEigen/include/Eigen/src/Core/arch/SSE/PacketMath.h:222:43: warning: ignoring attributes on template argument ‘Eigen::internal::Packet4f’ {aka ‘__vector(4) float’} [-Wignored-attributes]
 template<> struct unpacket_traits<Packet4f> {
                                           ^
/home/u12/darrenc/R/library_R_v4.2_new_ocelote/RcppEigen/include/Eigen/src/Core/arch/SSE/PacketMath.h:228:43: warning: ignoring attributes on template argument ‘Eigen::internal::Packet2d’ {aka ‘__vector(2) double’} [-Wignored-attributes]
 template<> struct unpacket_traits<Packet2d> {
                                           ^
/home/u12/darrenc/R/library_R_v4.2_new_ocelote/RcppEigen/include/Eigen/src/Core/arch/SSE/PacketMath.h:1124:34: warning: ignoring attributes on template argument ‘Eigen::internal::Packet4f’ {aka ‘__vector(4) float’} [-Wignored-attributes]
 ptranspose(PacketBlock<Packet4f,4>& kernel) {
                                  ^
/home/u12/darrenc/R/library_R_v4.2_new_ocelote/RcppEigen/include/Eigen/src/Core/arch/SSE/PacketMath.h:1129:34: warning: ignoring attributes on template argument ‘Eigen::internal::Packet2d’ {aka ‘__vector(2) double’} [-Wignored-attributes]
 ptranspose(PacketBlock<Packet2d,2>& kernel) {
                                  ^
In file included from /home/u12/darrenc/R/library_R_v4.2_new_ocelote/RcppEigen/include/Eigen/Core:174,
                 from nabo.h:35,
                 from nabo_private.h:35,
                 from brute_force_cpu.cpp:32:
/home/u12/darrenc/R/library_R_v4.2_new_ocelote/RcppEigen/include/Eigen/src/Core/arch/Default/ConjHelper.h:16:60: warning: ignoring attributes on template argument ‘Eigen::internal::Packet4f’ {aka ‘__vector(4) float’} [-Wignored-attributes]
   struct conj_helper<PACKET_REAL, PACKET_CPLX, false, false> {          \
                                                            ^
/home/u12/darrenc/R/library_R_v4.2_new_ocelote/RcppEigen/include/Eigen/src/Core/arch/SSE/Complex.h:173:1: note: in expansion of macro ‘EIGEN_MAKE_CONJ_HELPER_CPLX_REAL’
 EIGEN_MAKE_CONJ_HELPER_CPLX_REAL(Packet2cf,Packet4f)
 ^~~~~~~~~~~~~~~~~~~~~~~~~~~~~~~~
/home/u12/darrenc/R/library_R_v4.2_new_ocelote/RcppEigen/include/Eigen/src/Core/arch/Default/ConjHelper.h:29:60: warning: ignoring attributes on template argument ‘Eigen::internal::Packet4f’ {aka ‘__vector(4) float’} [-Wignored-attributes]
   struct conj_helper<PACKET_CPLX, PACKET_REAL, false, false> {          \
                                                            ^
/home/u12/darrenc/R/library_R_v4.2_new_ocelote/RcppEigen/include/Eigen/src/Core/arch/SSE/Complex.h:173:1: note: in expansion of macro ‘EIGEN_MAKE_CONJ_HELPER_CPLX_REAL’
 EIGEN_MAKE_CONJ_HELPER_CPLX_REAL(Packet2cf,Packet4f)
 ^~~~~~~~~~~~~~~~~~~~~~~~~~~~~~~~
/home/u12/darrenc/R/library_R_v4.2_new_ocelote/RcppEigen/include/Eigen/src/Core/arch/Default/ConjHelper.h:16:60: warning: ignoring attributes on template argument ‘Eigen::internal::Packet2d’ {aka ‘__vector(2) double’} [-Wignored-attributes]
   struct conj_helper<PACKET_REAL, PACKET_CPLX, false, false> {          \
                                                            ^
/home/u12/darrenc/R/library_R_v4.2_new_ocelote/RcppEigen/include/Eigen/src/Core/arch/SSE/Complex.h:298:1: note: in expansion of macro ‘EIGEN_MAKE_CONJ_HELPER_CPLX_REAL’
 EIGEN_MAKE_CONJ_HELPER_CPLX_REAL(Packet1cd,Packet2d)
 ^~~~~~~~~~~~~~~~~~~~~~~~~~~~~~~~
/home/u12/darrenc/R/library_R_v4.2_new_ocelote/RcppEigen/include/Eigen/src/Core/arch/Default/ConjHelper.h:29:60: warning: ignoring attributes on template argument ‘Eigen::internal::Packet2d’ {aka ‘__vector(2) double’} [-Wignored-attributes]
   struct conj_helper<PACKET_CPLX, PACKET_REAL, false, false> {          \
                                                            ^
/home/u12/darrenc/R/library_R_v4.2_new_ocelote/RcppEigen/include/Eigen/src/Core/arch/SSE/Complex.h:298:1: note: in expansion of macro ‘EIGEN_MAKE_CONJ_HELPER_CPLX_REAL’
 EIGEN_MAKE_CONJ_HELPER_CPLX_REAL(Packet1cd,Packet2d)
 ^~~~~~~~~~~~~~~~~~~~~~~~~~~~~~~~
In file included from /home/u12/darrenc/R/library_R_v4.2_new_ocelote/RcppEigen/include/Eigen/Core:165,
                 from nabo.h:35,
                 from nabo_private.h:35,
                 from brute_force_cpu.cpp:32:
/home/u12/darrenc/R/library_R_v4.2_new_ocelote/RcppEigen/include/Eigen/src/Core/util/XprHelper.h: In instantiation of ‘struct Eigen::internal::find_best_packet<float, -1>’:
/home/u12/darrenc/R/library_R_v4.2_new_ocelote/RcppEigen/include/Eigen/src/Core/Matrix.h:22:57:   required from ‘struct Eigen::internal::traits<Eigen::Matrix<float, -1, 1> >’
/home/u12/darrenc/R/library_R_v4.2_new_ocelote/RcppEigen/include/Eigen/src/Core/PlainObjectBase.h:98:7:   required from ‘class Eigen::PlainObjectBase<Eigen::Matrix<float, -1, 1> >’
/home/u12/darrenc/R/library_R_v4.2_new_ocelote/RcppEigen/include/Eigen/src/Core/Matrix.h:178:7:   required from ‘class Eigen::Matrix<float, -1, 1>’
nabo.h:265:16:   required from ‘struct Nabo::NearestNeighbourSearch<float>’
nabo_private.h:76:9:   required from ‘struct Nabo::BruteForceSearch<float>’
brute_force_cpu.cpp:105:18:   required from here
/home/u12/darrenc/R/library_R_v4.2_new_ocelote/RcppEigen/include/Eigen/src/Core/util/XprHelper.h:190:44: warning: ignoring attributes on template argument ‘Eigen::internal::packet_traits<float>::type’ {aka ‘__vector(4) float’} [-Wignored-attributes]
          bool Stop = Size==Dynamic || (Size%unpacket_traits<PacketType>::size)==0 || is_same<PacketType,typename unpacket_traits<PacketType>::half>::value>
                                       ~~~~~^~~~~~~~~~~~~~~~~~~~~~~~~~~~~~~~~~~
/home/u12/darrenc/R/library_R_v4.2_new_ocelote/RcppEigen/include/Eigen/src/Core/util/XprHelper.h:190:83: warning: ignoring attributes on template argument ‘Eigen::internal::packet_traits<float>::type’ {aka ‘__vector(4) float’} [-Wignored-attributes]
          bool Stop = Size==Dynamic || (Size%unpacket_traits<PacketType>::size)==0 || is_same<PacketType,typename unpacket_traits<PacketType>::half>::value>
                      ~~~~~~~~~~~~~~~~~~~~~~~~~~~~~~~~~~~~~~~~~~~~~~~~~~~~~~~~~~~~~^~~~~~~~~~~~~~~~~~~~~~~~~~~~~~~~~~~~~~~~~~~~~~~~~~~~~~~~~~~~~~~~~
/home/u12/darrenc/R/library_R_v4.2_new_ocelote/RcppEigen/include/Eigen/src/Core/util/XprHelper.h:190:83: warning: ignoring attributes on template argument ‘Eigen::internal::packet_traits<float>::type’ {aka ‘__vector(4) float’} [-Wignored-attributes]
/home/u12/darrenc/R/library_R_v4.2_new_ocelote/RcppEigen/include/Eigen/src/Core/util/XprHelper.h:190:83: warning: ignoring attributes on template argument ‘Eigen::internal::unpacket_traits<__vector(4) float>::half’ {aka ‘__vector(4) float’} [-Wignored-attributes]
/home/u12/darrenc/R/library_R_v4.2_new_ocelote/RcppEigen/include/Eigen/src/Core/util/XprHelper.h:208:88: warning: ignoring attributes on template argument ‘Eigen::internal::packet_traits<float>::type’ {aka ‘__vector(4) float’} [-Wignored-attributes]
   typedef typename find_best_packet_helper<Size,typename packet_traits<T>::type>::type type;
                                                                                        ^~~~
In file included from /home/u12/darrenc/R/library_R_v4.2_new_ocelote/RcppEigen/include/Eigen/Core:271,
                 from nabo.h:35,
                 from nabo_private.h:35,
                 from brute_force_cpu.cpp:32:
/home/u12/darrenc/R/library_R_v4.2_new_ocelote/RcppEigen/include/Eigen/src/Core/DenseCoeffsBase.h: In instantiation of ‘class Eigen::DenseCoeffsBase<Eigen::Matrix<float, -1, 1>, 0>’:
/home/u12/darrenc/R/library_R_v4.2_new_ocelote/RcppEigen/include/Eigen/src/Core/DenseCoeffsBase.h:302:7:   required from ‘class Eigen::DenseCoeffsBase<Eigen::Matrix<float, -1, 1>, 1>’
/home/u12/darrenc/R/library_R_v4.2_new_ocelote/RcppEigen/include/Eigen/src/Core/DenseCoeffsBase.h:555:7:   required from ‘class Eigen::DenseCoeffsBase<Eigen::Matrix<float, -1, 1>, 3>’
/home/u12/darrenc/R/library_R_v4.2_new_ocelote/RcppEigen/include/Eigen/src/Core/DenseBase.h:41:34:   required from ‘class Eigen::DenseBase<Eigen::Matrix<float, -1, 1> >’
/home/u12/darrenc/R/library_R_v4.2_new_ocelote/RcppEigen/include/Eigen/src/Core/MatrixBase.h:48:34:   required from ‘class Eigen::MatrixBase<Eigen::Matrix<float, -1, 1> >’
/home/u12/darrenc/R/library_R_v4.2_new_ocelote/RcppEigen/include/Eigen/src/Core/PlainObjectBase.h:98:7:   required from ‘class Eigen::PlainObjectBase<Eigen::Matrix<float, -1, 1> >’
/home/u12/darrenc/R/library_R_v4.2_new_ocelote/RcppEigen/include/Eigen/src/Core/Matrix.h:178:7:   required from ‘class Eigen::Matrix<float, -1, 1>’
nabo.h:265:16:   required from ‘struct Nabo::NearestNeighbourSearch<float>’
nabo_private.h:76:9:   required from ‘struct Nabo::BruteForceSearch<float>’
brute_force_cpu.cpp:105:18:   required from here
/home/u12/darrenc/R/library_R_v4.2_new_ocelote/RcppEigen/include/Eigen/src/Core/DenseCoeffsBase.h:56:30: warning: ignoring attributes on template argument ‘Eigen::internal::packet_traits<float>::type’ {aka ‘__vector(4) float’} [-Wignored-attributes]
                      >::type PacketReturnType;
                              ^~~~~~~~~~~~~~~~
In file included from /home/u12/darrenc/R/library_R_v4.2_new_ocelote/RcppEigen/include/Eigen/Core:165,
                 from nabo.h:35,
                 from nabo_private.h:35,
                 from brute_force_cpu.cpp:32:
/home/u12/darrenc/R/library_R_v4.2_new_ocelote/RcppEigen/include/Eigen/src/Core/util/XprHelper.h: In instantiation of ‘struct Eigen::internal::find_best_packet<double, -1>’:
/home/u12/darrenc/R/library_R_v4.2_new_ocelote/RcppEigen/include/Eigen/src/Core/Matrix.h:22:57:   required from ‘struct Eigen::internal::traits<Eigen::Matrix<double, -1, 1> >’
/home/u12/darrenc/R/library_R_v4.2_new_ocelote/RcppEigen/include/Eigen/src/Core/PlainObjectBase.h:98:7:   required from ‘class Eigen::PlainObjectBase<Eigen::Matrix<double, -1, 1> >’
/home/u12/darrenc/R/library_R_v4.2_new_ocelote/RcppEigen/include/Eigen/src/Core/Matrix.h:178:7:   required from ‘class Eigen::Matrix<double, -1, 1>’
nabo.h:265:16:   required from ‘struct Nabo::NearestNeighbourSearch<double>’
nabo_private.h:76:9:   required from ‘struct Nabo::BruteForceSearch<double>’
brute_force_cpu.cpp:106:18:   required from here
/home/u12/darrenc/R/library_R_v4.2_new_ocelote/RcppEigen/include/Eigen/src/Core/util/XprHelper.h:190:44: warning: ignoring attributes on template argument ‘Eigen::internal::packet_traits<double>::type’ {aka ‘__vector(2) double’} [-Wignored-attributes]
          bool Stop = Size==Dynamic || (Size%unpacket_traits<PacketType>::size)==0 || is_same<PacketType,typename unpacket_traits<PacketType>::half>::value>
                                       ~~~~~^~~~~~~~~~~~~~~~~~~~~~~~~~~~~~~~~~~
/home/u12/darrenc/R/library_R_v4.2_new_ocelote/RcppEigen/include/Eigen/src/Core/util/XprHelper.h:190:83: warning: ignoring attributes on template argument ‘Eigen::internal::packet_traits<double>::type’ {aka ‘__vector(2) double’} [-Wignored-attributes]
          bool Stop = Size==Dynamic || (Size%unpacket_traits<PacketType>::size)==0 || is_same<PacketType,typename unpacket_traits<PacketType>::half>::value>
                      ~~~~~~~~~~~~~~~~~~~~~~~~~~~~~~~~~~~~~~~~~~~~~~~~~~~~~~~~~~~~~^~~~~~~~~~~~~~~~~~~~~~~~~~~~~~~~~~~~~~~~~~~~~~~~~~~~~~~~~~~~~~~~~
/home/u12/darrenc/R/library_R_v4.2_new_ocelote/RcppEigen/include/Eigen/src/Core/util/XprHelper.h:190:83: warning: ignoring attributes on template argument ‘Eigen::internal::packet_traits<double>::type’ {aka ‘__vector(2) double’} [-Wignored-attributes]
/home/u12/darrenc/R/library_R_v4.2_new_ocelote/RcppEigen/include/Eigen/src/Core/util/XprHelper.h:190:83: warning: ignoring attributes on template argument ‘Eigen::internal::unpacket_traits<__vector(2) double>::half’ {aka ‘__vector(2) double’} [-Wignored-attributes]
/home/u12/darrenc/R/library_R_v4.2_new_ocelote/RcppEigen/include/Eigen/src/Core/util/XprHelper.h:208:88: warning: ignoring attributes on template argument ‘Eigen::internal::packet_traits<double>::type’ {aka ‘__vector(2) double’} [-Wignored-attributes]
   typedef typename find_best_packet_helper<Size,typename packet_traits<T>::type>::type type;
                                                                                        ^~~~
In file included from /home/u12/darrenc/R/library_R_v4.2_new_ocelote/RcppEigen/include/Eigen/Core:271,
                 from nabo.h:35,
                 from nabo_private.h:35,
                 from brute_force_cpu.cpp:32:
/home/u12/darrenc/R/library_R_v4.2_new_ocelote/RcppEigen/include/Eigen/src/Core/DenseCoeffsBase.h: In instantiation of ‘class Eigen::DenseCoeffsBase<Eigen::Matrix<double, -1, 1>, 0>’:
/home/u12/darrenc/R/library_R_v4.2_new_ocelote/RcppEigen/include/Eigen/src/Core/DenseCoeffsBase.h:302:7:   required from ‘class Eigen::DenseCoeffsBase<Eigen::Matrix<double, -1, 1>, 1>’
/home/u12/darrenc/R/library_R_v4.2_new_ocelote/RcppEigen/include/Eigen/src/Core/DenseCoeffsBase.h:555:7:   required from ‘class Eigen::DenseCoeffsBase<Eigen::Matrix<double, -1, 1>, 3>’
/home/u12/darrenc/R/library_R_v4.2_new_ocelote/RcppEigen/include/Eigen/src/Core/DenseBase.h:41:34:   required from ‘class Eigen::DenseBase<Eigen::Matrix<double, -1, 1> >’
/home/u12/darrenc/R/library_R_v4.2_new_ocelote/RcppEigen/include/Eigen/src/Core/MatrixBase.h:48:34:   required from ‘class Eigen::MatrixBase<Eigen::Matrix<double, -1, 1> >’
/home/u12/darrenc/R/library_R_v4.2_new_ocelote/RcppEigen/include/Eigen/src/Core/PlainObjectBase.h:98:7:   required from ‘class Eigen::PlainObjectBase<Eigen::Matrix<double, -1, 1> >’
/home/u12/darrenc/R/library_R_v4.2_new_ocelote/RcppEigen/include/Eigen/src/Core/Matrix.h:178:7:   required from ‘class Eigen::Matrix<double, -1, 1>’
nabo.h:265:16:   required from ‘struct Nabo::NearestNeighbourSearch<double>’
nabo_private.h:76:9:   required from ‘struct Nabo::BruteForceSearch<double>’
brute_force_cpu.cpp:106:18:   required from here
/home/u12/darrenc/R/library_R_v4.2_new_ocelote/RcppEigen/include/Eigen/src/Core/DenseCoeffsBase.h:56:30: warning: ignoring attributes on template argument ‘Eigen::internal::packet_traits<double>::type’ {aka ‘__vector(2) double’} [-Wignored-attributes]
                      >::type PacketReturnType;
                              ^~~~~~~~~~~~~~~~
/home/u12/darrenc/R/library_R_v4.2_new_ocelote/RcppEigen/include/Eigen/src/Core/DenseCoeffsBase.h: In instantiation of ‘class Eigen::DenseCoeffsBase<Eigen::Matrix<float, -1, -1>, 0>’:
/home/u12/darrenc/R/library_R_v4.2_new_ocelote/RcppEigen/include/Eigen/src/Core/DenseCoeffsBase.h:302:7:   required from ‘class Eigen::DenseCoeffsBase<Eigen::Matrix<float, -1, -1>, 1>’
/home/u12/darrenc/R/library_R_v4.2_new_ocelote/RcppEigen/include/Eigen/src/Core/DenseCoeffsBase.h:555:7:   required from ‘class Eigen::DenseCoeffsBase<Eigen::Matrix<float, -1, -1>, 3>’
/home/u12/darrenc/R/library_R_v4.2_new_ocelote/RcppEigen/include/Eigen/src/Core/DenseBase.h:41:34:   required from ‘class Eigen::DenseBase<Eigen::Matrix<float, -1, -1> >’
/home/u12/darrenc/R/library_R_v4.2_new_ocelote/RcppEigen/include/Eigen/src/Core/MatrixBase.h:48:34:   required from ‘class Eigen::MatrixBase<Eigen::Matrix<float, -1, -1> >’
/home/u12/darrenc/R/library_R_v4.2_new_ocelote/RcppEigen/include/Eigen/src/Core/PlainObjectBase.h:98:7:   required from ‘class Eigen::PlainObjectBase<Eigen::Matrix<float, -1, -1> >’
/home/u12/darrenc/R/library_R_v4.2_new_ocelote/RcppEigen/include/Eigen/src/Core/Matrix.h:178:7:   required from ‘class Eigen::Matrix<float, -1, -1>’
brute_force_cpu.cpp:49:47:   required from ‘Nabo::BruteForceSearch<T>::BruteForceSearch(const Matrix&, Nabo::BruteForceSearch<T>::Index, unsigned int) [with T = float; Nabo::BruteForceSearch<T>::Matrix = Eigen::Matrix<float, -1, -1>; Nabo::BruteForceSearch<T>::Index = int]’
brute_force_cpu.cpp:105:18:   required from here
/home/u12/darrenc/R/library_R_v4.2_new_ocelote/RcppEigen/include/Eigen/src/Core/DenseCoeffsBase.h:56:30: warning: ignoring attributes on template argument ‘Eigen::internal::packet_traits<float>::type’ {aka ‘__vector(4) float’} [-Wignored-attributes]
/home/u12/darrenc/R/library_R_v4.2_new_ocelote/RcppEigen/include/Eigen/src/Core/DenseCoeffsBase.h: In instantiation of ‘class Eigen::DenseCoeffsBase<Eigen::Block<const Eigen::Matrix<float, -1, -1>, -1, -1, false>, 0>’:
/home/u12/darrenc/R/library_R_v4.2_new_ocelote/RcppEigen/include/Eigen/src/Core/DenseCoeffsBase.h:481:7:   required from ‘class Eigen::DenseCoeffsBase<Eigen::Block<const Eigen::Matrix<float, -1, -1>, -1, -1, false>, 2>’
/home/u12/darrenc/R/library_R_v4.2_new_ocelote/RcppEigen/include/Eigen/src/Core/DenseBase.h:41:34:   required from ‘class Eigen::DenseBase<Eigen::Block<const Eigen::Matrix<float, -1, -1>, -1, -1, false> >’
/home/u12/darrenc/R/library_R_v4.2_new_ocelote/RcppEigen/include/Eigen/src/Core/MatrixBase.h:48:34:   required from ‘class Eigen::MatrixBase<Eigen::Block<const Eigen::Matrix<float, -1, -1>, -1, -1, false> >’
/home/u12/darrenc/R/library_R_v4.2_new_ocelote/RcppEigen/include/Eigen/src/Core/MapBase.h:37:34:   required from ‘class Eigen::MapBase<Eigen::Block<const Eigen::Matrix<float, -1, -1>, -1, -1, false>, 0>’
/home/u12/darrenc/R/library_R_v4.2_new_ocelote/RcppEigen/include/Eigen/src/Core/Block.h:329:7:   required from ‘class Eigen::internal::BlockImpl_dense<const Eigen::Matrix<float, -1, -1>, -1, -1, false, true>’
/home/u12/darrenc/R/library_R_v4.2_new_ocelote/RcppEigen/include/Eigen/src/Core/Block.h:154:7:   required from ‘class Eigen::BlockImpl<const Eigen::Matrix<float, -1, -1>, -1, -1, false, Eigen::Dense>’
/home/u12/darrenc/R/library_R_v4.2_new_ocelote/RcppEigen/include/Eigen/src/Core/Block.h:103:81:   required from ‘class Eigen::Block<const Eigen::Matrix<float, -1, -1>, -1, -1, false>’
brute_force_cpu.cpp:49:66:   required from ‘Nabo::BruteForceSearch<T>::BruteForceSearch(const Matrix&, Nabo::BruteForceSearch<T>::Index, unsigned int) [with T = float; Nabo::BruteForceSearch<T>::Matrix = Eigen::Matrix<float, -1, -1>; Nabo::BruteForceSearch<T>::Index = int]’
brute_force_cpu.cpp:105:18:   required from here
/home/u12/darrenc/R/library_R_v4.2_new_ocelote/RcppEigen/include/Eigen/src/Core/DenseCoeffsBase.h:56:30: warning: ignoring attributes on template argument ‘Eigen::internal::packet_traits<float>::type’ {aka ‘__vector(4) float’} [-Wignored-attributes]
/home/u12/darrenc/R/library_R_v4.2_new_ocelote/RcppEigen/include/Eigen/src/Core/DenseCoeffsBase.h: In instantiation of ‘class Eigen::DenseCoeffsBase<Eigen::PartialReduxExpr<const Eigen::Block<const Eigen::Matrix<float, -1, -1>, -1, -1, false>, Eigen::internal::member_minCoeff<float, float>, 1>, 0>’:
/home/u12/darrenc/R/library_R_v4.2_new_ocelote/RcppEigen/include/Eigen/src/Core/DenseBase.h:41:34:   required from ‘class Eigen::DenseBase<Eigen::PartialReduxExpr<const Eigen::Block<const Eigen::Matrix<float, -1, -1>, -1, -1, false>, Eigen::internal::member_minCoeff<float, float>, 1> >’
/home/u12/darrenc/R/library_R_v4.2_new_ocelote/RcppEigen/include/Eigen/src/Core/MatrixBase.h:48:34:   required from ‘class Eigen::MatrixBase<Eigen::PartialReduxExpr<const Eigen::Block<const Eigen::Matrix<float, -1, -1>, -1, -1, false>, Eigen::internal::member_minCoeff<float, float>, 1> >’
/home/u12/darrenc/R/library_R_v4.2_new_ocelote/RcppEigen/include/Eigen/src/Core/VectorwiseOp.h:56:7:   required from ‘class Eigen::PartialReduxExpr<const Eigen::Block<const Eigen::Matrix<float, -1, -1>, -1, -1, false>, Eigen::internal::member_minCoeff<float, float>, 1>’
brute_force_cpu.cpp:49:39:   required from ‘Nabo::BruteForceSearch<T>::BruteForceSearch(const Matrix&, Nabo::BruteForceSearch<T>::Index, unsigned int) [with T = float; Nabo::BruteForceSearch<T>::Matrix = Eigen::Matrix<float, -1, -1>; Nabo::BruteForceSearch<T>::Index = int]’
brute_force_cpu.cpp:105:18:   required from here
/home/u12/darrenc/R/library_R_v4.2_new_ocelote/RcppEigen/include/Eigen/src/Core/DenseCoeffsBase.h:56:30: warning: ignoring attributes on template argument ‘Eigen::internal::packet_traits<float>::type’ {aka ‘__vector(4) float’} [-Wignored-attributes]
/home/u12/darrenc/R/library_R_v4.2_new_ocelote/RcppEigen/include/Eigen/src/Core/DenseCoeffsBase.h: In instantiation of ‘class Eigen::DenseCoeffsBase<Eigen::PartialReduxExpr<const Eigen::Block<const Eigen::Matrix<float, -1, -1>, -1, -1, false>, Eigen::internal::member_maxCoeff<float, float>, 1>, 0>’:
/home/u12/darrenc/R/library_R_v4.2_new_ocelote/RcppEigen/include/Eigen/src/Core/DenseBase.h:41:34:   required from ‘class Eigen::DenseBase<Eigen::PartialReduxExpr<const Eigen::Block<const Eigen::Matrix<float, -1, -1>, -1, -1, false>, Eigen::internal::member_maxCoeff<float, float>, 1> >’
/home/u12/darrenc/R/library_R_v4.2_new_ocelote/RcppEigen/include/Eigen/src/Core/MatrixBase.h:48:34:   required from ‘class Eigen::MatrixBase<Eigen::PartialReduxExpr<const Eigen::Block<const Eigen::Matrix<float, -1, -1>, -1, -1, false>, Eigen::internal::member_maxCoeff<float, float>, 1> >’
/home/u12/darrenc/R/library_R_v4.2_new_ocelote/RcppEigen/include/Eigen/src/Core/VectorwiseOp.h:56:7:   required from ‘class Eigen::PartialReduxExpr<const Eigen::Block<const Eigen::Matrix<float, -1, -1>, -1, -1, false>, Eigen::internal::member_maxCoeff<float, float>, 1>’
brute_force_cpu.cpp:50:39:   required from ‘Nabo::BruteForceSearch<T>::BruteForceSearch(const Matrix&, Nabo::BruteForceSearch<T>::Index, unsigned int) [with T = float; Nabo::BruteForceSearch<T>::Matrix = Eigen::Matrix<float, -1, -1>; Nabo::BruteForceSearch<T>::Index = int]’
brute_force_cpu.cpp:105:18:   required from here
/home/u12/darrenc/R/library_R_v4.2_new_ocelote/RcppEigen/include/Eigen/src/Core/DenseCoeffsBase.h:56:30: warning: ignoring attributes on template argument ‘Eigen::internal::packet_traits<float>::type’ {aka ‘__vector(4) float’} [-Wignored-attributes]
/home/u12/darrenc/R/library_R_v4.2_new_ocelote/RcppEigen/include/Eigen/src/Core/DenseCoeffsBase.h: In instantiation of ‘class Eigen::DenseCoeffsBase<Eigen::CwiseNullaryOp<Eigen::internal::scalar_constant_op<float>, Eigen::Matrix<float, -1, 1> >, 0>’:
/home/u12/darrenc/R/library_R_v4.2_new_ocelote/RcppEigen/include/Eigen/src/Core/DenseBase.h:41:34:   required from ‘class Eigen::DenseBase<Eigen::CwiseNullaryOp<Eigen::internal::scalar_constant_op<float>, Eigen::Matrix<float, -1, 1> > >’
/home/u12/darrenc/R/library_R_v4.2_new_ocelote/RcppEigen/include/Eigen/src/Core/MatrixBase.h:48:34:   required from ‘class Eigen::MatrixBase<Eigen::CwiseNullaryOp<Eigen::internal::scalar_constant_op<float>, Eigen::Matrix<float, -1, 1> > >’
/home/u12/darrenc/R/library_R_v4.2_new_ocelote/RcppEigen/include/Eigen/src/Core/CwiseNullaryOp.h:60:7:   required from ‘class Eigen::CwiseNullaryOp<Eigen::internal::scalar_constant_op<float>, Eigen::Matrix<float, -1, 1> >’
brute_force_cpu.cpp:66:41:   required from ‘long unsigned int Nabo::BruteForceSearch<T>::knn(const Matrix&, Nabo::BruteForceSearch<T>::IndexMatrix&, Nabo::BruteForceSearch<T>::Matrix&, Nabo::BruteForceSearch<T>::Index, T, unsigned int, T) const [with T = float; Nabo::BruteForceSearch<T>::Matrix = Eigen::Matrix<float, -1, -1>; Nabo::BruteForceSearch<T>::IndexMatrix = Eigen::Matrix<int, -1, -1>; Nabo::BruteForceSearch<T>::Index = int]’
brute_force_cpu.cpp:105:18:   required from here
/home/u12/darrenc/R/library_R_v4.2_new_ocelote/RcppEigen/include/Eigen/src/Core/DenseCoeffsBase.h:56:30: warning: ignoring attributes on template argument ‘Eigen::internal::packet_traits<float>::type’ {aka ‘__vector(4) float’} [-Wignored-attributes]
/home/u12/darrenc/R/library_R_v4.2_new_ocelote/RcppEigen/include/Eigen/src/Core/DenseCoeffsBase.h: In instantiation of ‘class Eigen::DenseCoeffsBase<Eigen::Block<Eigen::Matrix<float, -1, -1>, -1, 1, true>, 0>’:
/home/u12/darrenc/R/library_R_v4.2_new_ocelote/RcppEigen/include/Eigen/src/Core/DenseCoeffsBase.h:302:7:   required from ‘class Eigen::DenseCoeffsBase<Eigen::Block<Eigen::Matrix<float, -1, -1>, -1, 1, true>, 1>’
/home/u12/darrenc/R/library_R_v4.2_new_ocelote/RcppEigen/include/Eigen/src/Core/DenseCoeffsBase.h:555:7:   required from ‘class Eigen::DenseCoeffsBase<Eigen::Block<Eigen::Matrix<float, -1, -1>, -1, 1, true>, 3>’
/home/u12/darrenc/R/library_R_v4.2_new_ocelote/RcppEigen/include/Eigen/src/Core/DenseBase.h:41:34:   required from ‘class Eigen::DenseBase<Eigen::Block<Eigen::Matrix<float, -1, -1>, -1, 1, true> >’
/home/u12/darrenc/R/library_R_v4.2_new_ocelote/RcppEigen/include/Eigen/src/Core/MatrixBase.h:48:34:   required from ‘class Eigen::MatrixBase<Eigen::Block<Eigen::Matrix<float, -1, -1>, -1, 1, true> >’
/home/u12/darrenc/R/library_R_v4.2_new_ocelote/RcppEigen/include/Eigen/src/Core/MapBase.h:37:34:   required from ‘class Eigen::MapBase<Eigen::Block<Eigen::Matrix<float, -1, -1>, -1, 1, true>, 0>’
/home/u12/darrenc/R/library_R_v4.2_new_ocelote/RcppEigen/include/Eigen/src/Core/MapBase.h:223:34:   required from ‘class Eigen::MapBase<Eigen::Block<Eigen::Matrix<float, -1, -1>, -1, 1, true>, 1>’
/home/u12/darrenc/R/library_R_v4.2_new_ocelote/RcppEigen/include/Eigen/src/Core/Block.h:329:7:   required from ‘class Eigen::internal::BlockImpl_dense<Eigen::Matrix<float, -1, -1>, -1, 1, true, true>’
/home/u12/darrenc/R/library_R_v4.2_new_ocelote/RcppEigen/include/Eigen/src/Core/Block.h:154:7:   required from ‘class Eigen::BlockImpl<Eigen::Matrix<float, -1, -1>, -1, 1, true, Eigen::Dense>’
/home/u12/darrenc/R/library_R_v4.2_new_ocelote/RcppEigen/include/Eigen/src/Core/Block.h:103:81:   required from ‘class Eigen::Block<Eigen::Matrix<float, -1, -1>, -1, 1, true>’
brute_force_cpu.cpp:97:4:   required from ‘long unsigned int Nabo::BruteForceSearch<T>::knn(const Matrix&, Nabo::BruteForceSearch<T>::IndexMatrix&, Nabo::BruteForceSearch<T>::Matrix&, const Vector&, Nabo::BruteForceSearch<T>::Index, T, unsigned int) const [with T = float; Nabo::BruteForceSearch<T>::Matrix = Eigen::Matrix<float, -1, -1>; Nabo::BruteForceSearch<T>::IndexMatrix = Eigen::Matrix<int, -1, -1>; Nabo::BruteForceSearch<T>::Vector = Eigen::Matrix<float, -1, 1>; Nabo::BruteForceSearch<T>::Index = int]’
brute_force_cpu.cpp:105:18:   required from here
/home/u12/darrenc/R/library_R_v4.2_new_ocelote/RcppEigen/include/Eigen/src/Core/DenseCoeffsBase.h:56:30: warning: ignoring attributes on template argument ‘Eigen::internal::packet_traits<float>::type’ {aka ‘__vector(4) float’} [-Wignored-attributes]
/home/u12/darrenc/R/library_R_v4.2_new_ocelote/RcppEigen/include/Eigen/src/Core/DenseCoeffsBase.h: In instantiation of ‘class Eigen::DenseCoeffsBase<Eigen::Matrix<double, -1, -1>, 0>’:
/home/u12/darrenc/R/library_R_v4.2_new_ocelote/RcppEigen/include/Eigen/src/Core/DenseCoeffsBase.h:302:7:   required from ‘class Eigen::DenseCoeffsBase<Eigen::Matrix<double, -1, -1>, 1>’
/home/u12/darrenc/R/library_R_v4.2_new_ocelote/RcppEigen/include/Eigen/src/Core/DenseCoeffsBase.h:555:7:   required from ‘class Eigen::DenseCoeffsBase<Eigen::Matrix<double, -1, -1>, 3>’
/home/u12/darrenc/R/library_R_v4.2_new_ocelote/RcppEigen/include/Eigen/src/Core/DenseBase.h:41:34:   required from ‘class Eigen::DenseBase<Eigen::Matrix<double, -1, -1> >’
/home/u12/darrenc/R/library_R_v4.2_new_ocelote/RcppEigen/include/Eigen/src/Core/MatrixBase.h:48:34:   required from ‘class Eigen::MatrixBase<Eigen::Matrix<double, -1, -1> >’
/home/u12/darrenc/R/library_R_v4.2_new_ocelote/RcppEigen/include/Eigen/src/Core/PlainObjectBase.h:98:7:   required from ‘class Eigen::PlainObjectBase<Eigen::Matrix<double, -1, -1> >’
/home/u12/darrenc/R/library_R_v4.2_new_ocelote/RcppEigen/include/Eigen/src/Core/Matrix.h:178:7:   required from ‘class Eigen::Matrix<double, -1, -1>’
brute_force_cpu.cpp:49:47:   required from ‘Nabo::BruteForceSearch<T>::BruteForceSearch(const Matrix&, Nabo::BruteForceSearch<T>::Index, unsigned int) [with T = double; Nabo::BruteForceSearch<T>::Matrix = Eigen::Matrix<double, -1, -1>; Nabo::BruteForceSearch<T>::Index = int]’
brute_force_cpu.cpp:106:18:   required from here
/home/u12/darrenc/R/library_R_v4.2_new_ocelote/RcppEigen/include/Eigen/src/Core/DenseCoeffsBase.h:56:30: warning: ignoring attributes on template argument ‘Eigen::internal::packet_traits<double>::type’ {aka ‘__vector(2) double’} [-Wignored-attributes]
/home/u12/darrenc/R/library_R_v4.2_new_ocelote/RcppEigen/include/Eigen/src/Core/DenseCoeffsBase.h: In instantiation of ‘class Eigen::DenseCoeffsBase<Eigen::Block<const Eigen::Matrix<double, -1, -1>, -1, -1, false>, 0>’:
/home/u12/darrenc/R/library_R_v4.2_new_ocelote/RcppEigen/include/Eigen/src/Core/DenseCoeffsBase.h:481:7:   required from ‘class Eigen::DenseCoeffsBase<Eigen::Block<const Eigen::Matrix<double, -1, -1>, -1, -1, false>, 2>’
/home/u12/darrenc/R/library_R_v4.2_new_ocelote/RcppEigen/include/Eigen/src/Core/DenseBase.h:41:34:   required from ‘class Eigen::DenseBase<Eigen::Block<const Eigen::Matrix<double, -1, -1>, -1, -1, false> >’
/home/u12/darrenc/R/library_R_v4.2_new_ocelote/RcppEigen/include/Eigen/src/Core/MatrixBase.h:48:34:   required from ‘class Eigen::MatrixBase<Eigen::Block<const Eigen::Matrix<double, -1, -1>, -1, -1, false> >’
/home/u12/darrenc/R/library_R_v4.2_new_ocelote/RcppEigen/include/Eigen/src/Core/MapBase.h:37:34:   required from ‘class Eigen::MapBase<Eigen::Block<const Eigen::Matrix<double, -1, -1>, -1, -1, false>, 0>’
/home/u12/darrenc/R/library_R_v4.2_new_ocelote/RcppEigen/include/Eigen/src/Core/Block.h:329:7:   required from ‘class Eigen::internal::BlockImpl_dense<const Eigen::Matrix<double, -1, -1>, -1, -1, false, true>’
/home/u12/darrenc/R/library_R_v4.2_new_ocelote/RcppEigen/include/Eigen/src/Core/Block.h:154:7:   required from ‘class Eigen::BlockImpl<const Eigen::Matrix<double, -1, -1>, -1, -1, false, Eigen::Dense>’
/home/u12/darrenc/R/library_R_v4.2_new_ocelote/RcppEigen/include/Eigen/src/Core/Block.h:103:81:   required from ‘class Eigen::Block<const Eigen::Matrix<double, -1, -1>, -1, -1, false>’
brute_force_cpu.cpp:49:66:   required from ‘Nabo::BruteForceSearch<T>::BruteForceSearch(const Matrix&, Nabo::BruteForceSearch<T>::Index, unsigned int) [with T = double; Nabo::BruteForceSearch<T>::Matrix = Eigen::Matrix<double, -1, -1>; Nabo::BruteForceSearch<T>::Index = int]’
brute_force_cpu.cpp:106:18:   required from here
/home/u12/darrenc/R/library_R_v4.2_new_ocelote/RcppEigen/include/Eigen/src/Core/DenseCoeffsBase.h:56:30: warning: ignoring attributes on template argument ‘Eigen::internal::packet_traits<double>::type’ {aka ‘__vector(2) double’} [-Wignored-attributes]
/home/u12/darrenc/R/library_R_v4.2_new_ocelote/RcppEigen/include/Eigen/src/Core/DenseCoeffsBase.h: In instantiation of ‘class Eigen::DenseCoeffsBase<Eigen::PartialReduxExpr<const Eigen::Block<const Eigen::Matrix<double, -1, -1>, -1, -1, false>, Eigen::internal::member_minCoeff<double, double>, 1>, 0>’:
/home/u12/darrenc/R/library_R_v4.2_new_ocelote/RcppEigen/include/Eigen/src/Core/DenseBase.h:41:34:   required from ‘class Eigen::DenseBase<Eigen::PartialReduxExpr<const Eigen::Block<const Eigen::Matrix<double, -1, -1>, -1, -1, false>, Eigen::internal::member_minCoeff<double, double>, 1> >’
/home/u12/darrenc/R/library_R_v4.2_new_ocelote/RcppEigen/include/Eigen/src/Core/MatrixBase.h:48:34:   required from ‘class Eigen::MatrixBase<Eigen::PartialReduxExpr<const Eigen::Block<const Eigen::Matrix<double, -1, -1>, -1, -1, false>, Eigen::internal::member_minCoeff<double, double>, 1> >’
/home/u12/darrenc/R/library_R_v4.2_new_ocelote/RcppEigen/include/Eigen/src/Core/VectorwiseOp.h:56:7:   required from ‘class Eigen::PartialReduxExpr<const Eigen::Block<const Eigen::Matrix<double, -1, -1>, -1, -1, false>, Eigen::internal::member_minCoeff<double, double>, 1>’
brute_force_cpu.cpp:49:39:   required from ‘Nabo::BruteForceSearch<T>::BruteForceSearch(const Matrix&, Nabo::BruteForceSearch<T>::Index, unsigned int) [with T = double; Nabo::BruteForceSearch<T>::Matrix = Eigen::Matrix<double, -1, -1>; Nabo::BruteForceSearch<T>::Index = int]’
brute_force_cpu.cpp:106:18:   required from here
/home/u12/darrenc/R/library_R_v4.2_new_ocelote/RcppEigen/include/Eigen/src/Core/DenseCoeffsBase.h:56:30: warning: ignoring attributes on template argument ‘Eigen::internal::packet_traits<double>::type’ {aka ‘__vector(2) double’} [-Wignored-attributes]
/home/u12/darrenc/R/library_R_v4.2_new_ocelote/RcppEigen/include/Eigen/src/Core/DenseCoeffsBase.h: In instantiation of ‘class Eigen::DenseCoeffsBase<Eigen::PartialReduxExpr<const Eigen::Block<const Eigen::Matrix<double, -1, -1>, -1, -1, false>, Eigen::internal::member_maxCoeff<double, double>, 1>, 0>’:
/home/u12/darrenc/R/library_R_v4.2_new_ocelote/RcppEigen/include/Eigen/src/Core/DenseBase.h:41:34:   required from ‘class Eigen::DenseBase<Eigen::PartialReduxExpr<const Eigen::Block<const Eigen::Matrix<double, -1, -1>, -1, -1, false>, Eigen::internal::member_maxCoeff<double, double>, 1> >’
/home/u12/darrenc/R/library_R_v4.2_new_ocelote/RcppEigen/include/Eigen/src/Core/MatrixBase.h:48:34:   required from ‘class Eigen::MatrixBase<Eigen::PartialReduxExpr<const Eigen::Block<const Eigen::Matrix<double, -1, -1>, -1, -1, false>, Eigen::internal::member_maxCoeff<double, double>, 1> >’
/home/u12/darrenc/R/library_R_v4.2_new_ocelote/RcppEigen/include/Eigen/src/Core/VectorwiseOp.h:56:7:   required from ‘class Eigen::PartialReduxExpr<const Eigen::Block<const Eigen::Matrix<double, -1, -1>, -1, -1, false>, Eigen::internal::member_maxCoeff<double, double>, 1>’
brute_force_cpu.cpp:50:39:   required from ‘Nabo::BruteForceSearch<T>::BruteForceSearch(const Matrix&, Nabo::BruteForceSearch<T>::Index, unsigned int) [with T = double; Nabo::BruteForceSearch<T>::Matrix = Eigen::Matrix<double, -1, -1>; Nabo::BruteForceSearch<T>::Index = int]’
brute_force_cpu.cpp:106:18:   required from here
/home/u12/darrenc/R/library_R_v4.2_new_ocelote/RcppEigen/include/Eigen/src/Core/DenseCoeffsBase.h:56:30: warning: ignoring attributes on template argument ‘Eigen::internal::packet_traits<double>::type’ {aka ‘__vector(2) double’} [-Wignored-attributes]
/home/u12/darrenc/R/library_R_v4.2_new_ocelote/RcppEigen/include/Eigen/src/Core/DenseCoeffsBase.h: In instantiation of ‘class Eigen::DenseCoeffsBase<Eigen::CwiseNullaryOp<Eigen::internal::scalar_constant_op<double>, Eigen::Matrix<double, -1, 1> >, 0>’:
/home/u12/darrenc/R/library_R_v4.2_new_ocelote/RcppEigen/include/Eigen/src/Core/DenseBase.h:41:34:   required from ‘class Eigen::DenseBase<Eigen::CwiseNullaryOp<Eigen::internal::scalar_constant_op<double>, Eigen::Matrix<double, -1, 1> > >’
/home/u12/darrenc/R/library_R_v4.2_new_ocelote/RcppEigen/include/Eigen/src/Core/MatrixBase.h:48:34:   required from ‘class Eigen::MatrixBase<Eigen::CwiseNullaryOp<Eigen::internal::scalar_constant_op<double>, Eigen::Matrix<double, -1, 1> > >’
/home/u12/darrenc/R/library_R_v4.2_new_ocelote/RcppEigen/include/Eigen/src/Core/CwiseNullaryOp.h:60:7:   required from ‘class Eigen::CwiseNullaryOp<Eigen::internal::scalar_constant_op<double>, Eigen::Matrix<double, -1, 1> >’
brute_force_cpu.cpp:66:41:   required from ‘long unsigned int Nabo::BruteForceSearch<T>::knn(const Matrix&, Nabo::BruteForceSearch<T>::IndexMatrix&, Nabo::BruteForceSearch<T>::Matrix&, Nabo::BruteForceSearch<T>::Index, T, unsigned int, T) const [with T = double; Nabo::BruteForceSearch<T>::Matrix = Eigen::Matrix<double, -1, -1>; Nabo::BruteForceSearch<T>::IndexMatrix = Eigen::Matrix<int, -1, -1>; Nabo::BruteForceSearch<T>::Index = int]’
brute_force_cpu.cpp:106:18:   required from here
/home/u12/darrenc/R/library_R_v4.2_new_ocelote/RcppEigen/include/Eigen/src/Core/DenseCoeffsBase.h:56:30: warning: ignoring attributes on template argument ‘Eigen::internal::packet_traits<double>::type’ {aka ‘__vector(2) double’} [-Wignored-attributes]
/home/u12/darrenc/R/library_R_v4.2_new_ocelote/RcppEigen/include/Eigen/src/Core/DenseCoeffsBase.h: In instantiation of ‘class Eigen::DenseCoeffsBase<Eigen::Block<Eigen::Matrix<double, -1, -1>, -1, 1, true>, 0>’:
/home/u12/darrenc/R/library_R_v4.2_new_ocelote/RcppEigen/include/Eigen/src/Core/DenseCoeffsBase.h:302:7:   required from ‘class Eigen::DenseCoeffsBase<Eigen::Block<Eigen::Matrix<double, -1, -1>, -1, 1, true>, 1>’
/home/u12/darrenc/R/library_R_v4.2_new_ocelote/RcppEigen/include/Eigen/src/Core/DenseCoeffsBase.h:555:7:   required from ‘class Eigen::DenseCoeffsBase<Eigen::Block<Eigen::Matrix<double, -1, -1>, -1, 1, true>, 3>’
/home/u12/darrenc/R/library_R_v4.2_new_ocelote/RcppEigen/include/Eigen/src/Core/DenseBase.h:41:34:   required from ‘class Eigen::DenseBase<Eigen::Block<Eigen::Matrix<double, -1, -1>, -1, 1, true> >’
/home/u12/darrenc/R/library_R_v4.2_new_ocelote/RcppEigen/include/Eigen/src/Core/MatrixBase.h:48:34:   required from ‘class Eigen::MatrixBase<Eigen::Block<Eigen::Matrix<double, -1, -1>, -1, 1, true> >’
/home/u12/darrenc/R/library_R_v4.2_new_ocelote/RcppEigen/include/Eigen/src/Core/MapBase.h:37:34:   required from ‘class Eigen::MapBase<Eigen::Block<Eigen::Matrix<double, -1, -1>, -1, 1, true>, 0>’
/home/u12/darrenc/R/library_R_v4.2_new_ocelote/RcppEigen/include/Eigen/src/Core/MapBase.h:223:34:   required from ‘class Eigen::MapBase<Eigen::Block<Eigen::Matrix<double, -1, -1>, -1, 1, true>, 1>’
/home/u12/darrenc/R/library_R_v4.2_new_ocelote/RcppEigen/include/Eigen/src/Core/Block.h:329:7:   required from ‘class Eigen::internal::BlockImpl_dense<Eigen::Matrix<double, -1, -1>, -1, 1, true, true>’
/home/u12/darrenc/R/library_R_v4.2_new_ocelote/RcppEigen/include/Eigen/src/Core/Block.h:154:7:   required from ‘class Eigen::BlockImpl<Eigen::Matrix<double, -1, -1>, -1, 1, true, Eigen::Dense>’
/home/u12/darrenc/R/library_R_v4.2_new_ocelote/RcppEigen/include/Eigen/src/Core/Block.h:103:81:   required from ‘class Eigen::Block<Eigen::Matrix<double, -1, -1>, -1, 1, true>’
brute_force_cpu.cpp:97:4:   required from ‘long unsigned int Nabo::BruteForceSearch<T>::knn(const Matrix&, Nabo::BruteForceSearch<T>::IndexMatrix&, Nabo::BruteForceSearch<T>::Matrix&, const Vector&, Nabo::BruteForceSearch<T>::Index, T, unsigned int) const [with T = double; Nabo::BruteForceSearch<T>::Matrix = Eigen::Matrix<double, -1, -1>; Nabo::BruteForceSearch<T>::IndexMatrix = Eigen::Matrix<int, -1, -1>; Nabo::BruteForceSearch<T>::Vector = Eigen::Matrix<double, -1, 1>; Nabo::BruteForceSearch<T>::Index = int]’
brute_force_cpu.cpp:106:18:   required from here
/home/u12/darrenc/R/library_R_v4.2_new_ocelote/RcppEigen/include/Eigen/src/Core/DenseCoeffsBase.h:56:30: warning: ignoring attributes on template argument ‘Eigen::internal::packet_traits<double>::type’ {aka ‘__vector(2) double’} [-Wignored-attributes]
/home/u12/darrenc/R/library_R_v4.2_new_ocelote/RcppEigen/include/Eigen/src/Core/DenseCoeffsBase.h: In instantiation of ‘class Eigen::DenseCoeffsBase<Eigen::CwiseBinaryOp<Eigen::internal::scalar_difference_op<float, float>, const Eigen::Block<const Eigen::Matrix<float, -1, -1>, -1, -1, false>, const Eigen::Matrix<float, -1, 1> >, 0>’:
/home/u12/darrenc/R/library_R_v4.2_new_ocelote/RcppEigen/include/Eigen/src/Core/DenseBase.h:41:34:   required from ‘class Eigen::DenseBase<Eigen::CwiseBinaryOp<Eigen::internal::scalar_difference_op<float, float>, const Eigen::Block<const Eigen::Matrix<float, -1, -1>, -1, -1, false>, const Eigen::Matrix<float, -1, 1> > >’
/home/u12/darrenc/R/library_R_v4.2_new_ocelote/RcppEigen/include/Eigen/src/Core/MatrixBase.h:48:34:   required from ‘class Eigen::MatrixBase<Eigen::CwiseBinaryOp<Eigen::internal::scalar_difference_op<float, float>, const Eigen::Block<const Eigen::Matrix<float, -1, -1>, -1, -1, false>, const Eigen::Matrix<float, -1, 1> > >’
/home/u12/darrenc/R/library_R_v4.2_new_ocelote/RcppEigen/include/Eigen/src/Core/CwiseBinaryOp.h:148:7:   required from ‘class Eigen::CwiseBinaryOpImpl<Eigen::internal::scalar_difference_op<float, float>, const Eigen::Block<const Eigen::Matrix<float, -1, -1>, -1, -1, false>, const Eigen::Matrix<float, -1, 1>, Eigen::Dense>’
/home/u12/darrenc/R/library_R_v4.2_new_ocelote/RcppEigen/include/Eigen/src/Core/CwiseBinaryOp.h:77:7:   required from ‘class Eigen::CwiseBinaryOp<Eigen::internal::scalar_difference_op<float, float>, const Eigen::Block<const Eigen::Matrix<float, -1, -1>, -1, -1, false>, const Eigen::Matrix<float, -1, 1> >’
nabo_private.h:71:14:   required from ‘T Nabo::dist2(const A&, const B&) [with T = float; A = Eigen::Block<const Eigen::Matrix<float, -1, -1>, -1, -1, false>; B = Eigen::Matrix<float, -1, 1>]’
brute_force_cpu.cpp:89:26:   required from ‘long unsigned int Nabo::BruteForceSearch<T>::knn(const Matrix&, Nabo::BruteForceSearch<T>::IndexMatrix&, Nabo::BruteForceSearch<T>::Matrix&, const Vector&, Nabo::BruteForceSearch<T>::Index, T, unsigned int) const [with T = float; Nabo::BruteForceSearch<T>::Matrix = Eigen::Matrix<float, -1, -1>; Nabo::BruteForceSearch<T>::IndexMatrix = Eigen::Matrix<int, -1, -1>; Nabo::BruteForceSearch<T>::Vector = Eigen::Matrix<float, -1, 1>; Nabo::BruteForceSearch<T>::Index = int]’
brute_force_cpu.cpp:105:18:   required from here
/home/u12/darrenc/R/library_R_v4.2_new_ocelote/RcppEigen/include/Eigen/src/Core/DenseCoeffsBase.h:56:30: warning: ignoring attributes on template argument ‘Eigen::internal::packet_traits<float>::type’ {aka ‘__vector(4) float’} [-Wignored-attributes]
/home/u12/darrenc/R/library_R_v4.2_new_ocelote/RcppEigen/include/Eigen/src/Core/DenseCoeffsBase.h: In instantiation of ‘class Eigen::DenseCoeffsBase<Eigen::CwiseBinaryOp<Eigen::internal::scalar_difference_op<double, double>, const Eigen::Block<const Eigen::Matrix<double, -1, -1>, -1, -1, false>, const Eigen::Matrix<double, -1, 1> >, 0>’:
/home/u12/darrenc/R/library_R_v4.2_new_ocelote/RcppEigen/include/Eigen/src/Core/DenseBase.h:41:34:   required from ‘class Eigen::DenseBase<Eigen::CwiseBinaryOp<Eigen::internal::scalar_difference_op<double, double>, const Eigen::Block<const Eigen::Matrix<double, -1, -1>, -1, -1, false>, const Eigen::Matrix<double, -1, 1> > >’
/home/u12/darrenc/R/library_R_v4.2_new_ocelote/RcppEigen/include/Eigen/src/Core/MatrixBase.h:48:34:   required from ‘class Eigen::MatrixBase<Eigen::CwiseBinaryOp<Eigen::internal::scalar_difference_op<double, double>, const Eigen::Block<const Eigen::Matrix<double, -1, -1>, -1, -1, false>, const Eigen::Matrix<double, -1, 1> > >’
/home/u12/darrenc/R/library_R_v4.2_new_ocelote/RcppEigen/include/Eigen/src/Core/CwiseBinaryOp.h:148:7:   required from ‘class Eigen::CwiseBinaryOpImpl<Eigen::internal::scalar_difference_op<double, double>, const Eigen::Block<const Eigen::Matrix<double, -1, -1>, -1, -1, false>, const Eigen::Matrix<double, -1, 1>, Eigen::Dense>’
/home/u12/darrenc/R/library_R_v4.2_new_ocelote/RcppEigen/include/Eigen/src/Core/CwiseBinaryOp.h:77:7:   required from ‘class Eigen::CwiseBinaryOp<Eigen::internal::scalar_difference_op<double, double>, const Eigen::Block<const Eigen::Matrix<double, -1, -1>, -1, -1, false>, const Eigen::Matrix<double, -1, 1> >’
nabo_private.h:71:14:   required from ‘T Nabo::dist2(const A&, const B&) [with T = double; A = Eigen::Block<const Eigen::Matrix<double, -1, -1>, -1, -1, false>; B = Eigen::Matrix<double, -1, 1>]’
brute_force_cpu.cpp:89:26:   required from ‘long unsigned int Nabo::BruteForceSearch<T>::knn(const Matrix&, Nabo::BruteForceSearch<T>::IndexMatrix&, Nabo::BruteForceSearch<T>::Matrix&, const Vector&, Nabo::BruteForceSearch<T>::Index, T, unsigned int) const [with T = double; Nabo::BruteForceSearch<T>::Matrix = Eigen::Matrix<double, -1, -1>; Nabo::BruteForceSearch<T>::IndexMatrix = Eigen::Matrix<int, -1, -1>; Nabo::BruteForceSearch<T>::Vector = Eigen::Matrix<double, -1, 1>; Nabo::BruteForceSearch<T>::Index = int]’
brute_force_cpu.cpp:106:18:   required from here
/home/u12/darrenc/R/library_R_v4.2_new_ocelote/RcppEigen/include/Eigen/src/Core/DenseCoeffsBase.h:56:30: warning: ignoring attributes on template argument ‘Eigen::internal::packet_traits<double>::type’ {aka ‘__vector(2) double’} [-Wignored-attributes]
/home/u12/darrenc/R/library_R_v4.2_new_ocelote/RcppEigen/include/Eigen/src/Core/DenseCoeffsBase.h: In instantiation of ‘class Eigen::DenseCoeffsBase<Eigen::CwiseUnaryOp<Eigen::internal::scalar_abs2_op<float>, const Eigen::CwiseBinaryOp<Eigen::internal::scalar_difference_op<float, float>, const Eigen::Block<const Eigen::Matrix<float, -1, -1>, -1, -1, false>, const Eigen::Matrix<float, -1, 1> > >, 0>’:
/home/u12/darrenc/R/library_R_v4.2_new_ocelote/RcppEigen/include/Eigen/src/Core/DenseBase.h:41:34:   required from ‘class Eigen::DenseBase<Eigen::CwiseUnaryOp<Eigen::internal::scalar_abs2_op<float>, const Eigen::CwiseBinaryOp<Eigen::internal::scalar_difference_op<float, float>, const Eigen::Block<const Eigen::Matrix<float, -1, -1>, -1, -1, false>, const Eigen::Matrix<float, -1, 1> > > >’
/home/u12/darrenc/R/library_R_v4.2_new_ocelote/RcppEigen/include/Eigen/src/Core/MatrixBase.h:48:34:   required from ‘class Eigen::MatrixBase<Eigen::CwiseUnaryOp<Eigen::internal::scalar_abs2_op<float>, const Eigen::CwiseBinaryOp<Eigen::internal::scalar_difference_op<float, float>, const Eigen::Block<const Eigen::Matrix<float, -1, -1>, -1, -1, false>, const Eigen::Matrix<float, -1, 1> > > >’
/home/u12/darrenc/R/library_R_v4.2_new_ocelote/RcppEigen/include/Eigen/src/Core/CwiseUnaryOp.h:94:7:   required from ‘class Eigen::CwiseUnaryOpImpl<Eigen::internal::scalar_abs2_op<float>, const Eigen::CwiseBinaryOp<Eigen::internal::scalar_difference_op<float, float>, const Eigen::Block<const Eigen::Matrix<float, -1, -1>, -1, -1, false>, const Eigen::Matrix<float, -1, 1> >, Eigen::Dense>’
/home/u12/darrenc/R/library_R_v4.2_new_ocelote/RcppEigen/include/Eigen/src/Core/CwiseUnaryOp.h:55:7:   required from ‘class Eigen::CwiseUnaryOp<Eigen::internal::scalar_abs2_op<float>, const Eigen::CwiseBinaryOp<Eigen::internal::scalar_difference_op<float, float>, const Eigen::Block<const Eigen::Matrix<float, -1, -1>, -1, -1, false>, const Eigen::Matrix<float, -1, 1> > >’
/home/u12/darrenc/R/library_R_v4.2_new_ocelote/RcppEigen/include/Eigen/src/Core/Dot.h:98:43:   required from ‘typename Eigen::NumTraits<typename Eigen::internal::traits<T>::Scalar>::Real Eigen::MatrixBase<Derived>::squaredNorm() const [with Derived = Eigen::CwiseBinaryOp<Eigen::internal::scalar_difference_op<float, float>, const Eigen::Block<const Eigen::Matrix<float, -1, -1>, -1, -1, false>, const Eigen::Matrix<float, -1, 1> >; typename Eigen::NumTraits<typename Eigen::internal::traits<T>::Scalar>::Real = float]’
nabo_private.h:71:32:   required from ‘T Nabo::dist2(const A&, const B&) [with T = float; A = Eigen::Block<const Eigen::Matrix<float, -1, -1>, -1, -1, false>; B = Eigen::Matrix<float, -1, 1>]’
brute_force_cpu.cpp:89:26:   required from ‘long unsigned int Nabo::BruteForceSearch<T>::knn(const Matrix&, Nabo::BruteForceSearch<T>::IndexMatrix&, Nabo::BruteForceSearch<T>::Matrix&, const Vector&, Nabo::BruteForceSearch<T>::Index, T, unsigned int) const [with T = float; Nabo::BruteForceSearch<T>::Matrix = Eigen::Matrix<float, -1, -1>; Nabo::BruteForceSearch<T>::IndexMatrix = Eigen::Matrix<int, -1, -1>; Nabo::BruteForceSearch<T>::Vector = Eigen::Matrix<float, -1, 1>; Nabo::BruteForceSearch<T>::Index = int]’
brute_force_cpu.cpp:105:18:   required from here
/home/u12/darrenc/R/library_R_v4.2_new_ocelote/RcppEigen/include/Eigen/src/Core/DenseCoeffsBase.h:56:30: warning: ignoring attributes on template argument ‘Eigen::internal::packet_traits<float>::type’ {aka ‘__vector(4) float’} [-Wignored-attributes]
In file included from /home/u12/darrenc/R/library_R_v4.2_new_ocelote/RcppEigen/include/Eigen/Core:277,
                 from nabo.h:35,
                 from nabo_private.h:35,
                 from brute_force_cpu.cpp:32:
/home/u12/darrenc/R/library_R_v4.2_new_ocelote/RcppEigen/include/Eigen/src/Core/CoreEvaluators.h: In instantiation of ‘struct Eigen::internal::evaluator<Eigen::Block<Eigen::Matrix<float, -1, -1>, -1, 1, true> >’:
/home/u12/darrenc/R/library_R_v4.2_new_ocelote/RcppEigen/include/Eigen/src/Core/DenseCoeffsBase.h:391:7:   required from ‘Eigen::DenseCoeffsBase<Derived, 1>::Scalar& Eigen::DenseCoeffsBase<Derived, 1>::coeffRef(Eigen::Index) [with Derived = Eigen::Block<Eigen::Matrix<float, -1, -1>, -1, 1, true>; Eigen::DenseCoeffsBase<Derived, 1>::Scalar = float; Eigen::Index = long int]’
index_heap.h:142:60:   required from ‘void Nabo::IndexHeapSTL<IT, VT>::getData(const Eigen::MatrixBase<OtherDerived>&, const Eigen::MatrixBase<OtherDerived>&) const [with DI = Eigen::Block<Eigen::Matrix<int, -1, -1>, -1, 1, true>; DV = Eigen::Block<Eigen::Matrix<float, -1, -1>, -1, 1, true>; IT = int; VT = float]’
brute_force_cpu.cpp:97:4:   required from ‘long unsigned int Nabo::BruteForceSearch<T>::knn(const Matrix&, Nabo::BruteForceSearch<T>::IndexMatrix&, Nabo::BruteForceSearch<T>::Matrix&, const Vector&, Nabo::BruteForceSearch<T>::Index, T, unsigned int) const [with T = float; Nabo::BruteForceSearch<T>::Matrix = Eigen::Matrix<float, -1, -1>; Nabo::BruteForceSearch<T>::IndexMatrix = Eigen::Matrix<int, -1, -1>; Nabo::BruteForceSearch<T>::Vector = Eigen::Matrix<float, -1, 1>; Nabo::BruteForceSearch<T>::Index = int]’
brute_force_cpu.cpp:105:18:   required from here
/home/u12/darrenc/R/library_R_v4.2_new_ocelote/RcppEigen/include/Eigen/src/Core/CoreEvaluators.h:1042:8: warning: ignoring attributes on template argument ‘Eigen::internal::packet_traits<float>::type’ {aka ‘__vector(4) float’} [-Wignored-attributes]
   enum {
        ^
In file included from /home/u12/darrenc/R/library_R_v4.2_new_ocelote/RcppEigen/include/Eigen/Core:271,
                 from nabo.h:35,
                 from nabo_private.h:35,
                 from brute_force_cpu.cpp:32:
/home/u12/darrenc/R/library_R_v4.2_new_ocelote/RcppEigen/include/Eigen/src/Core/DenseCoeffsBase.h: In instantiation of ‘class Eigen::DenseCoeffsBase<Eigen::CwiseUnaryOp<Eigen::internal::scalar_abs2_op<double>, const Eigen::CwiseBinaryOp<Eigen::internal::scalar_difference_op<double, double>, const Eigen::Block<const Eigen::Matrix<double, -1, -1>, -1, -1, false>, const Eigen::Matrix<double, -1, 1> > >, 0>’:
/home/u12/darrenc/R/library_R_v4.2_new_ocelote/RcppEigen/include/Eigen/src/Core/DenseBase.h:41:34:   required from ‘class Eigen::DenseBase<Eigen::CwiseUnaryOp<Eigen::internal::scalar_abs2_op<double>, const Eigen::CwiseBinaryOp<Eigen::internal::scalar_difference_op<double, double>, const Eigen::Block<const Eigen::Matrix<double, -1, -1>, -1, -1, false>, const Eigen::Matrix<double, -1, 1> > > >’
/home/u12/darrenc/R/library_R_v4.2_new_ocelote/RcppEigen/include/Eigen/src/Core/MatrixBase.h:48:34:   required from ‘class Eigen::MatrixBase<Eigen::CwiseUnaryOp<Eigen::internal::scalar_abs2_op<double>, const Eigen::CwiseBinaryOp<Eigen::internal::scalar_difference_op<double, double>, const Eigen::Block<const Eigen::Matrix<double, -1, -1>, -1, -1, false>, const Eigen::Matrix<double, -1, 1> > > >’
/home/u12/darrenc/R/library_R_v4.2_new_ocelote/RcppEigen/include/Eigen/src/Core/CwiseUnaryOp.h:94:7:   required from ‘class Eigen::CwiseUnaryOpImpl<Eigen::internal::scalar_abs2_op<double>, const Eigen::CwiseBinaryOp<Eigen::internal::scalar_difference_op<double, double>, const Eigen::Block<const Eigen::Matrix<double, -1, -1>, -1, -1, false>, const Eigen::Matrix<double, -1, 1> >, Eigen::Dense>’
/home/u12/darrenc/R/library_R_v4.2_new_ocelote/RcppEigen/include/Eigen/src/Core/CwiseUnaryOp.h:55:7:   required from ‘class Eigen::CwiseUnaryOp<Eigen::internal::scalar_abs2_op<double>, const Eigen::CwiseBinaryOp<Eigen::internal::scalar_difference_op<double, double>, const Eigen::Block<const Eigen::Matrix<double, -1, -1>, -1, -1, false>, const Eigen::Matrix<double, -1, 1> > >’
/home/u12/darrenc/R/library_R_v4.2_new_ocelote/RcppEigen/include/Eigen/src/Core/Dot.h:98:43:   required from ‘typename Eigen::NumTraits<typename Eigen::internal::traits<T>::Scalar>::Real Eigen::MatrixBase<Derived>::squaredNorm() const [with Derived = Eigen::CwiseBinaryOp<Eigen::internal::scalar_difference_op<double, double>, const Eigen::Block<const Eigen::Matrix<double, -1, -1>, -1, -1, false>, const Eigen::Matrix<double, -1, 1> >; typename Eigen::NumTraits<typename Eigen::internal::traits<T>::Scalar>::Real = double]’
nabo_private.h:71:32:   required from ‘T Nabo::dist2(const A&, const B&) [with T = double; A = Eigen::Block<const Eigen::Matrix<double, -1, -1>, -1, -1, false>; B = Eigen::Matrix<double, -1, 1>]’
brute_force_cpu.cpp:89:26:   required from ‘long unsigned int Nabo::BruteForceSearch<T>::knn(const Matrix&, Nabo::BruteForceSearch<T>::IndexMatrix&, Nabo::BruteForceSearch<T>::Matrix&, const Vector&, Nabo::BruteForceSearch<T>::Index, T, unsigned int) const [with T = double; Nabo::BruteForceSearch<T>::Matrix = Eigen::Matrix<double, -1, -1>; Nabo::BruteForceSearch<T>::IndexMatrix = Eigen::Matrix<int, -1, -1>; Nabo::BruteForceSearch<T>::Vector = Eigen::Matrix<double, -1, 1>; Nabo::BruteForceSearch<T>::Index = int]’
brute_force_cpu.cpp:106:18:   required from here
/home/u12/darrenc/R/library_R_v4.2_new_ocelote/RcppEigen/include/Eigen/src/Core/DenseCoeffsBase.h:56:30: warning: ignoring attributes on template argument ‘Eigen::internal::packet_traits<double>::type’ {aka ‘__vector(2) double’} [-Wignored-attributes]
                      >::type PacketReturnType;
                              ^~~~~~~~~~~~~~~~
In file included from /home/u12/darrenc/R/library_R_v4.2_new_ocelote/RcppEigen/include/Eigen/Core:277,
                 from nabo.h:35,
                 from nabo_private.h:35,
                 from brute_force_cpu.cpp:32:
/home/u12/darrenc/R/library_R_v4.2_new_ocelote/RcppEigen/include/Eigen/src/Core/CoreEvaluators.h: In instantiation of ‘struct Eigen::internal::evaluator<Eigen::Block<Eigen::Matrix<double, -1, -1>, -1, 1, true> >’:
/home/u12/darrenc/R/library_R_v4.2_new_ocelote/RcppEigen/include/Eigen/src/Core/DenseCoeffsBase.h:391:7:   required from ‘Eigen::DenseCoeffsBase<Derived, 1>::Scalar& Eigen::DenseCoeffsBase<Derived, 1>::coeffRef(Eigen::Index) [with Derived = Eigen::Block<Eigen::Matrix<double, -1, -1>, -1, 1, true>; Eigen::DenseCoeffsBase<Derived, 1>::Scalar = double; Eigen::Index = long int]’
index_heap.h:142:60:   required from ‘void Nabo::IndexHeapSTL<IT, VT>::getData(const Eigen::MatrixBase<OtherDerived>&, const Eigen::MatrixBase<OtherDerived>&) const [with DI = Eigen::Block<Eigen::Matrix<int, -1, -1>, -1, 1, true>; DV = Eigen::Block<Eigen::Matrix<double, -1, -1>, -1, 1, true>; IT = int; VT = double]’
brute_force_cpu.cpp:97:4:   required from ‘long unsigned int Nabo::BruteForceSearch<T>::knn(const Matrix&, Nabo::BruteForceSearch<T>::IndexMatrix&, Nabo::BruteForceSearch<T>::Matrix&, const Vector&, Nabo::BruteForceSearch<T>::Index, T, unsigned int) const [with T = double; Nabo::BruteForceSearch<T>::Matrix = Eigen::Matrix<double, -1, -1>; Nabo::BruteForceSearch<T>::IndexMatrix = Eigen::Matrix<int, -1, -1>; Nabo::BruteForceSearch<T>::Vector = Eigen::Matrix<double, -1, 1>; Nabo::BruteForceSearch<T>::Index = int]’
brute_force_cpu.cpp:106:18:   required from here
/home/u12/darrenc/R/library_R_v4.2_new_ocelote/RcppEigen/include/Eigen/src/Core/CoreEvaluators.h:1042:8: warning: ignoring attributes on template argument ‘Eigen::internal::packet_traits<double>::type’ {aka ‘__vector(2) double’} [-Wignored-attributes]
   enum {
        ^
/home/u12/darrenc/R/library_R_v4.2_new_ocelote/RcppEigen/include/Eigen/src/Core/CoreEvaluators.h: In instantiation of ‘struct Eigen::internal::evaluator<Eigen::Block<const Eigen::Matrix<float, -1, -1>, -1, -1, false> >’:
/home/u12/darrenc/R/library_R_v4.2_new_ocelote/RcppEigen/include/Eigen/src/Core/CoreEvaluators.h:100:8:   required from ‘struct Eigen::internal::evaluator<const Eigen::Block<const Eigen::Matrix<float, -1, -1>, -1, -1, false> >’
/home/u12/darrenc/R/library_R_v4.2_new_ocelote/RcppEigen/include/Eigen/src/Core/CoreEvaluators.h:739:21:   required from ‘struct Eigen::internal::binary_evaluator<Eigen::CwiseBinaryOp<Eigen::internal::scalar_difference_op<float, float>, const Eigen::Block<const Eigen::Matrix<float, -1, -1>, -1, -1, false>, const Eigen::Matrix<float, -1, 1> >, Eigen::internal::IndexBased, Eigen::internal::IndexBased, float, float>’
/home/u12/darrenc/R/library_R_v4.2_new_ocelote/RcppEigen/include/Eigen/src/Core/CoreEvaluators.h:722:8:   required from ‘struct Eigen::internal::evaluator<Eigen::CwiseBinaryOp<Eigen::internal::scalar_difference_op<float, float>, const Eigen::Block<const Eigen::Matrix<float, -1, -1>, -1, -1, false>, const Eigen::Matrix<float, -1, 1> > >’
/home/u12/darrenc/R/library_R_v4.2_new_ocelote/RcppEigen/include/Eigen/src/Core/CoreEvaluators.h:100:8:   required from ‘struct Eigen::internal::evaluator<const Eigen::CwiseBinaryOp<Eigen::internal::scalar_difference_op<float, float>, const Eigen::Block<const Eigen::Matrix<float, -1, -1>, -1, -1, false>, const Eigen::Matrix<float, -1, 1> > >’
/home/u12/darrenc/R/library_R_v4.2_new_ocelote/RcppEigen/include/Eigen/src/Core/CoreEvaluators.h:564:21:   required from ‘struct Eigen::internal::unary_evaluator<Eigen::CwiseUnaryOp<Eigen::internal::scalar_abs2_op<float>, const Eigen::CwiseBinaryOp<Eigen::internal::scalar_difference_op<float, float>, const Eigen::Block<const Eigen::Matrix<float, -1, -1>, -1, -1, false>, const Eigen::Matrix<float, -1, 1> > >, Eigen::internal::IndexBased, float>’
/home/u12/darrenc/R/library_R_v4.2_new_ocelote/RcppEigen/include/Eigen/src/Core/CoreEvaluators.h:90:8:   [ skipping 2 instantiation contexts, use -ftemplate-backtrace-limit=0 to disable ]
/home/u12/darrenc/R/library_R_v4.2_new_ocelote/RcppEigen/include/Eigen/src/Core/Redux.h:414:17:   required from ‘typename Eigen::internal::traits<T>::Scalar Eigen::DenseBase<Derived>::redux(const Func&) const [with BinaryOp = Eigen::internal::scalar_sum_op<float, float>; Derived = Eigen::CwiseUnaryOp<Eigen::internal::scalar_abs2_op<float>, const Eigen::CwiseBinaryOp<Eigen::internal::scalar_difference_op<float, float>, const Eigen::Block<const Eigen::Matrix<float, -1, -1>, -1, -1, false>, const Eigen::Matrix<float, -1, 1> > >; typename Eigen::internal::traits<T>::Scalar = float]’
/home/u12/darrenc/R/library_R_v4.2_new_ocelote/RcppEigen/include/Eigen/src/Core/Redux.h:463:73:   required from ‘typename Eigen::internal::traits<T>::Scalar Eigen::DenseBase<Derived>::sum() const [with Derived = Eigen::CwiseUnaryOp<Eigen::internal::scalar_abs2_op<float>, const Eigen::CwiseBinaryOp<Eigen::internal::scalar_difference_op<float, float>, const Eigen::Block<const Eigen::Matrix<float, -1, -1>, -1, -1, false>, const Eigen::Matrix<float, -1, 1> > >; typename Eigen::internal::traits<T>::Scalar = float]’
/home/u12/darrenc/R/library_R_v4.2_new_ocelote/RcppEigen/include/Eigen/src/Core/Dot.h:98:22:   required from ‘typename Eigen::NumTraits<typename Eigen::internal::traits<T>::Scalar>::Real Eigen::MatrixBase<Derived>::squaredNorm() const [with Derived = Eigen::CwiseBinaryOp<Eigen::internal::scalar_difference_op<float, float>, const Eigen::Block<const Eigen::Matrix<float, -1, -1>, -1, -1, false>, const Eigen::Matrix<float, -1, 1> >; typename Eigen::NumTraits<typename Eigen::internal::traits<T>::Scalar>::Real = float]’
nabo_private.h:71:32:   required from ‘T Nabo::dist2(const A&, const B&) [with T = float; A = Eigen::Block<const Eigen::Matrix<float, -1, -1>, -1, -1, false>; B = Eigen::Matrix<float, -1, 1>]’
brute_force_cpu.cpp:89:26:   required from ‘long unsigned int Nabo::BruteForceSearch<T>::knn(const Matrix&, Nabo::BruteForceSearch<T>::IndexMatrix&, Nabo::BruteForceSearch<T>::Matrix&, const Vector&, Nabo::BruteForceSearch<T>::Index, T, unsigned int) const [with T = float; Nabo::BruteForceSearch<T>::Matrix = Eigen::Matrix<float, -1, -1>; Nabo::BruteForceSearch<T>::IndexMatrix = Eigen::Matrix<int, -1, -1>; Nabo::BruteForceSearch<T>::Vector = Eigen::Matrix<float, -1, 1>; Nabo::BruteForceSearch<T>::Index = int]’
brute_force_cpu.cpp:105:18:   required from here
/home/u12/darrenc/R/library_R_v4.2_new_ocelote/RcppEigen/include/Eigen/src/Core/CoreEvaluators.h:1042:8: warning: ignoring attributes on template argument ‘Eigen::internal::packet_traits<float>::type’ {aka ‘__vector(4) float’} [-Wignored-attributes]
/home/u12/darrenc/R/library_R_v4.2_new_ocelote/RcppEigen/include/Eigen/src/Core/CoreEvaluators.h: In instantiation of ‘struct Eigen::internal::evaluator<Eigen::Block<const Eigen::Matrix<double, -1, -1>, -1, -1, false> >’:
/home/u12/darrenc/R/library_R_v4.2_new_ocelote/RcppEigen/include/Eigen/src/Core/CoreEvaluators.h:100:8:   required from ‘struct Eigen::internal::evaluator<const Eigen::Block<const Eigen::Matrix<double, -1, -1>, -1, -1, false> >’
/home/u12/darrenc/R/library_R_v4.2_new_ocelote/RcppEigen/include/Eigen/src/Core/CoreEvaluators.h:739:21:   required from ‘struct Eigen::internal::binary_evaluator<Eigen::CwiseBinaryOp<Eigen::internal::scalar_difference_op<double, double>, const Eigen::Block<const Eigen::Matrix<double, -1, -1>, -1, -1, false>, const Eigen::Matrix<double, -1, 1> >, Eigen::internal::IndexBased, Eigen::internal::IndexBased, double, double>’
/home/u12/darrenc/R/library_R_v4.2_new_ocelote/RcppEigen/include/Eigen/src/Core/CoreEvaluators.h:722:8:   required from ‘struct Eigen::internal::evaluator<Eigen::CwiseBinaryOp<Eigen::internal::scalar_difference_op<double, double>, const Eigen::Block<const Eigen::Matrix<double, -1, -1>, -1, -1, false>, const Eigen::Matrix<double, -1, 1> > >’
/home/u12/darrenc/R/library_R_v4.2_new_ocelote/RcppEigen/include/Eigen/src/Core/CoreEvaluators.h:100:8:   required from ‘struct Eigen::internal::evaluator<const Eigen::CwiseBinaryOp<Eigen::internal::scalar_difference_op<double, double>, const Eigen::Block<const Eigen::Matrix<double, -1, -1>, -1, -1, false>, const Eigen::Matrix<double, -1, 1> > >’
/home/u12/darrenc/R/library_R_v4.2_new_ocelote/RcppEigen/include/Eigen/src/Core/CoreEvaluators.h:564:21:   required from ‘struct Eigen::internal::unary_evaluator<Eigen::CwiseUnaryOp<Eigen::internal::scalar_abs2_op<double>, const Eigen::CwiseBinaryOp<Eigen::internal::scalar_difference_op<double, double>, const Eigen::Block<const Eigen::Matrix<double, -1, -1>, -1, -1, false>, const Eigen::Matrix<double, -1, 1> > >, Eigen::internal::IndexBased, double>’
/home/u12/darrenc/R/library_R_v4.2_new_ocelote/RcppEigen/include/Eigen/src/Core/CoreEvaluators.h:90:8:   [ skipping 2 instantiation contexts, use -ftemplate-backtrace-limit=0 to disable ]
/home/u12/darrenc/R/library_R_v4.2_new_ocelote/RcppEigen/include/Eigen/src/Core/Redux.h:414:17:   required from ‘typename Eigen::internal::traits<T>::Scalar Eigen::DenseBase<Derived>::redux(const Func&) const [with BinaryOp = Eigen::internal::scalar_sum_op<double, double>; Derived = Eigen::CwiseUnaryOp<Eigen::internal::scalar_abs2_op<double>, const Eigen::CwiseBinaryOp<Eigen::internal::scalar_difference_op<double, double>, const Eigen::Block<const Eigen::Matrix<double, -1, -1>, -1, -1, false>, const Eigen::Matrix<double, -1, 1> > >; typename Eigen::internal::traits<T>::Scalar = double]’
/home/u12/darrenc/R/library_R_v4.2_new_ocelote/RcppEigen/include/Eigen/src/Core/Redux.h:463:73:   required from ‘typename Eigen::internal::traits<T>::Scalar Eigen::DenseBase<Derived>::sum() const [with Derived = Eigen::CwiseUnaryOp<Eigen::internal::scalar_abs2_op<double>, const Eigen::CwiseBinaryOp<Eigen::internal::scalar_difference_op<double, double>, const Eigen::Block<const Eigen::Matrix<double, -1, -1>, -1, -1, false>, const Eigen::Matrix<double, -1, 1> > >; typename Eigen::internal::traits<T>::Scalar = double]’
/home/u12/darrenc/R/library_R_v4.2_new_ocelote/RcppEigen/include/Eigen/src/Core/Dot.h:98:22:   required from ‘typename Eigen::NumTraits<typename Eigen::internal::traits<T>::Scalar>::Real Eigen::MatrixBase<Derived>::squaredNorm() const [with Derived = Eigen::CwiseBinaryOp<Eigen::internal::scalar_difference_op<double, double>, const Eigen::Block<const Eigen::Matrix<double, -1, -1>, -1, -1, false>, const Eigen::Matrix<double, -1, 1> >; typename Eigen::NumTraits<typename Eigen::internal::traits<T>::Scalar>::Real = double]’
nabo_private.h:71:32:   required from ‘T Nabo::dist2(const A&, const B&) [with T = double; A = Eigen::Block<const Eigen::Matrix<double, -1, -1>, -1, -1, false>; B = Eigen::Matrix<double, -1, 1>]’
brute_force_cpu.cpp:89:26:   required from ‘long unsigned int Nabo::BruteForceSearch<T>::knn(const Matrix&, Nabo::BruteForceSearch<T>::IndexMatrix&, Nabo::BruteForceSearch<T>::Matrix&, const Vector&, Nabo::BruteForceSearch<T>::Index, T, unsigned int) const [with T = double; Nabo::BruteForceSearch<T>::Matrix = Eigen::Matrix<double, -1, -1>; Nabo::BruteForceSearch<T>::IndexMatrix = Eigen::Matrix<int, -1, -1>; Nabo::BruteForceSearch<T>::Vector = Eigen::Matrix<double, -1, 1>; Nabo::BruteForceSearch<T>::Index = int]’
brute_force_cpu.cpp:106:18:   required from here
/home/u12/darrenc/R/library_R_v4.2_new_ocelote/RcppEigen/include/Eigen/src/Core/CoreEvaluators.h:1042:8: warning: ignoring attributes on template argument ‘Eigen::internal::packet_traits<double>::type’ {aka ‘__vector(2) double’} [-Wignored-attributes]
In file included from /home/u12/darrenc/R/library_R_v4.2_new_ocelote/RcppEigen/include/Eigen/Core:271,
                 from nabo.h:35,
                 from nabo_private.h:35,
                 from brute_force_cpu.cpp:32:
/home/u12/darrenc/R/library_R_v4.2_new_ocelote/RcppEigen/include/Eigen/src/Core/DenseCoeffsBase.h: In instantiation of ‘class Eigen::DenseCoeffsBase<Eigen::Block<const Eigen::Block<const Eigen::Matrix<float, -1, -1>, -1, -1, false>, 4, -1, true>, 0>’:
/home/u12/darrenc/R/library_R_v4.2_new_ocelote/RcppEigen/include/Eigen/src/Core/DenseCoeffsBase.h:481:7:   required from ‘class Eigen::DenseCoeffsBase<Eigen::Block<const Eigen::Block<const Eigen::Matrix<float, -1, -1>, -1, -1, false>, 4, -1, true>, 2>’
/home/u12/darrenc/R/library_R_v4.2_new_ocelote/RcppEigen/include/Eigen/src/Core/DenseBase.h:41:34:   required from ‘class Eigen::DenseBase<Eigen::Block<const Eigen::Block<const Eigen::Matrix<float, -1, -1>, -1, -1, false>, 4, -1, true> >’
/home/u12/darrenc/R/library_R_v4.2_new_ocelote/RcppEigen/include/Eigen/src/Core/MatrixBase.h:48:34:   required from ‘class Eigen::MatrixBase<Eigen::Block<const Eigen::Block<const Eigen::Matrix<float, -1, -1>, -1, -1, false>, 4, -1, true> >’
/home/u12/darrenc/R/library_R_v4.2_new_ocelote/RcppEigen/include/Eigen/src/Core/MapBase.h:37:34:   required from ‘class Eigen::MapBase<Eigen::Block<const Eigen::Block<const Eigen::Matrix<float, -1, -1>, -1, -1, false>, 4, -1, true>, 0>’
/home/u12/darrenc/R/library_R_v4.2_new_ocelote/RcppEigen/include/Eigen/src/Core/Block.h:329:7:   required from ‘class Eigen::internal::BlockImpl_dense<const Eigen::Block<const Eigen::Matrix<float, -1, -1>, -1, -1, false>, 4, -1, true, true>’
/home/u12/darrenc/R/library_R_v4.2_new_ocelote/RcppEigen/include/Eigen/src/Core/Block.h:154:7:   [ skipping 8 instantiation contexts, use -ftemplate-backtrace-limit=0 to disable ]
/home/u12/darrenc/R/library_R_v4.2_new_ocelote/RcppEigen/include/Eigen/src/Core/AssignEvaluator.h:858:27:   required from ‘void Eigen::internal::call_assignment(Dst&, const Src&, const Func&, typename Eigen::internal::enable_if<(! Eigen::internal::evaluator_assume_aliasing<Src>::value), void*>::type) [with Dst = Eigen::Matrix<float, -1, 1>; Src = Eigen::PartialReduxExpr<const Eigen::Block<const Eigen::Matrix<float, -1, -1>, -1, -1, false>, Eigen::internal::member_minCoeff<float, float>, 1>; Func = Eigen::internal::assign_op<float, float>; typename Eigen::internal::enable_if<(! Eigen::internal::evaluator_assume_aliasing<Src>::value), void*>::type = void*]’
/home/u12/darrenc/R/library_R_v4.2_new_ocelote/RcppEigen/include/Eigen/src/Core/AssignEvaluator.h:836:18:   required from ‘void Eigen::internal::call_assignment(Dst&, const Src&) [with Dst = Eigen::Matrix<float, -1, 1>; Src = Eigen::PartialReduxExpr<const Eigen::Block<const Eigen::Matrix<float, -1, -1>, -1, -1, false>, Eigen::internal::member_minCoeff<float, float>, 1>]’
/home/u12/darrenc/R/library_R_v4.2_new_ocelote/RcppEigen/include/Eigen/src/Core/PlainObjectBase.h:779:32:   required from ‘Derived& Eigen::PlainObjectBase<Derived>::_set(const Eigen::DenseBase<OtherDerived>&) [with OtherDerived = Eigen::PartialReduxExpr<const Eigen::Block<const Eigen::Matrix<float, -1, -1>, -1, -1, false>, Eigen::internal::member_minCoeff<float, float>, 1>; Derived = Eigen::Matrix<float, -1, 1>]’
/home/u12/darrenc/R/library_R_v4.2_new_ocelote/RcppEigen/include/Eigen/src/Core/Matrix.h:225:24:   required from ‘Eigen::Matrix<_Scalar, _Rows, _Cols, _Options, _MaxRows, _MaxCols>& Eigen::Matrix<_Scalar, _Rows, _Cols, _Options, _MaxRows, _MaxCols>::operator=(const Eigen::DenseBase<OtherDerived>&) [with OtherDerived = Eigen::PartialReduxExpr<const Eigen::Block<const Eigen::Matrix<float, -1, -1>, -1, -1, false>, Eigen::internal::member_minCoeff<float, float>, 1>; _Scalar = float; int _Rows = -1; int _Cols = 1; int _Options = 0; int _MaxRows = -1; int _MaxCols = 1]’
brute_force_cpu.cpp:49:39:   required from ‘Nabo::BruteForceSearch<T>::BruteForceSearch(const Matrix&, Nabo::BruteForceSearch<T>::Index, unsigned int) [with T = float; Nabo::BruteForceSearch<T>::Matrix = Eigen::Matrix<float, -1, -1>; Nabo::BruteForceSearch<T>::Index = int]’
brute_force_cpu.cpp:105:18:   required from here
/home/u12/darrenc/R/library_R_v4.2_new_ocelote/RcppEigen/include/Eigen/src/Core/DenseCoeffsBase.h:56:30: warning: ignoring attributes on template argument ‘Eigen::internal::packet_traits<float>::type’ {aka ‘__vector(4) float’} [-Wignored-attributes]
                      >::type PacketReturnType;
                              ^~~~~~~~~~~~~~~~
In file included from /home/u12/darrenc/R/library_R_v4.2_new_ocelote/RcppEigen/include/Eigen/Core:277,
                 from nabo.h:35,
                 from nabo_private.h:35,
                 from brute_force_cpu.cpp:32:
/home/u12/darrenc/R/library_R_v4.2_new_ocelote/RcppEigen/include/Eigen/src/Core/CoreEvaluators.h: In instantiation of ‘struct Eigen::internal::evaluator<Eigen::Block<const Eigen::Block<const Eigen::Matrix<float, -1, -1>, -1, -1, false>, 4, -1, true> >’:
/home/u12/darrenc/R/library_R_v4.2_new_ocelote/RcppEigen/include/Eigen/src/Core/Redux.h:357:7:   required from ‘class Eigen::internal::redux_evaluator<Eigen::Block<const Eigen::Block<const Eigen::Matrix<float, -1, -1>, -1, -1, false>, 4, -1, true> >’
/home/u12/darrenc/R/library_R_v4.2_new_ocelote/RcppEigen/include/Eigen/src/Core/PartialReduxEvaluator.h:217:20:   required from ‘PacketType Eigen::internal::evaluator<Eigen::PartialReduxExpr<MatrixType, MemberOp, Direction> >::packet(Eigen::Index) const [with int LoadMode = 0; PacketType = __vector(4) float; ArgType = const Eigen::Block<const Eigen::Matrix<float, -1, -1>, -1, -1, false>; MemberOp = Eigen::internal::member_minCoeff<float, float>; int Direction = 1; Eigen::Index = long int]’
/home/u12/darrenc/R/library_R_v4.2_new_ocelote/RcppEigen/include/Eigen/src/Core/AssignEvaluator.h:681:5:   required from ‘void Eigen::internal::generic_dense_assignment_kernel<DstEvaluatorTypeT, SrcEvaluatorTypeT, Functor, Version>::assignPacket(Eigen::Index) [with int StoreMode = 16; int LoadMode = 0; PacketType = __vector(4) float; DstEvaluatorTypeT = Eigen::internal::evaluator<Eigen::Matrix<float, -1, 1> >; SrcEvaluatorTypeT = Eigen::internal::evaluator<Eigen::PartialReduxExpr<const Eigen::Block<const Eigen::Matrix<float, -1, -1>, -1, -1, false>, Eigen::internal::member_minCoeff<float, float>, 1> >; Functor = Eigen::internal::assign_op<float, float>; int Version = 0; Eigen::Index = long int]’
/home/u12/darrenc/R/library_R_v4.2_new_ocelote/RcppEigen/include/Eigen/src/Core/AssignEvaluator.h:437:7:   required from ‘static void Eigen::internal::dense_assignment_loop<Kernel, 3, 0>::run(Kernel&) [with Kernel = Eigen::internal::generic_dense_assignment_kernel<Eigen::internal::evaluator<Eigen::Matrix<float, -1, 1> >, Eigen::internal::evaluator<Eigen::PartialReduxExpr<const Eigen::Block<const Eigen::Matrix<float, -1, -1>, -1, -1, false>, Eigen::internal::member_minCoeff<float, float>, 1> >, Eigen::internal::assign_op<float, float>, 0>]’
/home/u12/darrenc/R/library_R_v4.2_new_ocelote/RcppEigen/include/Eigen/src/Core/AssignEvaluator.h:785:37:   required from ‘void Eigen::internal::call_dense_assignment_loop(DstXprType&, const SrcXprType&, const Functor&) [with DstXprType = Eigen::Matrix<float, -1, 1>; SrcXprType = Eigen::PartialReduxExpr<const Eigen::Block<const Eigen::Matrix<float, -1, -1>, -1, -1, false>, Eigen::internal::member_minCoeff<float, float>, 1>; Functor = Eigen::internal::assign_op<float, float>]’
/home/u12/darrenc/R/library_R_v4.2_new_ocelote/RcppEigen/include/Eigen/src/Core/AssignEvaluator.h:954:31:   [ skipping 2 instantiation contexts, use -ftemplate-backtrace-limit=0 to disable ]
/home/u12/darrenc/R/library_R_v4.2_new_ocelote/RcppEigen/include/Eigen/src/Core/AssignEvaluator.h:858:27:   required from ‘void Eigen::internal::call_assignment(Dst&, const Src&, const Func&, typename Eigen::internal::enable_if<(! Eigen::internal::evaluator_assume_aliasing<Src>::value), void*>::type) [with Dst = Eigen::Matrix<float, -1, 1>; Src = Eigen::PartialReduxExpr<const Eigen::Block<const Eigen::Matrix<float, -1, -1>, -1, -1, false>, Eigen::internal::member_minCoeff<float, float>, 1>; Func = Eigen::internal::assign_op<float, float>; typename Eigen::internal::enable_if<(! Eigen::internal::evaluator_assume_aliasing<Src>::value), void*>::type = void*]’
/home/u12/darrenc/R/library_R_v4.2_new_ocelote/RcppEigen/include/Eigen/src/Core/AssignEvaluator.h:836:18:   required from ‘void Eigen::internal::call_assignment(Dst&, const Src&) [with Dst = Eigen::Matrix<float, -1, 1>; Src = Eigen::PartialReduxExpr<const Eigen::Block<const Eigen::Matrix<float, -1, -1>, -1, -1, false>, Eigen::internal::member_minCoeff<float, float>, 1>]’
/home/u12/darrenc/R/library_R_v4.2_new_ocelote/RcppEigen/include/Eigen/src/Core/PlainObjectBase.h:779:32:   required from ‘Derived& Eigen::PlainObjectBase<Derived>::_set(const Eigen::DenseBase<OtherDerived>&) [with OtherDerived = Eigen::PartialReduxExpr<const Eigen::Block<const Eigen::Matrix<float, -1, -1>, -1, -1, false>, Eigen::internal::member_minCoeff<float, float>, 1>; Derived = Eigen::Matrix<float, -1, 1>]’
/home/u12/darrenc/R/library_R_v4.2_new_ocelote/RcppEigen/include/Eigen/src/Core/Matrix.h:225:24:   required from ‘Eigen::Matrix<_Scalar, _Rows, _Cols, _Options, _MaxRows, _MaxCols>& Eigen::Matrix<_Scalar, _Rows, _Cols, _Options, _MaxRows, _MaxCols>::operator=(const Eigen::DenseBase<OtherDerived>&) [with OtherDerived = Eigen::PartialReduxExpr<const Eigen::Block<const Eigen::Matrix<float, -1, -1>, -1, -1, false>, Eigen::internal::member_minCoeff<float, float>, 1>; _Scalar = float; int _Rows = -1; int _Cols = 1; int _Options = 0; int _MaxRows = -1; int _MaxCols = 1]’
brute_force_cpu.cpp:49:39:   required from ‘Nabo::BruteForceSearch<T>::BruteForceSearch(const Matrix&, Nabo::BruteForceSearch<T>::Index, unsigned int) [with T = float; Nabo::BruteForceSearch<T>::Matrix = Eigen::Matrix<float, -1, -1>; Nabo::BruteForceSearch<T>::Index = int]’
brute_force_cpu.cpp:105:18:   required from here
/home/u12/darrenc/R/library_R_v4.2_new_ocelote/RcppEigen/include/Eigen/src/Core/CoreEvaluators.h:1042:8: warning: ignoring attributes on template argument ‘Eigen::internal::packet_traits<float>::type’ {aka ‘__vector(4) float’} [-Wignored-attributes]
   enum {
        ^
In file included from /home/u12/darrenc/R/library_R_v4.2_new_ocelote/RcppEigen/include/Eigen/Core:271,
                 from nabo.h:35,
                 from nabo_private.h:35,
                 from brute_force_cpu.cpp:32:
/home/u12/darrenc/R/library_R_v4.2_new_ocelote/RcppEigen/include/Eigen/src/Core/DenseCoeffsBase.h: In instantiation of ‘class Eigen::DenseCoeffsBase<Eigen::Block<const Eigen::Block<const Eigen::Matrix<double, -1, -1>, -1, -1, false>, 2, -1, true>, 0>’:
/home/u12/darrenc/R/library_R_v4.2_new_ocelote/RcppEigen/include/Eigen/src/Core/DenseCoeffsBase.h:481:7:   required from ‘class Eigen::DenseCoeffsBase<Eigen::Block<const Eigen::Block<const Eigen::Matrix<double, -1, -1>, -1, -1, false>, 2, -1, true>, 2>’
/home/u12/darrenc/R/library_R_v4.2_new_ocelote/RcppEigen/include/Eigen/src/Core/DenseBase.h:41:34:   required from ‘class Eigen::DenseBase<Eigen::Block<const Eigen::Block<const Eigen::Matrix<double, -1, -1>, -1, -1, false>, 2, -1, true> >’
/home/u12/darrenc/R/library_R_v4.2_new_ocelote/RcppEigen/include/Eigen/src/Core/MatrixBase.h:48:34:   required from ‘class Eigen::MatrixBase<Eigen::Block<const Eigen::Block<const Eigen::Matrix<double, -1, -1>, -1, -1, false>, 2, -1, true> >’
/home/u12/darrenc/R/library_R_v4.2_new_ocelote/RcppEigen/include/Eigen/src/Core/MapBase.h:37:34:   required from ‘class Eigen::MapBase<Eigen::Block<const Eigen::Block<const Eigen::Matrix<double, -1, -1>, -1, -1, false>, 2, -1, true>, 0>’
/home/u12/darrenc/R/library_R_v4.2_new_ocelote/RcppEigen/include/Eigen/src/Core/Block.h:329:7:   required from ‘class Eigen::internal::BlockImpl_dense<const Eigen::Block<const Eigen::Matrix<double, -1, -1>, -1, -1, false>, 2, -1, true, true>’
/home/u12/darrenc/R/library_R_v4.2_new_ocelote/RcppEigen/include/Eigen/src/Core/Block.h:154:7:   [ skipping 8 instantiation contexts, use -ftemplate-backtrace-limit=0 to disable ]
/home/u12/darrenc/R/library_R_v4.2_new_ocelote/RcppEigen/include/Eigen/src/Core/AssignEvaluator.h:858:27:   required from ‘void Eigen::internal::call_assignment(Dst&, const Src&, const Func&, typename Eigen::internal::enable_if<(! Eigen::internal::evaluator_assume_aliasing<Src>::value), void*>::type) [with Dst = Eigen::Matrix<double, -1, 1>; Src = Eigen::PartialReduxExpr<const Eigen::Block<const Eigen::Matrix<double, -1, -1>, -1, -1, false>, Eigen::internal::member_minCoeff<double, double>, 1>; Func = Eigen::internal::assign_op<double, double>; typename Eigen::internal::enable_if<(! Eigen::internal::evaluator_assume_aliasing<Src>::value), void*>::type = void*]’
/home/u12/darrenc/R/library_R_v4.2_new_ocelote/RcppEigen/include/Eigen/src/Core/AssignEvaluator.h:836:18:   required from ‘void Eigen::internal::call_assignment(Dst&, const Src&) [with Dst = Eigen::Matrix<double, -1, 1>; Src = Eigen::PartialReduxExpr<const Eigen::Block<const Eigen::Matrix<double, -1, -1>, -1, -1, false>, Eigen::internal::member_minCoeff<double, double>, 1>]’
/home/u12/darrenc/R/library_R_v4.2_new_ocelote/RcppEigen/include/Eigen/src/Core/PlainObjectBase.h:779:32:   required from ‘Derived& Eigen::PlainObjectBase<Derived>::_set(const Eigen::DenseBase<OtherDerived>&) [with OtherDerived = Eigen::PartialReduxExpr<const Eigen::Block<const Eigen::Matrix<double, -1, -1>, -1, -1, false>, Eigen::internal::member_minCoeff<double, double>, 1>; Derived = Eigen::Matrix<double, -1, 1>]’
/home/u12/darrenc/R/library_R_v4.2_new_ocelote/RcppEigen/include/Eigen/src/Core/Matrix.h:225:24:   required from ‘Eigen::Matrix<_Scalar, _Rows, _Cols, _Options, _MaxRows, _MaxCols>& Eigen::Matrix<_Scalar, _Rows, _Cols, _Options, _MaxRows, _MaxCols>::operator=(const Eigen::DenseBase<OtherDerived>&) [with OtherDerived = Eigen::PartialReduxExpr<const Eigen::Block<const Eigen::Matrix<double, -1, -1>, -1, -1, false>, Eigen::internal::member_minCoeff<double, double>, 1>; _Scalar = double; int _Rows = -1; int _Cols = 1; int _Options = 0; int _MaxRows = -1; int _MaxCols = 1]’
brute_force_cpu.cpp:49:39:   required from ‘Nabo::BruteForceSearch<T>::BruteForceSearch(const Matrix&, Nabo::BruteForceSearch<T>::Index, unsigned int) [with T = double; Nabo::BruteForceSearch<T>::Matrix = Eigen::Matrix<double, -1, -1>; Nabo::BruteForceSearch<T>::Index = int]’
brute_force_cpu.cpp:106:18:   required from here
/home/u12/darrenc/R/library_R_v4.2_new_ocelote/RcppEigen/include/Eigen/src/Core/DenseCoeffsBase.h:56:30: warning: ignoring attributes on template argument ‘Eigen::internal::packet_traits<double>::type’ {aka ‘__vector(2) double’} [-Wignored-attributes]
                      >::type PacketReturnType;
                              ^~~~~~~~~~~~~~~~
In file included from /home/u12/darrenc/R/library_R_v4.2_new_ocelote/RcppEigen/include/Eigen/Core:277,
                 from nabo.h:35,
                 from nabo_private.h:35,
                 from brute_force_cpu.cpp:32:
/home/u12/darrenc/R/library_R_v4.2_new_ocelote/RcppEigen/include/Eigen/src/Core/CoreEvaluators.h: In instantiation of ‘struct Eigen::internal::evaluator<Eigen::Block<const Eigen::Block<const Eigen::Matrix<double, -1, -1>, -1, -1, false>, 2, -1, true> >’:
/home/u12/darrenc/R/library_R_v4.2_new_ocelote/RcppEigen/include/Eigen/src/Core/Redux.h:357:7:   required from ‘class Eigen::internal::redux_evaluator<Eigen::Block<const Eigen::Block<const Eigen::Matrix<double, -1, -1>, -1, -1, false>, 2, -1, true> >’
/home/u12/darrenc/R/library_R_v4.2_new_ocelote/RcppEigen/include/Eigen/src/Core/PartialReduxEvaluator.h:217:20:   required from ‘PacketType Eigen::internal::evaluator<Eigen::PartialReduxExpr<MatrixType, MemberOp, Direction> >::packet(Eigen::Index) const [with int LoadMode = 0; PacketType = __vector(2) double; ArgType = const Eigen::Block<const Eigen::Matrix<double, -1, -1>, -1, -1, false>; MemberOp = Eigen::internal::member_minCoeff<double, double>; int Direction = 1; Eigen::Index = long int]’
/home/u12/darrenc/R/library_R_v4.2_new_ocelote/RcppEigen/include/Eigen/src/Core/AssignEvaluator.h:681:5:   required from ‘void Eigen::internal::generic_dense_assignment_kernel<DstEvaluatorTypeT, SrcEvaluatorTypeT, Functor, Version>::assignPacket(Eigen::Index) [with int StoreMode = 16; int LoadMode = 0; PacketType = __vector(2) double; DstEvaluatorTypeT = Eigen::internal::evaluator<Eigen::Matrix<double, -1, 1> >; SrcEvaluatorTypeT = Eigen::internal::evaluator<Eigen::PartialReduxExpr<const Eigen::Block<const Eigen::Matrix<double, -1, -1>, -1, -1, false>, Eigen::internal::member_minCoeff<double, double>, 1> >; Functor = Eigen::internal::assign_op<double, double>; int Version = 0; Eigen::Index = long int]’
/home/u12/darrenc/R/library_R_v4.2_new_ocelote/RcppEigen/include/Eigen/src/Core/AssignEvaluator.h:437:7:   required from ‘static void Eigen::internal::dense_assignment_loop<Kernel, 3, 0>::run(Kernel&) [with Kernel = Eigen::internal::generic_dense_assignment_kernel<Eigen::internal::evaluator<Eigen::Matrix<double, -1, 1> >, Eigen::internal::evaluator<Eigen::PartialReduxExpr<const Eigen::Block<const Eigen::Matrix<double, -1, -1>, -1, -1, false>, Eigen::internal::member_minCoeff<double, double>, 1> >, Eigen::internal::assign_op<double, double>, 0>]’
/home/u12/darrenc/R/library_R_v4.2_new_ocelote/RcppEigen/include/Eigen/src/Core/AssignEvaluator.h:785:37:   required from ‘void Eigen::internal::call_dense_assignment_loop(DstXprType&, const SrcXprType&, const Functor&) [with DstXprType = Eigen::Matrix<double, -1, 1>; SrcXprType = Eigen::PartialReduxExpr<const Eigen::Block<const Eigen::Matrix<double, -1, -1>, -1, -1, false>, Eigen::internal::member_minCoeff<double, double>, 1>; Functor = Eigen::internal::assign_op<double, double>]’
/home/u12/darrenc/R/library_R_v4.2_new_ocelote/RcppEigen/include/Eigen/src/Core/AssignEvaluator.h:954:31:   [ skipping 2 instantiation contexts, use -ftemplate-backtrace-limit=0 to disable ]
/home/u12/darrenc/R/library_R_v4.2_new_ocelote/RcppEigen/include/Eigen/src/Core/AssignEvaluator.h:858:27:   required from ‘void Eigen::internal::call_assignment(Dst&, const Src&, const Func&, typename Eigen::internal::enable_if<(! Eigen::internal::evaluator_assume_aliasing<Src>::value), void*>::type) [with Dst = Eigen::Matrix<double, -1, 1>; Src = Eigen::PartialReduxExpr<const Eigen::Block<const Eigen::Matrix<double, -1, -1>, -1, -1, false>, Eigen::internal::member_minCoeff<double, double>, 1>; Func = Eigen::internal::assign_op<double, double>; typename Eigen::internal::enable_if<(! Eigen::internal::evaluator_assume_aliasing<Src>::value), void*>::type = void*]’
/home/u12/darrenc/R/library_R_v4.2_new_ocelote/RcppEigen/include/Eigen/src/Core/AssignEvaluator.h:836:18:   required from ‘void Eigen::internal::call_assignment(Dst&, const Src&) [with Dst = Eigen::Matrix<double, -1, 1>; Src = Eigen::PartialReduxExpr<const Eigen::Block<const Eigen::Matrix<double, -1, -1>, -1, -1, false>, Eigen::internal::member_minCoeff<double, double>, 1>]’
/home/u12/darrenc/R/library_R_v4.2_new_ocelote/RcppEigen/include/Eigen/src/Core/PlainObjectBase.h:779:32:   required from ‘Derived& Eigen::PlainObjectBase<Derived>::_set(const Eigen::DenseBase<OtherDerived>&) [with OtherDerived = Eigen::PartialReduxExpr<const Eigen::Block<const Eigen::Matrix<double, -1, -1>, -1, -1, false>, Eigen::internal::member_minCoeff<double, double>, 1>; Derived = Eigen::Matrix<double, -1, 1>]’
/home/u12/darrenc/R/library_R_v4.2_new_ocelote/RcppEigen/include/Eigen/src/Core/Matrix.h:225:24:   required from ‘Eigen::Matrix<_Scalar, _Rows, _Cols, _Options, _MaxRows, _MaxCols>& Eigen::Matrix<_Scalar, _Rows, _Cols, _Options, _MaxRows, _MaxCols>::operator=(const Eigen::DenseBase<OtherDerived>&) [with OtherDerived = Eigen::PartialReduxExpr<const Eigen::Block<const Eigen::Matrix<double, -1, -1>, -1, -1, false>, Eigen::internal::member_minCoeff<double, double>, 1>; _Scalar = double; int _Rows = -1; int _Cols = 1; int _Options = 0; int _MaxRows = -1; int _MaxCols = 1]’
brute_force_cpu.cpp:49:39:   required from ‘Nabo::BruteForceSearch<T>::BruteForceSearch(const Matrix&, Nabo::BruteForceSearch<T>::Index, unsigned int) [with T = double; Nabo::BruteForceSearch<T>::Matrix = Eigen::Matrix<double, -1, -1>; Nabo::BruteForceSearch<T>::Index = int]’
brute_force_cpu.cpp:106:18:   required from here
/home/u12/darrenc/R/library_R_v4.2_new_ocelote/RcppEigen/include/Eigen/src/Core/CoreEvaluators.h:1042:8: warning: ignoring attributes on template argument ‘Eigen::internal::packet_traits<double>::type’ {aka ‘__vector(2) double’} [-Wignored-attributes]
   enum {
        ^
In file included from /home/u12/darrenc/R/library_R_v4.2_new_ocelote/RcppEigen/include/Eigen/Core:271,
                 from nabo.h:35,
                 from nabo_private.h:35,
                 from brute_force_cpu.cpp:32:
/home/u12/darrenc/R/library_R_v4.2_new_ocelote/RcppEigen/include/Eigen/src/Core/DenseCoeffsBase.h: In instantiation of ‘class Eigen::DenseCoeffsBase<Eigen::Block<const Eigen::Block<const Eigen::Matrix<float, -1, -1>, -1, -1, false>, 1, -1, false>, 0>’:
/home/u12/darrenc/R/library_R_v4.2_new_ocelote/RcppEigen/include/Eigen/src/Core/DenseCoeffsBase.h:481:7:   required from ‘class Eigen::DenseCoeffsBase<Eigen::Block<const Eigen::Block<const Eigen::Matrix<float, -1, -1>, -1, -1, false>, 1, -1, false>, 2>’
/home/u12/darrenc/R/library_R_v4.2_new_ocelote/RcppEigen/include/Eigen/src/Core/DenseBase.h:41:34:   required from ‘class Eigen::DenseBase<Eigen::Block<const Eigen::Block<const Eigen::Matrix<float, -1, -1>, -1, -1, false>, 1, -1, false> >’
/home/u12/darrenc/R/library_R_v4.2_new_ocelote/RcppEigen/include/Eigen/src/Core/MatrixBase.h:48:34:   required from ‘class Eigen::MatrixBase<Eigen::Block<const Eigen::Block<const Eigen::Matrix<float, -1, -1>, -1, -1, false>, 1, -1, false> >’
/home/u12/darrenc/R/library_R_v4.2_new_ocelote/RcppEigen/include/Eigen/src/Core/MapBase.h:37:34:   required from ‘class Eigen::MapBase<Eigen::Block<const Eigen::Block<const Eigen::Matrix<float, -1, -1>, -1, -1, false>, 1, -1, false>, 0>’
/home/u12/darrenc/R/library_R_v4.2_new_ocelote/RcppEigen/include/Eigen/src/Core/Block.h:329:7:   required from ‘class Eigen::internal::BlockImpl_dense<const Eigen::Block<const Eigen::Matrix<float, -1, -1>, -1, -1, false>, 1, -1, false, true>’
/home/u12/darrenc/R/library_R_v4.2_new_ocelote/RcppEigen/include/Eigen/src/Core/Block.h:154:7:   [ skipping 9 instantiation contexts, use -ftemplate-backtrace-limit=0 to disable ]
/home/u12/darrenc/R/library_R_v4.2_new_ocelote/RcppEigen/include/Eigen/src/Core/AssignEvaluator.h:858:27:   required from ‘void Eigen::internal::call_assignment(Dst&, const Src&, const Func&, typename Eigen::internal::enable_if<(! Eigen::internal::evaluator_assume_aliasing<Src>::value), void*>::type) [with Dst = Eigen::Matrix<float, -1, 1>; Src = Eigen::PartialReduxExpr<const Eigen::Block<const Eigen::Matrix<float, -1, -1>, -1, -1, false>, Eigen::internal::member_minCoeff<float, float>, 1>; Func = Eigen::internal::assign_op<float, float>; typename Eigen::internal::enable_if<(! Eigen::internal::evaluator_assume_aliasing<Src>::value), void*>::type = void*]’
/home/u12/darrenc/R/library_R_v4.2_new_ocelote/RcppEigen/include/Eigen/src/Core/AssignEvaluator.h:836:18:   required from ‘void Eigen::internal::call_assignment(Dst&, const Src&) [with Dst = Eigen::Matrix<float, -1, 1>; Src = Eigen::PartialReduxExpr<const Eigen::Block<const Eigen::Matrix<float, -1, -1>, -1, -1, false>, Eigen::internal::member_minCoeff<float, float>, 1>]’
/home/u12/darrenc/R/library_R_v4.2_new_ocelote/RcppEigen/include/Eigen/src/Core/PlainObjectBase.h:779:32:   required from ‘Derived& Eigen::PlainObjectBase<Derived>::_set(const Eigen::DenseBase<OtherDerived>&) [with OtherDerived = Eigen::PartialReduxExpr<const Eigen::Block<const Eigen::Matrix<float, -1, -1>, -1, -1, false>, Eigen::internal::member_minCoeff<float, float>, 1>; Derived = Eigen::Matrix<float, -1, 1>]’
/home/u12/darrenc/R/library_R_v4.2_new_ocelote/RcppEigen/include/Eigen/src/Core/Matrix.h:225:24:   required from ‘Eigen::Matrix<_Scalar, _Rows, _Cols, _Options, _MaxRows, _MaxCols>& Eigen::Matrix<_Scalar, _Rows, _Cols, _Options, _MaxRows, _MaxCols>::operator=(const Eigen::DenseBase<OtherDerived>&) [with OtherDerived = Eigen::PartialReduxExpr<const Eigen::Block<const Eigen::Matrix<float, -1, -1>, -1, -1, false>, Eigen::internal::member_minCoeff<float, float>, 1>; _Scalar = float; int _Rows = -1; int _Cols = 1; int _Options = 0; int _MaxRows = -1; int _MaxCols = 1]’
brute_force_cpu.cpp:49:39:   required from ‘Nabo::BruteForceSearch<T>::BruteForceSearch(const Matrix&, Nabo::BruteForceSearch<T>::Index, unsigned int) [with T = float; Nabo::BruteForceSearch<T>::Matrix = Eigen::Matrix<float, -1, -1>; Nabo::BruteForceSearch<T>::Index = int]’
brute_force_cpu.cpp:105:18:   required from here
/home/u12/darrenc/R/library_R_v4.2_new_ocelote/RcppEigen/include/Eigen/src/Core/DenseCoeffsBase.h:56:30: warning: ignoring attributes on template argument ‘Eigen::internal::packet_traits<float>::type’ {aka ‘__vector(4) float’} [-Wignored-attributes]
                      >::type PacketReturnType;
                              ^~~~~~~~~~~~~~~~
/home/u12/darrenc/R/library_R_v4.2_new_ocelote/RcppEigen/include/Eigen/src/Core/DenseCoeffsBase.h: In instantiation of ‘class Eigen::DenseCoeffsBase<Eigen::Block<const Eigen::Block<const Eigen::Matrix<double, -1, -1>, -1, -1, false>, 1, -1, false>, 0>’:
/home/u12/darrenc/R/library_R_v4.2_new_ocelote/RcppEigen/include/Eigen/src/Core/DenseCoeffsBase.h:481:7:   required from ‘class Eigen::DenseCoeffsBase<Eigen::Block<const Eigen::Block<const Eigen::Matrix<double, -1, -1>, -1, -1, false>, 1, -1, false>, 2>’
/home/u12/darrenc/R/library_R_v4.2_new_ocelote/RcppEigen/include/Eigen/src/Core/DenseBase.h:41:34:   required from ‘class Eigen::DenseBase<Eigen::Block<const Eigen::Block<const Eigen::Matrix<double, -1, -1>, -1, -1, false>, 1, -1, false> >’
/home/u12/darrenc/R/library_R_v4.2_new_ocelote/RcppEigen/include/Eigen/src/Core/MatrixBase.h:48:34:   required from ‘class Eigen::MatrixBase<Eigen::Block<const Eigen::Block<const Eigen::Matrix<double, -1, -1>, -1, -1, false>, 1, -1, false> >’
/home/u12/darrenc/R/library_R_v4.2_new_ocelote/RcppEigen/include/Eigen/src/Core/MapBase.h:37:34:   required from ‘class Eigen::MapBase<Eigen::Block<const Eigen::Block<const Eigen::Matrix<double, -1, -1>, -1, -1, false>, 1, -1, false>, 0>’
/home/u12/darrenc/R/library_R_v4.2_new_ocelote/RcppEigen/include/Eigen/src/Core/Block.h:329:7:   required from ‘class Eigen::internal::BlockImpl_dense<const Eigen::Block<const Eigen::Matrix<double, -1, -1>, -1, -1, false>, 1, -1, false, true>’
/home/u12/darrenc/R/library_R_v4.2_new_ocelote/RcppEigen/include/Eigen/src/Core/Block.h:154:7:   [ skipping 9 instantiation contexts, use -ftemplate-backtrace-limit=0 to disable ]
/home/u12/darrenc/R/library_R_v4.2_new_ocelote/RcppEigen/include/Eigen/src/Core/AssignEvaluator.h:858:27:   required from ‘void Eigen::internal::call_assignment(Dst&, const Src&, const Func&, typename Eigen::internal::enable_if<(! Eigen::internal::evaluator_assume_aliasing<Src>::value), void*>::type) [with Dst = Eigen::Matrix<double, -1, 1>; Src = Eigen::PartialReduxExpr<const Eigen::Block<const Eigen::Matrix<double, -1, -1>, -1, -1, false>, Eigen::internal::member_minCoeff<double, double>, 1>; Func = Eigen::internal::assign_op<double, double>; typename Eigen::internal::enable_if<(! Eigen::internal::evaluator_assume_aliasing<Src>::value), void*>::type = void*]’
/home/u12/darrenc/R/library_R_v4.2_new_ocelote/RcppEigen/include/Eigen/src/Core/AssignEvaluator.h:836:18:   required from ‘void Eigen::internal::call_assignment(Dst&, const Src&) [with Dst = Eigen::Matrix<double, -1, 1>; Src = Eigen::PartialReduxExpr<const Eigen::Block<const Eigen::Matrix<double, -1, -1>, -1, -1, false>, Eigen::internal::member_minCoeff<double, double>, 1>]’
/home/u12/darrenc/R/library_R_v4.2_new_ocelote/RcppEigen/include/Eigen/src/Core/PlainObjectBase.h:779:32:   required from ‘Derived& Eigen::PlainObjectBase<Derived>::_set(const Eigen::DenseBase<OtherDerived>&) [with OtherDerived = Eigen::PartialReduxExpr<const Eigen::Block<const Eigen::Matrix<double, -1, -1>, -1, -1, false>, Eigen::internal::member_minCoeff<double, double>, 1>; Derived = Eigen::Matrix<double, -1, 1>]’
/home/u12/darrenc/R/library_R_v4.2_new_ocelote/RcppEigen/include/Eigen/src/Core/Matrix.h:225:24:   required from ‘Eigen::Matrix<_Scalar, _Rows, _Cols, _Options, _MaxRows, _MaxCols>& Eigen::Matrix<_Scalar, _Rows, _Cols, _Options, _MaxRows, _MaxCols>::operator=(const Eigen::DenseBase<OtherDerived>&) [with OtherDerived = Eigen::PartialReduxExpr<const Eigen::Block<const Eigen::Matrix<double, -1, -1>, -1, -1, false>, Eigen::internal::member_minCoeff<double, double>, 1>; _Scalar = double; int _Rows = -1; int _Cols = 1; int _Options = 0; int _MaxRows = -1; int _MaxCols = 1]’
brute_force_cpu.cpp:49:39:   required from ‘Nabo::BruteForceSearch<T>::BruteForceSearch(const Matrix&, Nabo::BruteForceSearch<T>::Index, unsigned int) [with T = double; Nabo::BruteForceSearch<T>::Matrix = Eigen::Matrix<double, -1, -1>; Nabo::BruteForceSearch<T>::Index = int]’
brute_force_cpu.cpp:106:18:   required from here
/home/u12/darrenc/R/library_R_v4.2_new_ocelote/RcppEigen/include/Eigen/src/Core/DenseCoeffsBase.h:56:30: warning: ignoring attributes on template argument ‘Eigen::internal::packet_traits<double>::type’ {aka ‘__vector(2) double’} [-Wignored-attributes]
In file included from /home/u12/darrenc/R/library_R_v4.2_new_ocelote/RcppEigen/include/Eigen/Core:277,
                 from nabo.h:35,
                 from nabo_private.h:35,
                 from brute_force_cpu.cpp:32:
/home/u12/darrenc/R/library_R_v4.2_new_ocelote/RcppEigen/include/Eigen/src/Core/CoreEvaluators.h: In instantiation of ‘struct Eigen::internal::evaluator<Eigen::Block<const Eigen::Block<const Eigen::Matrix<float, -1, -1>, -1, -1, false>, 1, -1, false> >’:
/home/u12/darrenc/R/library_R_v4.2_new_ocelote/RcppEigen/include/Eigen/src/Core/Redux.h:357:7:   required from ‘class Eigen::internal::redux_evaluator<Eigen::Block<const Eigen::Block<const Eigen::Matrix<float, -1, -1>, -1, -1, false>, 1, -1, false> >’
/home/u12/darrenc/R/library_R_v4.2_new_ocelote/RcppEigen/include/Eigen/src/Core/Redux.h:414:17:   required from ‘typename Eigen::internal::traits<T>::Scalar Eigen::DenseBase<Derived>::redux(const Func&) const [with BinaryOp = Eigen::internal::scalar_min_op<float, float, 0>; Derived = Eigen::Block<const Eigen::Block<const Eigen::Matrix<float, -1, -1>, -1, -1, false>, 1, -1, false>; typename Eigen::internal::traits<T>::Scalar = float]’
/home/u12/darrenc/R/library_R_v4.2_new_ocelote/RcppEigen/include/Eigen/src/Core/Redux.h:433:89:   required from ‘typename Eigen::internal::traits<T>::Scalar Eigen::DenseBase<Derived>::minCoeff() const [with int NaNPropagation = 0; Derived = Eigen::Block<const Eigen::Block<const Eigen::Matrix<float, -1, -1>, -1, -1, false>, 1, -1, false>; typename Eigen::internal::traits<T>::Scalar = float]’
/home/u12/darrenc/R/library_R_v4.2_new_ocelote/RcppEigen/include/Eigen/src/Core/DenseBase.h:463:37:   required from ‘typename Eigen::internal::traits<T>::Scalar Eigen::DenseBase<Derived>::minCoeff() const [with Derived = Eigen::Block<const Eigen::Block<const Eigen::Matrix<float, -1, -1>, -1, -1, false>, 1, -1, false>; typename Eigen::internal::traits<T>::Scalar = float]’
/home/u12/darrenc/R/library_R_v4.2_new_ocelote/RcppEigen/include/Eigen/src/Core/VectorwiseOp.h:115:1:   required from ‘ResultType Eigen::internal::member_minCoeff<ResultType, Scalar>::operator()(const XprType&) const [with XprType = Eigen::Block<const Eigen::Block<const Eigen::Matrix<float, -1, -1>, -1, -1, false>, 1, -1, false>; ResultType = float; Scalar = float]’
/home/u12/darrenc/R/library_R_v4.2_new_ocelote/RcppEigen/include/Eigen/src/Core/PartialReduxEvaluator.h:183:79:   [ skipping 7 instantiation contexts, use -ftemplate-backtrace-limit=0 to disable ]
/home/u12/darrenc/R/library_R_v4.2_new_ocelote/RcppEigen/include/Eigen/src/Core/AssignEvaluator.h:858:27:   required from ‘void Eigen::internal::call_assignment(Dst&, const Src&, const Func&, typename Eigen::internal::enable_if<(! Eigen::internal::evaluator_assume_aliasing<Src>::value), void*>::type) [with Dst = Eigen::Matrix<float, -1, 1>; Src = Eigen::PartialReduxExpr<const Eigen::Block<const Eigen::Matrix<float, -1, -1>, -1, -1, false>, Eigen::internal::member_minCoeff<float, float>, 1>; Func = Eigen::internal::assign_op<float, float>; typename Eigen::internal::enable_if<(! Eigen::internal::evaluator_assume_aliasing<Src>::value), void*>::type = void*]’
/home/u12/darrenc/R/library_R_v4.2_new_ocelote/RcppEigen/include/Eigen/src/Core/AssignEvaluator.h:836:18:   required from ‘void Eigen::internal::call_assignment(Dst&, const Src&) [with Dst = Eigen::Matrix<float, -1, 1>; Src = Eigen::PartialReduxExpr<const Eigen::Block<const Eigen::Matrix<float, -1, -1>, -1, -1, false>, Eigen::internal::member_minCoeff<float, float>, 1>]’
/home/u12/darrenc/R/library_R_v4.2_new_ocelote/RcppEigen/include/Eigen/src/Core/PlainObjectBase.h:779:32:   required from ‘Derived& Eigen::PlainObjectBase<Derived>::_set(const Eigen::DenseBase<OtherDerived>&) [with OtherDerived = Eigen::PartialReduxExpr<const Eigen::Block<const Eigen::Matrix<float, -1, -1>, -1, -1, false>, Eigen::internal::member_minCoeff<float, float>, 1>; Derived = Eigen::Matrix<float, -1, 1>]’
/home/u12/darrenc/R/library_R_v4.2_new_ocelote/RcppEigen/include/Eigen/src/Core/Matrix.h:225:24:   required from ‘Eigen::Matrix<_Scalar, _Rows, _Cols, _Options, _MaxRows, _MaxCols>& Eigen::Matrix<_Scalar, _Rows, _Cols, _Options, _MaxRows, _MaxCols>::operator=(const Eigen::DenseBase<OtherDerived>&) [with OtherDerived = Eigen::PartialReduxExpr<const Eigen::Block<const Eigen::Matrix<float, -1, -1>, -1, -1, false>, Eigen::internal::member_minCoeff<float, float>, 1>; _Scalar = float; int _Rows = -1; int _Cols = 1; int _Options = 0; int _MaxRows = -1; int _MaxCols = 1]’
brute_force_cpu.cpp:49:39:   required from ‘Nabo::BruteForceSearch<T>::BruteForceSearch(const Matrix&, Nabo::BruteForceSearch<T>::Index, unsigned int) [with T = float; Nabo::BruteForceSearch<T>::Matrix = Eigen::Matrix<float, -1, -1>; Nabo::BruteForceSearch<T>::Index = int]’
brute_force_cpu.cpp:105:18:   required from here
/home/u12/darrenc/R/library_R_v4.2_new_ocelote/RcppEigen/include/Eigen/src/Core/CoreEvaluators.h:1042:8: warning: ignoring attributes on template argument ‘Eigen::internal::packet_traits<float>::type’ {aka ‘__vector(4) float’} [-Wignored-attributes]
   enum {
        ^
/home/u12/darrenc/R/library_R_v4.2_new_ocelote/RcppEigen/include/Eigen/src/Core/CoreEvaluators.h: In instantiation of ‘struct Eigen::internal::evaluator<Eigen::Block<const Eigen::Block<const Eigen::Matrix<double, -1, -1>, -1, -1, false>, 1, -1, false> >’:
/home/u12/darrenc/R/library_R_v4.2_new_ocelote/RcppEigen/include/Eigen/src/Core/Redux.h:357:7:   required from ‘class Eigen::internal::redux_evaluator<Eigen::Block<const Eigen::Block<const Eigen::Matrix<double, -1, -1>, -1, -1, false>, 1, -1, false> >’
/home/u12/darrenc/R/library_R_v4.2_new_ocelote/RcppEigen/include/Eigen/src/Core/Redux.h:414:17:   required from ‘typename Eigen::internal::traits<T>::Scalar Eigen::DenseBase<Derived>::redux(const Func&) const [with BinaryOp = Eigen::internal::scalar_min_op<double, double, 0>; Derived = Eigen::Block<const Eigen::Block<const Eigen::Matrix<double, -1, -1>, -1, -1, false>, 1, -1, false>; typename Eigen::internal::traits<T>::Scalar = double]’
/home/u12/darrenc/R/library_R_v4.2_new_ocelote/RcppEigen/include/Eigen/src/Core/Redux.h:433:89:   required from ‘typename Eigen::internal::traits<T>::Scalar Eigen::DenseBase<Derived>::minCoeff() const [with int NaNPropagation = 0; Derived = Eigen::Block<const Eigen::Block<const Eigen::Matrix<double, -1, -1>, -1, -1, false>, 1, -1, false>; typename Eigen::internal::traits<T>::Scalar = double]’
/home/u12/darrenc/R/library_R_v4.2_new_ocelote/RcppEigen/include/Eigen/src/Core/DenseBase.h:463:37:   required from ‘typename Eigen::internal::traits<T>::Scalar Eigen::DenseBase<Derived>::minCoeff() const [with Derived = Eigen::Block<const Eigen::Block<const Eigen::Matrix<double, -1, -1>, -1, -1, false>, 1, -1, false>; typename Eigen::internal::traits<T>::Scalar = double]’
/home/u12/darrenc/R/library_R_v4.2_new_ocelote/RcppEigen/include/Eigen/src/Core/VectorwiseOp.h:115:1:   required from ‘ResultType Eigen::internal::member_minCoeff<ResultType, Scalar>::operator()(const XprType&) const [with XprType = Eigen::Block<const Eigen::Block<const Eigen::Matrix<double, -1, -1>, -1, -1, false>, 1, -1, false>; ResultType = double; Scalar = double]’
/home/u12/darrenc/R/library_R_v4.2_new_ocelote/RcppEigen/include/Eigen/src/Core/PartialReduxEvaluator.h:183:79:   [ skipping 7 instantiation contexts, use -ftemplate-backtrace-limit=0 to disable ]
/home/u12/darrenc/R/library_R_v4.2_new_ocelote/RcppEigen/include/Eigen/src/Core/AssignEvaluator.h:858:27:   required from ‘void Eigen::internal::call_assignment(Dst&, const Src&, const Func&, typename Eigen::internal::enable_if<(! Eigen::internal::evaluator_assume_aliasing<Src>::value), void*>::type) [with Dst = Eigen::Matrix<double, -1, 1>; Src = Eigen::PartialReduxExpr<const Eigen::Block<const Eigen::Matrix<double, -1, -1>, -1, -1, false>, Eigen::internal::member_minCoeff<double, double>, 1>; Func = Eigen::internal::assign_op<double, double>; typename Eigen::internal::enable_if<(! Eigen::internal::evaluator_assume_aliasing<Src>::value), void*>::type = void*]’
/home/u12/darrenc/R/library_R_v4.2_new_ocelote/RcppEigen/include/Eigen/src/Core/AssignEvaluator.h:836:18:   required from ‘void Eigen::internal::call_assignment(Dst&, const Src&) [with Dst = Eigen::Matrix<double, -1, 1>; Src = Eigen::PartialReduxExpr<const Eigen::Block<const Eigen::Matrix<double, -1, -1>, -1, -1, false>, Eigen::internal::member_minCoeff<double, double>, 1>]’
/home/u12/darrenc/R/library_R_v4.2_new_ocelote/RcppEigen/include/Eigen/src/Core/PlainObjectBase.h:779:32:   required from ‘Derived& Eigen::PlainObjectBase<Derived>::_set(const Eigen::DenseBase<OtherDerived>&) [with OtherDerived = Eigen::PartialReduxExpr<const Eigen::Block<const Eigen::Matrix<double, -1, -1>, -1, -1, false>, Eigen::internal::member_minCoeff<double, double>, 1>; Derived = Eigen::Matrix<double, -1, 1>]’
/home/u12/darrenc/R/library_R_v4.2_new_ocelote/RcppEigen/include/Eigen/src/Core/Matrix.h:225:24:   required from ‘Eigen::Matrix<_Scalar, _Rows, _Cols, _Options, _MaxRows, _MaxCols>& Eigen::Matrix<_Scalar, _Rows, _Cols, _Options, _MaxRows, _MaxCols>::operator=(const Eigen::DenseBase<OtherDerived>&) [with OtherDerived = Eigen::PartialReduxExpr<const Eigen::Block<const Eigen::Matrix<double, -1, -1>, -1, -1, false>, Eigen::internal::member_minCoeff<double, double>, 1>; _Scalar = double; int _Rows = -1; int _Cols = 1; int _Options = 0; int _MaxRows = -1; int _MaxCols = 1]’
brute_force_cpu.cpp:49:39:   required from ‘Nabo::BruteForceSearch<T>::BruteForceSearch(const Matrix&, Nabo::BruteForceSearch<T>::Index, unsigned int) [with T = double; Nabo::BruteForceSearch<T>::Matrix = Eigen::Matrix<double, -1, -1>; Nabo::BruteForceSearch<T>::Index = int]’
brute_force_cpu.cpp:106:18:   required from here
/home/u12/darrenc/R/library_R_v4.2_new_ocelote/RcppEigen/include/Eigen/src/Core/CoreEvaluators.h:1042:8: warning: ignoring attributes on template argument ‘Eigen::internal::packet_traits<double>::type’ {aka ‘__vector(2) double’} [-Wignored-attributes]
gcc -I"/opt/ohpc/pub/apps/R/4.2.2/lib64/R/include" -DNDEBUG -I. -I'/home/u12/darrenc/R/library_R_v4.2_new_ocelote/Rcpp/include' -I'/home/u12/darrenc/R/library_R_v4.2_new_ocelote/RcppEigen/include' -I'/home/u12/darrenc/R/library_R_v4.2_new_ocelote/BH/include' -I/usr/local/include   -fpic  -g -O2  -c init.c -o init.o
g++ -std=gnu++14 -I"/opt/ohpc/pub/apps/R/4.2.2/lib64/R/include" -DNDEBUG -I. -I'/home/u12/darrenc/R/library_R_v4.2_new_ocelote/Rcpp/include' -I'/home/u12/darrenc/R/library_R_v4.2_new_ocelote/RcppEigen/include' -I'/home/u12/darrenc/R/library_R_v4.2_new_ocelote/BH/include' -I/usr/local/include   -fpic  -g -O2  -c kdtree_cpu.cpp -o kdtree_cpu.o
In file included from /home/u12/darrenc/R/library_R_v4.2_new_ocelote/RcppEigen/include/Eigen/Core:205,
                 from nabo.h:35,
                 from nabo_private.h:35,
                 from kdtree_cpu.cpp:32:
/home/u12/darrenc/R/library_R_v4.2_new_ocelote/RcppEigen/include/Eigen/src/Core/arch/SSE/PacketMath.h:46:40: warning: ignoring attributes on template argument ‘__m128i’ {aka ‘__vector(2) long long int’} [-Wignored-attributes]
 typedef eigen_packet_wrapper<__m128i, 0> Packet4i;
                                        ^
/home/u12/darrenc/R/library_R_v4.2_new_ocelote/RcppEigen/include/Eigen/src/Core/arch/SSE/PacketMath.h:47:40: warning: ignoring attributes on template argument ‘__m128i’ {aka ‘__vector(2) long long int’} [-Wignored-attributes]
 typedef eigen_packet_wrapper<__m128i, 1> Packet16b;
                                        ^
/home/u12/darrenc/R/library_R_v4.2_new_ocelote/RcppEigen/include/Eigen/src/Core/arch/SSE/PacketMath.h:49:39: warning: ignoring attributes on template argument ‘__m128’ {aka ‘__vector(4) float’} [-Wignored-attributes]
 template<> struct is_arithmetic<__m128>  { enum { value = true }; };
                                       ^
/home/u12/darrenc/R/library_R_v4.2_new_ocelote/RcppEigen/include/Eigen/src/Core/arch/SSE/PacketMath.h:50:40: warning: ignoring attributes on template argument ‘__m128i’ {aka ‘__vector(2) long long int’} [-Wignored-attributes]
 template<> struct is_arithmetic<__m128i> { enum { value = true }; };
                                        ^
/home/u12/darrenc/R/library_R_v4.2_new_ocelote/RcppEigen/include/Eigen/src/Core/arch/SSE/PacketMath.h:51:40: warning: ignoring attributes on template argument ‘__m128d’ {aka ‘__vector(2) double’} [-Wignored-attributes]
 template<> struct is_arithmetic<__m128d> { enum { value = true }; };
                                        ^
/home/u12/darrenc/R/library_R_v4.2_new_ocelote/RcppEigen/include/Eigen/src/Core/arch/SSE/PacketMath.h:222:43: warning: ignoring attributes on template argument ‘Eigen::internal::Packet4f’ {aka ‘__vector(4) float’} [-Wignored-attributes]
 template<> struct unpacket_traits<Packet4f> {
                                           ^
/home/u12/darrenc/R/library_R_v4.2_new_ocelote/RcppEigen/include/Eigen/src/Core/arch/SSE/PacketMath.h:228:43: warning: ignoring attributes on template argument ‘Eigen::internal::Packet2d’ {aka ‘__vector(2) double’} [-Wignored-attributes]
 template<> struct unpacket_traits<Packet2d> {
                                           ^
/home/u12/darrenc/R/library_R_v4.2_new_ocelote/RcppEigen/include/Eigen/src/Core/arch/SSE/PacketMath.h:1124:34: warning: ignoring attributes on template argument ‘Eigen::internal::Packet4f’ {aka ‘__vector(4) float’} [-Wignored-attributes]
 ptranspose(PacketBlock<Packet4f,4>& kernel) {
                                  ^
/home/u12/darrenc/R/library_R_v4.2_new_ocelote/RcppEigen/include/Eigen/src/Core/arch/SSE/PacketMath.h:1129:34: warning: ignoring attributes on template argument ‘Eigen::internal::Packet2d’ {aka ‘__vector(2) double’} [-Wignored-attributes]
 ptranspose(PacketBlock<Packet2d,2>& kernel) {
                                  ^
In file included from /home/u12/darrenc/R/library_R_v4.2_new_ocelote/RcppEigen/include/Eigen/Core:174,
                 from nabo.h:35,
                 from nabo_private.h:35,
                 from kdtree_cpu.cpp:32:
/home/u12/darrenc/R/library_R_v4.2_new_ocelote/RcppEigen/include/Eigen/src/Core/arch/Default/ConjHelper.h:16:60: warning: ignoring attributes on template argument ‘Eigen::internal::Packet4f’ {aka ‘__vector(4) float’} [-Wignored-attributes]
   struct conj_helper<PACKET_REAL, PACKET_CPLX, false, false> {          \
                                                            ^
/home/u12/darrenc/R/library_R_v4.2_new_ocelote/RcppEigen/include/Eigen/src/Core/arch/SSE/Complex.h:173:1: note: in expansion of macro ‘EIGEN_MAKE_CONJ_HELPER_CPLX_REAL’
 EIGEN_MAKE_CONJ_HELPER_CPLX_REAL(Packet2cf,Packet4f)
 ^~~~~~~~~~~~~~~~~~~~~~~~~~~~~~~~
/home/u12/darrenc/R/library_R_v4.2_new_ocelote/RcppEigen/include/Eigen/src/Core/arch/Default/ConjHelper.h:29:60: warning: ignoring attributes on template argument ‘Eigen::internal::Packet4f’ {aka ‘__vector(4) float’} [-Wignored-attributes]
   struct conj_helper<PACKET_CPLX, PACKET_REAL, false, false> {          \
                                                            ^
/home/u12/darrenc/R/library_R_v4.2_new_ocelote/RcppEigen/include/Eigen/src/Core/arch/SSE/Complex.h:173:1: note: in expansion of macro ‘EIGEN_MAKE_CONJ_HELPER_CPLX_REAL’
 EIGEN_MAKE_CONJ_HELPER_CPLX_REAL(Packet2cf,Packet4f)
 ^~~~~~~~~~~~~~~~~~~~~~~~~~~~~~~~
/home/u12/darrenc/R/library_R_v4.2_new_ocelote/RcppEigen/include/Eigen/src/Core/arch/Default/ConjHelper.h:16:60: warning: ignoring attributes on template argument ‘Eigen::internal::Packet2d’ {aka ‘__vector(2) double’} [-Wignored-attributes]
   struct conj_helper<PACKET_REAL, PACKET_CPLX, false, false> {          \
                                                            ^
/home/u12/darrenc/R/library_R_v4.2_new_ocelote/RcppEigen/include/Eigen/src/Core/arch/SSE/Complex.h:298:1: note: in expansion of macro ‘EIGEN_MAKE_CONJ_HELPER_CPLX_REAL’
 EIGEN_MAKE_CONJ_HELPER_CPLX_REAL(Packet1cd,Packet2d)
 ^~~~~~~~~~~~~~~~~~~~~~~~~~~~~~~~
/home/u12/darrenc/R/library_R_v4.2_new_ocelote/RcppEigen/include/Eigen/src/Core/arch/Default/ConjHelper.h:29:60: warning: ignoring attributes on template argument ‘Eigen::internal::Packet2d’ {aka ‘__vector(2) double’} [-Wignored-attributes]
   struct conj_helper<PACKET_CPLX, PACKET_REAL, false, false> {          \
                                                            ^
/home/u12/darrenc/R/library_R_v4.2_new_ocelote/RcppEigen/include/Eigen/src/Core/arch/SSE/Complex.h:298:1: note: in expansion of macro ‘EIGEN_MAKE_CONJ_HELPER_CPLX_REAL’
 EIGEN_MAKE_CONJ_HELPER_CPLX_REAL(Packet1cd,Packet2d)
 ^~~~~~~~~~~~~~~~~~~~~~~~~~~~~~~~
In file included from /home/u12/darrenc/R/library_R_v4.2_new_ocelote/BH/include/boost/smart_ptr/shared_ptr.hpp:17,
                 from /home/u12/darrenc/R/library_R_v4.2_new_ocelote/BH/include/boost/shared_ptr.hpp:17,
                 from /home/u12/darrenc/R/library_R_v4.2_new_ocelote/BH/include/boost/format/alt_sstream.hpp:22,
                 from /home/u12/darrenc/R/library_R_v4.2_new_ocelote/BH/include/boost/format/internals.hpp:24,
                 from /home/u12/darrenc/R/library_R_v4.2_new_ocelote/BH/include/boost/format.hpp:38,
                 from kdtree_cpu.cpp:42:
/home/u12/darrenc/R/library_R_v4.2_new_ocelote/BH/include/boost/smart_ptr/detail/shared_count.hpp:326:33: warning: ‘template<class> class std::auto_ptr’ is deprecated [-Wdeprecated-declarations]
     explicit shared_count( std::auto_ptr<Y> & r ): pi_( new sp_counted_impl_p<Y>( r.get() ) )
                                 ^~~~~~~~
In file included from /opt/ohpc/pub/compiler/gcc/8.3.0/include/c++/8.3.0/memory:80,
                 from /home/u12/darrenc/R/library_R_v4.2_new_ocelote/BH/include/boost/any.hpp:27,
                 from nabo.h:44,
                 from nabo_private.h:35,
                 from kdtree_cpu.cpp:32:
/opt/ohpc/pub/compiler/gcc/8.3.0/include/c++/8.3.0/bits/unique_ptr.h:53:28: note: declared here
   template<typename> class auto_ptr;
                            ^~~~~~~~
In file included from /home/u12/darrenc/R/library_R_v4.2_new_ocelote/BH/include/boost/shared_ptr.hpp:17,
                 from /home/u12/darrenc/R/library_R_v4.2_new_ocelote/BH/include/boost/format/alt_sstream.hpp:22,
                 from /home/u12/darrenc/R/library_R_v4.2_new_ocelote/BH/include/boost/format/internals.hpp:24,
                 from /home/u12/darrenc/R/library_R_v4.2_new_ocelote/BH/include/boost/format.hpp:38,
                 from kdtree_cpu.cpp:42:
/home/u12/darrenc/R/library_R_v4.2_new_ocelote/BH/include/boost/smart_ptr/shared_ptr.hpp:354:31: warning: ‘template<class> class std::auto_ptr’ is deprecated [-Wdeprecated-declarations]
     explicit shared_ptr( std::auto_ptr<Y> & r ): px(r.get()), pn()
                               ^~~~~~~~
In file included from /opt/ohpc/pub/compiler/gcc/8.3.0/include/c++/8.3.0/memory:80,
                 from /home/u12/darrenc/R/library_R_v4.2_new_ocelote/BH/include/boost/any.hpp:27,
                 from nabo.h:44,
                 from nabo_private.h:35,
                 from kdtree_cpu.cpp:32:
/opt/ohpc/pub/compiler/gcc/8.3.0/include/c++/8.3.0/bits/unique_ptr.h:53:28: note: declared here
   template<typename> class auto_ptr;
                            ^~~~~~~~
In file included from /home/u12/darrenc/R/library_R_v4.2_new_ocelote/BH/include/boost/shared_ptr.hpp:17,
                 from /home/u12/darrenc/R/library_R_v4.2_new_ocelote/BH/include/boost/format/alt_sstream.hpp:22,
                 from /home/u12/darrenc/R/library_R_v4.2_new_ocelote/BH/include/boost/format/internals.hpp:24,
                 from /home/u12/darrenc/R/library_R_v4.2_new_ocelote/BH/include/boost/format.hpp:38,
                 from kdtree_cpu.cpp:42:
/home/u12/darrenc/R/library_R_v4.2_new_ocelote/BH/include/boost/smart_ptr/shared_ptr.hpp:365:22: warning: ‘template<class> class std::auto_ptr’ is deprecated [-Wdeprecated-declarations]
     shared_ptr( std::auto_ptr<Y> && r ): px(r.get()), pn()
                      ^~~~~~~~
In file included from /opt/ohpc/pub/compiler/gcc/8.3.0/include/c++/8.3.0/memory:80,
                 from /home/u12/darrenc/R/library_R_v4.2_new_ocelote/BH/include/boost/any.hpp:27,
                 from nabo.h:44,
                 from nabo_private.h:35,
                 from kdtree_cpu.cpp:32:
/opt/ohpc/pub/compiler/gcc/8.3.0/include/c++/8.3.0/bits/unique_ptr.h:53:28: note: declared here
   template<typename> class auto_ptr;
                            ^~~~~~~~
In file included from /home/u12/darrenc/R/library_R_v4.2_new_ocelote/BH/include/boost/shared_ptr.hpp:17,
                 from /home/u12/darrenc/R/library_R_v4.2_new_ocelote/BH/include/boost/format/alt_sstream.hpp:22,
                 from /home/u12/darrenc/R/library_R_v4.2_new_ocelote/BH/include/boost/format/internals.hpp:24,
                 from /home/u12/darrenc/R/library_R_v4.2_new_ocelote/BH/include/boost/format.hpp:38,
                 from kdtree_cpu.cpp:42:
/home/u12/darrenc/R/library_R_v4.2_new_ocelote/BH/include/boost/smart_ptr/shared_ptr.hpp:423:34: warning: ‘template<class> class std::auto_ptr’ is deprecated [-Wdeprecated-declarations]
     shared_ptr & operator=( std::auto_ptr<Y> & r )
                                  ^~~~~~~~
In file included from /opt/ohpc/pub/compiler/gcc/8.3.0/include/c++/8.3.0/memory:80,
                 from /home/u12/darrenc/R/library_R_v4.2_new_ocelote/BH/include/boost/any.hpp:27,
                 from nabo.h:44,
                 from nabo_private.h:35,
                 from kdtree_cpu.cpp:32:
/opt/ohpc/pub/compiler/gcc/8.3.0/include/c++/8.3.0/bits/unique_ptr.h:53:28: note: declared here
   template<typename> class auto_ptr;
                            ^~~~~~~~
In file included from /home/u12/darrenc/R/library_R_v4.2_new_ocelote/BH/include/boost/shared_ptr.hpp:17,
                 from /home/u12/darrenc/R/library_R_v4.2_new_ocelote/BH/include/boost/format/alt_sstream.hpp:22,
                 from /home/u12/darrenc/R/library_R_v4.2_new_ocelote/BH/include/boost/format/internals.hpp:24,
                 from /home/u12/darrenc/R/library_R_v4.2_new_ocelote/BH/include/boost/format.hpp:38,
                 from kdtree_cpu.cpp:42:
/home/u12/darrenc/R/library_R_v4.2_new_ocelote/BH/include/boost/smart_ptr/shared_ptr.hpp:430:34: warning: ‘template<class> class std::auto_ptr’ is deprecated [-Wdeprecated-declarations]
     shared_ptr & operator=( std::auto_ptr<Y> && r )
                                  ^~~~~~~~
In file included from /opt/ohpc/pub/compiler/gcc/8.3.0/include/c++/8.3.0/memory:80,
                 from /home/u12/darrenc/R/library_R_v4.2_new_ocelote/BH/include/boost/any.hpp:27,
                 from nabo.h:44,
                 from nabo_private.h:35,
                 from kdtree_cpu.cpp:32:
/opt/ohpc/pub/compiler/gcc/8.3.0/include/c++/8.3.0/bits/unique_ptr.h:53:28: note: declared here
   template<typename> class auto_ptr;
                            ^~~~~~~~
In file included from /home/u12/darrenc/R/library_R_v4.2_new_ocelote/BH/include/boost/shared_ptr.hpp:17,
                 from /home/u12/darrenc/R/library_R_v4.2_new_ocelote/BH/include/boost/format/alt_sstream.hpp:22,
                 from /home/u12/darrenc/R/library_R_v4.2_new_ocelote/BH/include/boost/format/internals.hpp:24,
                 from /home/u12/darrenc/R/library_R_v4.2_new_ocelote/BH/include/boost/format.hpp:38,
                 from kdtree_cpu.cpp:42:
/home/u12/darrenc/R/library_R_v4.2_new_ocelote/BH/include/boost/smart_ptr/shared_ptr.hpp: In member function ‘boost::shared_ptr<T>& boost::shared_ptr<T>::operator=(std::auto_ptr<_Up>&&)’:
/home/u12/darrenc/R/library_R_v4.2_new_ocelote/BH/include/boost/smart_ptr/shared_ptr.hpp:432:38: warning: ‘template<class> class std::auto_ptr’ is deprecated [-Wdeprecated-declarations]
         this_type( static_cast< std::auto_ptr<Y> && >( r ) ).swap( *this );
                                      ^~~~~~~~
In file included from /opt/ohpc/pub/compiler/gcc/8.3.0/include/c++/8.3.0/memory:80,
                 from /home/u12/darrenc/R/library_R_v4.2_new_ocelote/BH/include/boost/any.hpp:27,
                 from nabo.h:44,
                 from nabo_private.h:35,
                 from kdtree_cpu.cpp:32:
/opt/ohpc/pub/compiler/gcc/8.3.0/include/c++/8.3.0/bits/unique_ptr.h:53:28: note: declared here
   template<typename> class auto_ptr;
                            ^~~~~~~~
In file included from /home/u12/darrenc/R/library_R_v4.2_new_ocelote/RcppEigen/include/Eigen/Core:165,
                 from nabo.h:35,
                 from nabo_private.h:35,
                 from kdtree_cpu.cpp:32:
/home/u12/darrenc/R/library_R_v4.2_new_ocelote/RcppEigen/include/Eigen/src/Core/util/XprHelper.h: In instantiation of ‘struct Eigen::internal::find_best_packet<float, -1>’:
/home/u12/darrenc/R/library_R_v4.2_new_ocelote/RcppEigen/include/Eigen/src/Core/Matrix.h:22:57:   required from ‘struct Eigen::internal::traits<Eigen::Matrix<float, -1, 1> >’
/home/u12/darrenc/R/library_R_v4.2_new_ocelote/RcppEigen/include/Eigen/src/Core/PlainObjectBase.h:98:7:   required from ‘class Eigen::PlainObjectBase<Eigen::Matrix<float, -1, 1> >’
/home/u12/darrenc/R/library_R_v4.2_new_ocelote/RcppEigen/include/Eigen/src/Core/Matrix.h:178:7:   required from ‘class Eigen::Matrix<float, -1, 1>’
nabo.h:265:16:   required from ‘struct Nabo::NearestNeighbourSearch<float>’
nabo_private.h:98:9:   required from ‘struct Nabo::KDTreeUnbalancedPtInLeavesImplicitBoundsStackOpt<float, Nabo::IndexHeapSTL<int, float> >’
kdtree_cpu.cpp:435:18:   required from here
/home/u12/darrenc/R/library_R_v4.2_new_ocelote/RcppEigen/include/Eigen/src/Core/util/XprHelper.h:190:44: warning: ignoring attributes on template argument ‘Eigen::internal::packet_traits<float>::type’ {aka ‘__vector(4) float’} [-Wignored-attributes]
          bool Stop = Size==Dynamic || (Size%unpacket_traits<PacketType>::size)==0 || is_same<PacketType,typename unpacket_traits<PacketType>::half>::value>
                                       ~~~~~^~~~~~~~~~~~~~~~~~~~~~~~~~~~~~~~~~~
/home/u12/darrenc/R/library_R_v4.2_new_ocelote/RcppEigen/include/Eigen/src/Core/util/XprHelper.h:190:83: warning: ignoring attributes on template argument ‘Eigen::internal::packet_traits<float>::type’ {aka ‘__vector(4) float’} [-Wignored-attributes]
          bool Stop = Size==Dynamic || (Size%unpacket_traits<PacketType>::size)==0 || is_same<PacketType,typename unpacket_traits<PacketType>::half>::value>
                      ~~~~~~~~~~~~~~~~~~~~~~~~~~~~~~~~~~~~~~~~~~~~~~~~~~~~~~~~~~~~~^~~~~~~~~~~~~~~~~~~~~~~~~~~~~~~~~~~~~~~~~~~~~~~~~~~~~~~~~~~~~~~~~
/home/u12/darrenc/R/library_R_v4.2_new_ocelote/RcppEigen/include/Eigen/src/Core/util/XprHelper.h:190:83: warning: ignoring attributes on template argument ‘Eigen::internal::packet_traits<float>::type’ {aka ‘__vector(4) float’} [-Wignored-attributes]
/home/u12/darrenc/R/library_R_v4.2_new_ocelote/RcppEigen/include/Eigen/src/Core/util/XprHelper.h:190:83: warning: ignoring attributes on template argument ‘Eigen::internal::unpacket_traits<__vector(4) float>::half’ {aka ‘__vector(4) float’} [-Wignored-attributes]
/home/u12/darrenc/R/library_R_v4.2_new_ocelote/RcppEigen/include/Eigen/src/Core/util/XprHelper.h:208:88: warning: ignoring attributes on template argument ‘Eigen::internal::packet_traits<float>::type’ {aka ‘__vector(4) float’} [-Wignored-attributes]
   typedef typename find_best_packet_helper<Size,typename packet_traits<T>::type>::type type;
                                                                                        ^~~~
In file included from /home/u12/darrenc/R/library_R_v4.2_new_ocelote/RcppEigen/include/Eigen/Core:271,
                 from nabo.h:35,
                 from nabo_private.h:35,
                 from kdtree_cpu.cpp:32:
/home/u12/darrenc/R/library_R_v4.2_new_ocelote/RcppEigen/include/Eigen/src/Core/DenseCoeffsBase.h: In instantiation of ‘class Eigen::DenseCoeffsBase<Eigen::Matrix<float, -1, 1>, 0>’:
/home/u12/darrenc/R/library_R_v4.2_new_ocelote/RcppEigen/include/Eigen/src/Core/DenseCoeffsBase.h:302:7:   required from ‘class Eigen::DenseCoeffsBase<Eigen::Matrix<float, -1, 1>, 1>’
/home/u12/darrenc/R/library_R_v4.2_new_ocelote/RcppEigen/include/Eigen/src/Core/DenseCoeffsBase.h:555:7:   required from ‘class Eigen::DenseCoeffsBase<Eigen::Matrix<float, -1, 1>, 3>’
/home/u12/darrenc/R/library_R_v4.2_new_ocelote/RcppEigen/include/Eigen/src/Core/DenseBase.h:41:34:   required from ‘class Eigen::DenseBase<Eigen::Matrix<float, -1, 1> >’
/home/u12/darrenc/R/library_R_v4.2_new_ocelote/RcppEigen/include/Eigen/src/Core/MatrixBase.h:48:34:   required from ‘class Eigen::MatrixBase<Eigen::Matrix<float, -1, 1> >’
/home/u12/darrenc/R/library_R_v4.2_new_ocelote/RcppEigen/include/Eigen/src/Core/PlainObjectBase.h:98:7:   required from ‘class Eigen::PlainObjectBase<Eigen::Matrix<float, -1, 1> >’
/home/u12/darrenc/R/library_R_v4.2_new_ocelote/RcppEigen/include/Eigen/src/Core/Matrix.h:178:7:   required from ‘class Eigen::Matrix<float, -1, 1>’
nabo.h:265:16:   required from ‘struct Nabo::NearestNeighbourSearch<float>’
nabo_private.h:98:9:   required from ‘struct Nabo::KDTreeUnbalancedPtInLeavesImplicitBoundsStackOpt<float, Nabo::IndexHeapSTL<int, float> >’
kdtree_cpu.cpp:435:18:   required from here
/home/u12/darrenc/R/library_R_v4.2_new_ocelote/RcppEigen/include/Eigen/src/Core/DenseCoeffsBase.h:56:30: warning: ignoring attributes on template argument ‘Eigen::internal::packet_traits<float>::type’ {aka ‘__vector(4) float’} [-Wignored-attributes]
                      >::type PacketReturnType;
                              ^~~~~~~~~~~~~~~~
In file included from /home/u12/darrenc/R/library_R_v4.2_new_ocelote/RcppEigen/include/Eigen/Core:165,
                 from nabo.h:35,
                 from nabo_private.h:35,
                 from kdtree_cpu.cpp:32:
/home/u12/darrenc/R/library_R_v4.2_new_ocelote/RcppEigen/include/Eigen/src/Core/util/XprHelper.h: In instantiation of ‘struct Eigen::internal::find_best_packet<double, -1>’:
/home/u12/darrenc/R/library_R_v4.2_new_ocelote/RcppEigen/include/Eigen/src/Core/Matrix.h:22:57:   required from ‘struct Eigen::internal::traits<Eigen::Matrix<double, -1, 1> >’
/home/u12/darrenc/R/library_R_v4.2_new_ocelote/RcppEigen/include/Eigen/src/Core/PlainObjectBase.h:98:7:   required from ‘class Eigen::PlainObjectBase<Eigen::Matrix<double, -1, 1> >’
/home/u12/darrenc/R/library_R_v4.2_new_ocelote/RcppEigen/include/Eigen/src/Core/Matrix.h:178:7:   required from ‘class Eigen::Matrix<double, -1, 1>’
nabo.h:265:16:   required from ‘struct Nabo::NearestNeighbourSearch<double>’
nabo_private.h:98:9:   required from ‘struct Nabo::KDTreeUnbalancedPtInLeavesImplicitBoundsStackOpt<double, Nabo::IndexHeapSTL<int, double> >’
kdtree_cpu.cpp:437:18:   required from here
/home/u12/darrenc/R/library_R_v4.2_new_ocelote/RcppEigen/include/Eigen/src/Core/util/XprHelper.h:190:44: warning: ignoring attributes on template argument ‘Eigen::internal::packet_traits<double>::type’ {aka ‘__vector(2) double’} [-Wignored-attributes]
          bool Stop = Size==Dynamic || (Size%unpacket_traits<PacketType>::size)==0 || is_same<PacketType,typename unpacket_traits<PacketType>::half>::value>
                                       ~~~~~^~~~~~~~~~~~~~~~~~~~~~~~~~~~~~~~~~~
/home/u12/darrenc/R/library_R_v4.2_new_ocelote/RcppEigen/include/Eigen/src/Core/util/XprHelper.h:190:83: warning: ignoring attributes on template argument ‘Eigen::internal::packet_traits<double>::type’ {aka ‘__vector(2) double’} [-Wignored-attributes]
          bool Stop = Size==Dynamic || (Size%unpacket_traits<PacketType>::size)==0 || is_same<PacketType,typename unpacket_traits<PacketType>::half>::value>
                      ~~~~~~~~~~~~~~~~~~~~~~~~~~~~~~~~~~~~~~~~~~~~~~~~~~~~~~~~~~~~~^~~~~~~~~~~~~~~~~~~~~~~~~~~~~~~~~~~~~~~~~~~~~~~~~~~~~~~~~~~~~~~~~
/home/u12/darrenc/R/library_R_v4.2_new_ocelote/RcppEigen/include/Eigen/src/Core/util/XprHelper.h:190:83: warning: ignoring attributes on template argument ‘Eigen::internal::packet_traits<double>::type’ {aka ‘__vector(2) double’} [-Wignored-attributes]
/home/u12/darrenc/R/library_R_v4.2_new_ocelote/RcppEigen/include/Eigen/src/Core/util/XprHelper.h:190:83: warning: ignoring attributes on template argument ‘Eigen::internal::unpacket_traits<__vector(2) double>::half’ {aka ‘__vector(2) double’} [-Wignored-attributes]
/home/u12/darrenc/R/library_R_v4.2_new_ocelote/RcppEigen/include/Eigen/src/Core/util/XprHelper.h:208:88: warning: ignoring attributes on template argument ‘Eigen::internal::packet_traits<double>::type’ {aka ‘__vector(2) double’} [-Wignored-attributes]
   typedef typename find_best_packet_helper<Size,typename packet_traits<T>::type>::type type;
                                                                                        ^~~~
In file included from /home/u12/darrenc/R/library_R_v4.2_new_ocelote/RcppEigen/include/Eigen/Core:271,
                 from nabo.h:35,
                 from nabo_private.h:35,
                 from kdtree_cpu.cpp:32:
/home/u12/darrenc/R/library_R_v4.2_new_ocelote/RcppEigen/include/Eigen/src/Core/DenseCoeffsBase.h: In instantiation of ‘class Eigen::DenseCoeffsBase<Eigen::Matrix<double, -1, 1>, 0>’:
/home/u12/darrenc/R/library_R_v4.2_new_ocelote/RcppEigen/include/Eigen/src/Core/DenseCoeffsBase.h:302:7:   required from ‘class Eigen::DenseCoeffsBase<Eigen::Matrix<double, -1, 1>, 1>’
/home/u12/darrenc/R/library_R_v4.2_new_ocelote/RcppEigen/include/Eigen/src/Core/DenseCoeffsBase.h:555:7:   required from ‘class Eigen::DenseCoeffsBase<Eigen::Matrix<double, -1, 1>, 3>’
/home/u12/darrenc/R/library_R_v4.2_new_ocelote/RcppEigen/include/Eigen/src/Core/DenseBase.h:41:34:   required from ‘class Eigen::DenseBase<Eigen::Matrix<double, -1, 1> >’
/home/u12/darrenc/R/library_R_v4.2_new_ocelote/RcppEigen/include/Eigen/src/Core/MatrixBase.h:48:34:   required from ‘class Eigen::MatrixBase<Eigen::Matrix<double, -1, 1> >’
/home/u12/darrenc/R/library_R_v4.2_new_ocelote/RcppEigen/include/Eigen/src/Core/PlainObjectBase.h:98:7:   required from ‘class Eigen::PlainObjectBase<Eigen::Matrix<double, -1, 1> >’
/home/u12/darrenc/R/library_R_v4.2_new_ocelote/RcppEigen/include/Eigen/src/Core/Matrix.h:178:7:   required from ‘class Eigen::Matrix<double, -1, 1>’
nabo.h:265:16:   required from ‘struct Nabo::NearestNeighbourSearch<double>’
nabo_private.h:98:9:   required from ‘struct Nabo::KDTreeUnbalancedPtInLeavesImplicitBoundsStackOpt<double, Nabo::IndexHeapSTL<int, double> >’
kdtree_cpu.cpp:437:18:   required from here
/home/u12/darrenc/R/library_R_v4.2_new_ocelote/RcppEigen/include/Eigen/src/Core/DenseCoeffsBase.h:56:30: warning: ignoring attributes on template argument ‘Eigen::internal::packet_traits<double>::type’ {aka ‘__vector(2) double’} [-Wignored-attributes]
                      >::type PacketReturnType;
                              ^~~~~~~~~~~~~~~~
/home/u12/darrenc/R/library_R_v4.2_new_ocelote/RcppEigen/include/Eigen/src/Core/DenseCoeffsBase.h: In instantiation of ‘class Eigen::DenseCoeffsBase<Eigen::Matrix<float, -1, -1>, 0>’:
/home/u12/darrenc/R/library_R_v4.2_new_ocelote/RcppEigen/include/Eigen/src/Core/DenseCoeffsBase.h:302:7:   required from ‘class Eigen::DenseCoeffsBase<Eigen::Matrix<float, -1, -1>, 1>’
/home/u12/darrenc/R/library_R_v4.2_new_ocelote/RcppEigen/include/Eigen/src/Core/DenseCoeffsBase.h:555:7:   required from ‘class Eigen::DenseCoeffsBase<Eigen::Matrix<float, -1, -1>, 3>’
/home/u12/darrenc/R/library_R_v4.2_new_ocelote/RcppEigen/include/Eigen/src/Core/DenseBase.h:41:34:   required from ‘class Eigen::DenseBase<Eigen::Matrix<float, -1, -1> >’
/home/u12/darrenc/R/library_R_v4.2_new_ocelote/RcppEigen/include/Eigen/src/Core/MatrixBase.h:48:34:   required from ‘class Eigen::MatrixBase<Eigen::Matrix<float, -1, -1> >’
/home/u12/darrenc/R/library_R_v4.2_new_ocelote/RcppEigen/include/Eigen/src/Core/PlainObjectBase.h:98:7:   required from ‘class Eigen::PlainObjectBase<Eigen::Matrix<float, -1, -1> >’
/home/u12/darrenc/R/library_R_v4.2_new_ocelote/RcppEigen/include/Eigen/src/Core/Matrix.h:178:7:   required from ‘class Eigen::Matrix<float, -1, -1>’
kdtree_cpu.cpp:101:22:   required from ‘std::pair<_FIter, _FIter> Nabo::KDTreeUnbalancedPtInLeavesImplicitBoundsStackOpt<T, Heap>::getBounds(Nabo::KDTreeUnbalancedPtInLeavesImplicitBoundsStackOpt<T, Heap>::BuildPointsIt, Nabo::KDTreeUnbalancedPtInLeavesImplicitBoundsStackOpt<T, Heap>::BuildPointsIt, unsigned int) [with T = float; Heap = Nabo::IndexHeapSTL<int, float>; Nabo::KDTreeUnbalancedPtInLeavesImplicitBoundsStackOpt<T, Heap>::BuildPointsIt = __gnu_cxx::__normal_iterator<int*, std::vector<int, std::allocator<int> > >]’
kdtree_cpu.cpp:435:18:   required from here
/home/u12/darrenc/R/library_R_v4.2_new_ocelote/RcppEigen/include/Eigen/src/Core/DenseCoeffsBase.h:56:30: warning: ignoring attributes on template argument ‘Eigen::internal::packet_traits<float>::type’ {aka ‘__vector(4) float’} [-Wignored-attributes]
/home/u12/darrenc/R/library_R_v4.2_new_ocelote/RcppEigen/include/Eigen/src/Core/DenseCoeffsBase.h: In instantiation of ‘class Eigen::DenseCoeffsBase<Eigen::CwiseBinaryOp<Eigen::internal::scalar_difference_op<float, float>, const Eigen::Matrix<float, -1, 1>, const Eigen::Matrix<float, -1, 1> >, 0>’:
/home/u12/darrenc/R/library_R_v4.2_new_ocelote/RcppEigen/include/Eigen/src/Core/DenseBase.h:41:34:   required from ‘class Eigen::DenseBase<Eigen::CwiseBinaryOp<Eigen::internal::scalar_difference_op<float, float>, const Eigen::Matrix<float, -1, 1>, const Eigen::Matrix<float, -1, 1> > >’
/home/u12/darrenc/R/library_R_v4.2_new_ocelote/RcppEigen/include/Eigen/src/Core/MatrixBase.h:48:34:   required from ‘class Eigen::MatrixBase<Eigen::CwiseBinaryOp<Eigen::internal::scalar_difference_op<float, float>, const Eigen::Matrix<float, -1, 1>, const Eigen::Matrix<float, -1, 1> > >’
/home/u12/darrenc/R/library_R_v4.2_new_ocelote/RcppEigen/include/Eigen/src/Core/CwiseBinaryOp.h:148:7:   required from ‘class Eigen::CwiseBinaryOpImpl<Eigen::internal::scalar_difference_op<float, float>, const Eigen::Matrix<float, -1, 1>, const Eigen::Matrix<float, -1, 1>, Eigen::Dense>’
/home/u12/darrenc/R/library_R_v4.2_new_ocelote/RcppEigen/include/Eigen/src/Core/CwiseBinaryOp.h:77:7:   required from ‘class Eigen::CwiseBinaryOp<Eigen::internal::scalar_difference_op<float, float>, const Eigen::Matrix<float, -1, 1>, const Eigen::Matrix<float, -1, 1> >’
kdtree_cpu.cpp:134:47:   required from ‘unsigned int Nabo::KDTreeUnbalancedPtInLeavesImplicitBoundsStackOpt<T, Heap>::buildNodes(Nabo::KDTreeUnbalancedPtInLeavesImplicitBoundsStackOpt<T, Heap>::BuildPointsIt, Nabo::KDTreeUnbalancedPtInLeavesImplicitBoundsStackOpt<T, Heap>::BuildPointsIt, Nabo::KDTreeUnbalancedPtInLeavesImplicitBoundsStackOpt<T, Heap>::Vector, Nabo::KDTreeUnbalancedPtInLeavesImplicitBoundsStackOpt<T, Heap>::Vector) [with T = float; Heap = Nabo::IndexHeapSTL<int, float>; Nabo::KDTreeUnbalancedPtInLeavesImplicitBoundsStackOpt<T, Heap>::BuildPointsIt = __gnu_cxx::__normal_iterator<int*, std::vector<int, std::allocator<int> > >; Nabo::KDTreeUnbalancedPtInLeavesImplicitBoundsStackOpt<T, Heap>::Vector = Eigen::Matrix<float, -1, 1>]’
kdtree_cpu.cpp:435:18:   required from here
/home/u12/darrenc/R/library_R_v4.2_new_ocelote/RcppEigen/include/Eigen/src/Core/DenseCoeffsBase.h:56:30: warning: ignoring attributes on template argument ‘Eigen::internal::packet_traits<float>::type’ {aka ‘__vector(4) float’} [-Wignored-attributes]
/home/u12/darrenc/R/library_R_v4.2_new_ocelote/RcppEigen/include/Eigen/src/Core/DenseCoeffsBase.h: In instantiation of ‘class Eigen::DenseCoeffsBase<Eigen::Block<Eigen::Matrix<float, -1, -1>, -1, 1, true>, 0>’:
/home/u12/darrenc/R/library_R_v4.2_new_ocelote/RcppEigen/include/Eigen/src/Core/DenseCoeffsBase.h:302:7:   required from ‘class Eigen::DenseCoeffsBase<Eigen::Block<Eigen::Matrix<float, -1, -1>, -1, 1, true>, 1>’
/home/u12/darrenc/R/library_R_v4.2_new_ocelote/RcppEigen/include/Eigen/src/Core/DenseCoeffsBase.h:555:7:   required from ‘class Eigen::DenseCoeffsBase<Eigen::Block<Eigen::Matrix<float, -1, -1>, -1, 1, true>, 3>’
/home/u12/darrenc/R/library_R_v4.2_new_ocelote/RcppEigen/include/Eigen/src/Core/DenseBase.h:41:34:   required from ‘class Eigen::DenseBase<Eigen::Block<Eigen::Matrix<float, -1, -1>, -1, 1, true> >’
/home/u12/darrenc/R/library_R_v4.2_new_ocelote/RcppEigen/include/Eigen/src/Core/MatrixBase.h:48:34:   required from ‘class Eigen::MatrixBase<Eigen::Block<Eigen::Matrix<float, -1, -1>, -1, 1, true> >’
/home/u12/darrenc/R/library_R_v4.2_new_ocelote/RcppEigen/include/Eigen/src/Core/MapBase.h:37:34:   required from ‘class Eigen::MapBase<Eigen::Block<Eigen::Matrix<float, -1, -1>, -1, 1, true>, 0>’
/home/u12/darrenc/R/library_R_v4.2_new_ocelote/RcppEigen/include/Eigen/src/Core/MapBase.h:223:34:   required from ‘class Eigen::MapBase<Eigen::Block<Eigen::Matrix<float, -1, -1>, -1, 1, true>, 1>’
/home/u12/darrenc/R/library_R_v4.2_new_ocelote/RcppEigen/include/Eigen/src/Core/Block.h:329:7:   required from ‘class Eigen::internal::BlockImpl_dense<Eigen::Matrix<float, -1, -1>, -1, 1, true, true>’
/home/u12/darrenc/R/library_R_v4.2_new_ocelote/RcppEigen/include/Eigen/src/Core/Block.h:154:7:   required from ‘class Eigen::BlockImpl<Eigen::Matrix<float, -1, -1>, -1, 1, true, Eigen::Dense>’
/home/u12/darrenc/R/library_R_v4.2_new_ocelote/RcppEigen/include/Eigen/src/Core/Block.h:103:81:   required from ‘class Eigen::Block<Eigen::Matrix<float, -1, -1>, -1, 1, true>’
kdtree_cpu.cpp:349:3:   required from ‘long unsigned int Nabo::KDTreeUnbalancedPtInLeavesImplicitBoundsStackOpt<T, Heap>::onePointKnn(const Matrix&, Nabo::KDTreeUnbalancedPtInLeavesImplicitBoundsStackOpt<T, Heap>::IndexMatrix&, Nabo::KDTreeUnbalancedPtInLeavesImplicitBoundsStackOpt<T, Heap>::Matrix&, int, Heap&, std::vector<T>&, T, T, bool, bool, bool) const [with T = float; Heap = Nabo::IndexHeapSTL<int, float>; Nabo::KDTreeUnbalancedPtInLeavesImplicitBoundsStackOpt<T, Heap>::Matrix = Eigen::Matrix<float, -1, -1>; Nabo::KDTreeUnbalancedPtInLeavesImplicitBoundsStackOpt<T, Heap>::IndexMatrix = Eigen::Matrix<int, -1, -1>]’
kdtree_cpu.cpp:435:18:   required from here
/home/u12/darrenc/R/library_R_v4.2_new_ocelote/RcppEigen/include/Eigen/src/Core/DenseCoeffsBase.h:56:30: warning: ignoring attributes on template argument ‘Eigen::internal::packet_traits<float>::type’ {aka ‘__vector(4) float’} [-Wignored-attributes]
/home/u12/darrenc/R/library_R_v4.2_new_ocelote/RcppEigen/include/Eigen/src/Core/DenseCoeffsBase.h: In instantiation of ‘class Eigen::DenseCoeffsBase<Eigen::Block<const Eigen::Matrix<float, -1, -1>, -1, -1, false>, 0>’:
/home/u12/darrenc/R/library_R_v4.2_new_ocelote/RcppEigen/include/Eigen/src/Core/DenseCoeffsBase.h:481:7:   required from ‘class Eigen::DenseCoeffsBase<Eigen::Block<const Eigen::Matrix<float, -1, -1>, -1, -1, false>, 2>’
/home/u12/darrenc/R/library_R_v4.2_new_ocelote/RcppEigen/include/Eigen/src/Core/DenseBase.h:41:34:   required from ‘class Eigen::DenseBase<Eigen::Block<const Eigen::Matrix<float, -1, -1>, -1, -1, false> >’
/home/u12/darrenc/R/library_R_v4.2_new_ocelote/RcppEigen/include/Eigen/src/Core/MatrixBase.h:48:34:   required from ‘class Eigen::MatrixBase<Eigen::Block<const Eigen::Matrix<float, -1, -1>, -1, -1, false> >’
/home/u12/darrenc/R/library_R_v4.2_new_ocelote/RcppEigen/include/Eigen/src/Core/MapBase.h:37:34:   required from ‘class Eigen::MapBase<Eigen::Block<const Eigen::Matrix<float, -1, -1>, -1, -1, false>, 0>’
/home/u12/darrenc/R/library_R_v4.2_new_ocelote/RcppEigen/include/Eigen/src/Core/Block.h:329:7:   required from ‘class Eigen::internal::BlockImpl_dense<const Eigen::Matrix<float, -1, -1>, -1, -1, false, true>’
/home/u12/darrenc/R/library_R_v4.2_new_ocelote/RcppEigen/include/Eigen/src/Core/Block.h:154:7:   required from ‘class Eigen::BlockImpl<const Eigen::Matrix<float, -1, -1>, -1, -1, false, Eigen::Dense>’
/home/u12/darrenc/R/library_R_v4.2_new_ocelote/RcppEigen/include/Eigen/src/Core/Block.h:103:81:   required from ‘class Eigen::Block<const Eigen::Matrix<float, -1, -1>, -1, -1, false>’
kdtree_cpu.cpp:257:18:   required from ‘Nabo::KDTreeUnbalancedPtInLeavesImplicitBoundsStackOpt<T, Heap>::KDTreeUnbalancedPtInLeavesImplicitBoundsStackOpt(const Matrix&, Nabo::KDTreeUnbalancedPtInLeavesImplicitBoundsStackOpt<T, Heap>::Index, unsigned int, const Nabo::Parameters&) [with T = float; Heap = Nabo::IndexHeapSTL<int, float>; Nabo::KDTreeUnbalancedPtInLeavesImplicitBoundsStackOpt<T, Heap>::Matrix = Eigen::Matrix<float, -1, -1>; Nabo::KDTreeUnbalancedPtInLeavesImplicitBoundsStackOpt<T, Heap>::Index = int]’
kdtree_cpu.cpp:435:18:   required from here
/home/u12/darrenc/R/library_R_v4.2_new_ocelote/RcppEigen/include/Eigen/src/Core/DenseCoeffsBase.h:56:30: warning: ignoring attributes on template argument ‘Eigen::internal::packet_traits<float>::type’ {aka ‘__vector(4) float’} [-Wignored-attributes]
/home/u12/darrenc/R/library_R_v4.2_new_ocelote/RcppEigen/include/Eigen/src/Core/DenseCoeffsBase.h: In instantiation of ‘class Eigen::DenseCoeffsBase<Eigen::ArrayWrapper<const Eigen::Matrix<float, -1, 1> >, 0>’:
/home/u12/darrenc/R/library_R_v4.2_new_ocelote/RcppEigen/include/Eigen/src/Core/DenseCoeffsBase.h:481:7:   required from ‘class Eigen::DenseCoeffsBase<Eigen::ArrayWrapper<const Eigen::Matrix<float, -1, 1> >, 2>’
/home/u12/darrenc/R/library_R_v4.2_new_ocelote/RcppEigen/include/Eigen/src/Core/DenseBase.h:41:34:   required from ‘class Eigen::DenseBase<Eigen::ArrayWrapper<const Eigen::Matrix<float, -1, 1> > >’
/home/u12/darrenc/R/library_R_v4.2_new_ocelote/RcppEigen/include/Eigen/src/Core/ArrayBase.h:39:34:   required from ‘class Eigen::ArrayBase<Eigen::ArrayWrapper<const Eigen::Matrix<float, -1, 1> > >’
/home/u12/darrenc/R/library_R_v4.2_new_ocelote/RcppEigen/include/Eigen/src/Core/ArrayWrapper.h:42:7:   required from ‘class Eigen::ArrayWrapper<const Eigen::Matrix<float, -1, 1> >’
kdtree_cpu.cpp:260:53:   required from ‘Nabo::KDTreeUnbalancedPtInLeavesImplicitBoundsStackOpt<T, Heap>::KDTreeUnbalancedPtInLeavesImplicitBoundsStackOpt(const Matrix&, Nabo::KDTreeUnbalancedPtInLeavesImplicitBoundsStackOpt<T, Heap>::Index, unsigned int, const Nabo::Parameters&) [with T = float; Heap = Nabo::IndexHeapSTL<int, float>; Nabo::KDTreeUnbalancedPtInLeavesImplicitBoundsStackOpt<T, Heap>::Matrix = Eigen::Matrix<float, -1, -1>; Nabo::KDTreeUnbalancedPtInLeavesImplicitBoundsStackOpt<T, Heap>::Index = int]’
kdtree_cpu.cpp:435:18:   required from here
/home/u12/darrenc/R/library_R_v4.2_new_ocelote/RcppEigen/include/Eigen/src/Core/DenseCoeffsBase.h:56:30: warning: ignoring attributes on template argument ‘Eigen::internal::packet_traits<float>::type’ {aka ‘__vector(4) float’} [-Wignored-attributes]
/home/u12/darrenc/R/library_R_v4.2_new_ocelote/RcppEigen/include/Eigen/src/Core/DenseCoeffsBase.h: In instantiation of ‘class Eigen::DenseCoeffsBase<Eigen::CwiseBinaryOp<Eigen::internal::scalar_min_op<float, float, 0>, const Eigen::ArrayWrapper<const Eigen::Matrix<float, -1, 1> >, const Eigen::ArrayWrapper<const Eigen::Matrix<float, -1, 1> > >, 0>’:
/home/u12/darrenc/R/library_R_v4.2_new_ocelote/RcppEigen/include/Eigen/src/Core/DenseBase.h:41:34:   required from ‘class Eigen::DenseBase<Eigen::CwiseBinaryOp<Eigen::internal::scalar_min_op<float, float, 0>, const Eigen::ArrayWrapper<const Eigen::Matrix<float, -1, 1> >, const Eigen::ArrayWrapper<const Eigen::Matrix<float, -1, 1> > > >’
/home/u12/darrenc/R/library_R_v4.2_new_ocelote/RcppEigen/include/Eigen/src/Core/ArrayBase.h:39:34:   required from ‘class Eigen::ArrayBase<Eigen::CwiseBinaryOp<Eigen::internal::scalar_min_op<float, float, 0>, const Eigen::ArrayWrapper<const Eigen::Matrix<float, -1, 1> >, const Eigen::ArrayWrapper<const Eigen::Matrix<float, -1, 1> > > >’
/home/u12/darrenc/R/library_R_v4.2_new_ocelote/RcppEigen/include/Eigen/src/Core/CwiseBinaryOp.h:148:7:   required from ‘class Eigen::CwiseBinaryOpImpl<Eigen::internal::scalar_min_op<float, float, 0>, const Eigen::ArrayWrapper<const Eigen::Matrix<float, -1, 1> >, const Eigen::ArrayWrapper<const Eigen::Matrix<float, -1, 1> >, Eigen::Dense>’
/home/u12/darrenc/R/library_R_v4.2_new_ocelote/RcppEigen/include/Eigen/src/Core/CwiseBinaryOp.h:77:7:   required from ‘class Eigen::CwiseBinaryOp<Eigen::internal::scalar_min_op<float, float, 0>, const Eigen::ArrayWrapper<const Eigen::Matrix<float, -1, 1> >, const Eigen::ArrayWrapper<const Eigen::Matrix<float, -1, 1> > >’
kdtree_cpu.cpp:260:34:   required from ‘Nabo::KDTreeUnbalancedPtInLeavesImplicitBoundsStackOpt<T, Heap>::KDTreeUnbalancedPtInLeavesImplicitBoundsStackOpt(const Matrix&, Nabo::KDTreeUnbalancedPtInLeavesImplicitBoundsStackOpt<T, Heap>::Index, unsigned int, const Nabo::Parameters&) [with T = float; Heap = Nabo::IndexHeapSTL<int, float>; Nabo::KDTreeUnbalancedPtInLeavesImplicitBoundsStackOpt<T, Heap>::Matrix = Eigen::Matrix<float, -1, -1>; Nabo::KDTreeUnbalancedPtInLeavesImplicitBoundsStackOpt<T, Heap>::Index = int]’
kdtree_cpu.cpp:435:18:   required from here
/home/u12/darrenc/R/library_R_v4.2_new_ocelote/RcppEigen/include/Eigen/src/Core/DenseCoeffsBase.h:56:30: warning: ignoring attributes on template argument ‘Eigen::internal::packet_traits<float>::type’ {aka ‘__vector(4) float’} [-Wignored-attributes]
/home/u12/darrenc/R/library_R_v4.2_new_ocelote/RcppEigen/include/Eigen/src/Core/DenseCoeffsBase.h: In instantiation of ‘class Eigen::DenseCoeffsBase<Eigen::CwiseBinaryOp<Eigen::internal::scalar_max_op<float, float, 0>, const Eigen::ArrayWrapper<const Eigen::Matrix<float, -1, 1> >, const Eigen::ArrayWrapper<const Eigen::Matrix<float, -1, 1> > >, 0>’:
/home/u12/darrenc/R/library_R_v4.2_new_ocelote/RcppEigen/include/Eigen/src/Core/DenseBase.h:41:34:   required from ‘class Eigen::DenseBase<Eigen::CwiseBinaryOp<Eigen::internal::scalar_max_op<float, float, 0>, const Eigen::ArrayWrapper<const Eigen::Matrix<float, -1, 1> >, const Eigen::ArrayWrapper<const Eigen::Matrix<float, -1, 1> > > >’
/home/u12/darrenc/R/library_R_v4.2_new_ocelote/RcppEigen/include/Eigen/src/Core/ArrayBase.h:39:34:   required from ‘class Eigen::ArrayBase<Eigen::CwiseBinaryOp<Eigen::internal::scalar_max_op<float, float, 0>, const Eigen::ArrayWrapper<const Eigen::Matrix<float, -1, 1> >, const Eigen::ArrayWrapper<const Eigen::Matrix<float, -1, 1> > > >’
/home/u12/darrenc/R/library_R_v4.2_new_ocelote/RcppEigen/include/Eigen/src/Core/CwiseBinaryOp.h:148:7:   required from ‘class Eigen::CwiseBinaryOpImpl<Eigen::internal::scalar_max_op<float, float, 0>, const Eigen::ArrayWrapper<const Eigen::Matrix<float, -1, 1> >, const Eigen::ArrayWrapper<const Eigen::Matrix<float, -1, 1> >, Eigen::Dense>’
/home/u12/darrenc/R/library_R_v4.2_new_ocelote/RcppEigen/include/Eigen/src/Core/CwiseBinaryOp.h:77:7:   required from ‘class Eigen::CwiseBinaryOp<Eigen::internal::scalar_max_op<float, float, 0>, const Eigen::ArrayWrapper<const Eigen::Matrix<float, -1, 1> >, const Eigen::ArrayWrapper<const Eigen::Matrix<float, -1, 1> > >’
kdtree_cpu.cpp:261:34:   required from ‘Nabo::KDTreeUnbalancedPtInLeavesImplicitBoundsStackOpt<T, Heap>::KDTreeUnbalancedPtInLeavesImplicitBoundsStackOpt(const Matrix&, Nabo::KDTreeUnbalancedPtInLeavesImplicitBoundsStackOpt<T, Heap>::Index, unsigned int, const Nabo::Parameters&) [with T = float; Heap = Nabo::IndexHeapSTL<int, float>; Nabo::KDTreeUnbalancedPtInLeavesImplicitBoundsStackOpt<T, Heap>::Matrix = Eigen::Matrix<float, -1, -1>; Nabo::KDTreeUnbalancedPtInLeavesImplicitBoundsStackOpt<T, Heap>::Index = int]’
kdtree_cpu.cpp:435:18:   required from here
/home/u12/darrenc/R/library_R_v4.2_new_ocelote/RcppEigen/include/Eigen/src/Core/DenseCoeffsBase.h:56:30: warning: ignoring attributes on template argument ‘Eigen::internal::packet_traits<float>::type’ {aka ‘__vector(4) float’} [-Wignored-attributes]
/home/u12/darrenc/R/library_R_v4.2_new_ocelote/RcppEigen/include/Eigen/src/Core/DenseCoeffsBase.h: In instantiation of ‘class Eigen::DenseCoeffsBase<Eigen::Matrix<double, -1, -1>, 0>’:
/home/u12/darrenc/R/library_R_v4.2_new_ocelote/RcppEigen/include/Eigen/src/Core/DenseCoeffsBase.h:302:7:   required from ‘class Eigen::DenseCoeffsBase<Eigen::Matrix<double, -1, -1>, 1>’
/home/u12/darrenc/R/library_R_v4.2_new_ocelote/RcppEigen/include/Eigen/src/Core/DenseCoeffsBase.h:555:7:   required from ‘class Eigen::DenseCoeffsBase<Eigen::Matrix<double, -1, -1>, 3>’
/home/u12/darrenc/R/library_R_v4.2_new_ocelote/RcppEigen/include/Eigen/src/Core/DenseBase.h:41:34:   required from ‘class Eigen::DenseBase<Eigen::Matrix<double, -1, -1> >’
/home/u12/darrenc/R/library_R_v4.2_new_ocelote/RcppEigen/include/Eigen/src/Core/MatrixBase.h:48:34:   required from ‘class Eigen::MatrixBase<Eigen::Matrix<double, -1, -1> >’
/home/u12/darrenc/R/library_R_v4.2_new_ocelote/RcppEigen/include/Eigen/src/Core/PlainObjectBase.h:98:7:   required from ‘class Eigen::PlainObjectBase<Eigen::Matrix<double, -1, -1> >’
/home/u12/darrenc/R/library_R_v4.2_new_ocelote/RcppEigen/include/Eigen/src/Core/Matrix.h:178:7:   required from ‘class Eigen::Matrix<double, -1, -1>’
kdtree_cpu.cpp:101:22:   required from ‘std::pair<_FIter, _FIter> Nabo::KDTreeUnbalancedPtInLeavesImplicitBoundsStackOpt<T, Heap>::getBounds(Nabo::KDTreeUnbalancedPtInLeavesImplicitBoundsStackOpt<T, Heap>::BuildPointsIt, Nabo::KDTreeUnbalancedPtInLeavesImplicitBoundsStackOpt<T, Heap>::BuildPointsIt, unsigned int) [with T = double; Heap = Nabo::IndexHeapSTL<int, double>; Nabo::KDTreeUnbalancedPtInLeavesImplicitBoundsStackOpt<T, Heap>::BuildPointsIt = __gnu_cxx::__normal_iterator<int*, std::vector<int, std::allocator<int> > >]’
kdtree_cpu.cpp:437:18:   required from here
/home/u12/darrenc/R/library_R_v4.2_new_ocelote/RcppEigen/include/Eigen/src/Core/DenseCoeffsBase.h:56:30: warning: ignoring attributes on template argument ‘Eigen::internal::packet_traits<double>::type’ {aka ‘__vector(2) double’} [-Wignored-attributes]
/home/u12/darrenc/R/library_R_v4.2_new_ocelote/RcppEigen/include/Eigen/src/Core/DenseCoeffsBase.h: In instantiation of ‘class Eigen::DenseCoeffsBase<Eigen::CwiseBinaryOp<Eigen::internal::scalar_difference_op<double, double>, const Eigen::Matrix<double, -1, 1>, const Eigen::Matrix<double, -1, 1> >, 0>’:
/home/u12/darrenc/R/library_R_v4.2_new_ocelote/RcppEigen/include/Eigen/src/Core/DenseBase.h:41:34:   required from ‘class Eigen::DenseBase<Eigen::CwiseBinaryOp<Eigen::internal::scalar_difference_op<double, double>, const Eigen::Matrix<double, -1, 1>, const Eigen::Matrix<double, -1, 1> > >’
/home/u12/darrenc/R/library_R_v4.2_new_ocelote/RcppEigen/include/Eigen/src/Core/MatrixBase.h:48:34:   required from ‘class Eigen::MatrixBase<Eigen::CwiseBinaryOp<Eigen::internal::scalar_difference_op<double, double>, const Eigen::Matrix<double, -1, 1>, const Eigen::Matrix<double, -1, 1> > >’
/home/u12/darrenc/R/library_R_v4.2_new_ocelote/RcppEigen/include/Eigen/src/Core/CwiseBinaryOp.h:148:7:   required from ‘class Eigen::CwiseBinaryOpImpl<Eigen::internal::scalar_difference_op<double, double>, const Eigen::Matrix<double, -1, 1>, const Eigen::Matrix<double, -1, 1>, Eigen::Dense>’
/home/u12/darrenc/R/library_R_v4.2_new_ocelote/RcppEigen/include/Eigen/src/Core/CwiseBinaryOp.h:77:7:   required from ‘class Eigen::CwiseBinaryOp<Eigen::internal::scalar_difference_op<double, double>, const Eigen::Matrix<double, -1, 1>, const Eigen::Matrix<double, -1, 1> >’
kdtree_cpu.cpp:134:47:   required from ‘unsigned int Nabo::KDTreeUnbalancedPtInLeavesImplicitBoundsStackOpt<T, Heap>::buildNodes(Nabo::KDTreeUnbalancedPtInLeavesImplicitBoundsStackOpt<T, Heap>::BuildPointsIt, Nabo::KDTreeUnbalancedPtInLeavesImplicitBoundsStackOpt<T, Heap>::BuildPointsIt, Nabo::KDTreeUnbalancedPtInLeavesImplicitBoundsStackOpt<T, Heap>::Vector, Nabo::KDTreeUnbalancedPtInLeavesImplicitBoundsStackOpt<T, Heap>::Vector) [with T = double; Heap = Nabo::IndexHeapSTL<int, double>; Nabo::KDTreeUnbalancedPtInLeavesImplicitBoundsStackOpt<T, Heap>::BuildPointsIt = __gnu_cxx::__normal_iterator<int*, std::vector<int, std::allocator<int> > >; Nabo::KDTreeUnbalancedPtInLeavesImplicitBoundsStackOpt<T, Heap>::Vector = Eigen::Matrix<double, -1, 1>]’
kdtree_cpu.cpp:437:18:   required from here
/home/u12/darrenc/R/library_R_v4.2_new_ocelote/RcppEigen/include/Eigen/src/Core/DenseCoeffsBase.h:56:30: warning: ignoring attributes on template argument ‘Eigen::internal::packet_traits<double>::type’ {aka ‘__vector(2) double’} [-Wignored-attributes]
/home/u12/darrenc/R/library_R_v4.2_new_ocelote/RcppEigen/include/Eigen/src/Core/DenseCoeffsBase.h: In instantiation of ‘class Eigen::DenseCoeffsBase<Eigen::Block<Eigen::Matrix<double, -1, -1>, -1, 1, true>, 0>’:
/home/u12/darrenc/R/library_R_v4.2_new_ocelote/RcppEigen/include/Eigen/src/Core/DenseCoeffsBase.h:302:7:   required from ‘class Eigen::DenseCoeffsBase<Eigen::Block<Eigen::Matrix<double, -1, -1>, -1, 1, true>, 1>’
/home/u12/darrenc/R/library_R_v4.2_new_ocelote/RcppEigen/include/Eigen/src/Core/DenseCoeffsBase.h:555:7:   required from ‘class Eigen::DenseCoeffsBase<Eigen::Block<Eigen::Matrix<double, -1, -1>, -1, 1, true>, 3>’
/home/u12/darrenc/R/library_R_v4.2_new_ocelote/RcppEigen/include/Eigen/src/Core/DenseBase.h:41:34:   required from ‘class Eigen::DenseBase<Eigen::Block<Eigen::Matrix<double, -1, -1>, -1, 1, true> >’
/home/u12/darrenc/R/library_R_v4.2_new_ocelote/RcppEigen/include/Eigen/src/Core/MatrixBase.h:48:34:   required from ‘class Eigen::MatrixBase<Eigen::Block<Eigen::Matrix<double, -1, -1>, -1, 1, true> >’
/home/u12/darrenc/R/library_R_v4.2_new_ocelote/RcppEigen/include/Eigen/src/Core/MapBase.h:37:34:   required from ‘class Eigen::MapBase<Eigen::Block<Eigen::Matrix<double, -1, -1>, -1, 1, true>, 0>’
/home/u12/darrenc/R/library_R_v4.2_new_ocelote/RcppEigen/include/Eigen/src/Core/MapBase.h:223:34:   required from ‘class Eigen::MapBase<Eigen::Block<Eigen::Matrix<double, -1, -1>, -1, 1, true>, 1>’
/home/u12/darrenc/R/library_R_v4.2_new_ocelote/RcppEigen/include/Eigen/src/Core/Block.h:329:7:   required from ‘class Eigen::internal::BlockImpl_dense<Eigen::Matrix<double, -1, -1>, -1, 1, true, true>’
/home/u12/darrenc/R/library_R_v4.2_new_ocelote/RcppEigen/include/Eigen/src/Core/Block.h:154:7:   required from ‘class Eigen::BlockImpl<Eigen::Matrix<double, -1, -1>, -1, 1, true, Eigen::Dense>’
/home/u12/darrenc/R/library_R_v4.2_new_ocelote/RcppEigen/include/Eigen/src/Core/Block.h:103:81:   required from ‘class Eigen::Block<Eigen::Matrix<double, -1, -1>, -1, 1, true>’
kdtree_cpu.cpp:349:3:   required from ‘long unsigned int Nabo::KDTreeUnbalancedPtInLeavesImplicitBoundsStackOpt<T, Heap>::onePointKnn(const Matrix&, Nabo::KDTreeUnbalancedPtInLeavesImplicitBoundsStackOpt<T, Heap>::IndexMatrix&, Nabo::KDTreeUnbalancedPtInLeavesImplicitBoundsStackOpt<T, Heap>::Matrix&, int, Heap&, std::vector<T>&, T, T, bool, bool, bool) const [with T = double; Heap = Nabo::IndexHeapSTL<int, double>; Nabo::KDTreeUnbalancedPtInLeavesImplicitBoundsStackOpt<T, Heap>::Matrix = Eigen::Matrix<double, -1, -1>; Nabo::KDTreeUnbalancedPtInLeavesImplicitBoundsStackOpt<T, Heap>::IndexMatrix = Eigen::Matrix<int, -1, -1>]’
kdtree_cpu.cpp:437:18:   required from here
/home/u12/darrenc/R/library_R_v4.2_new_ocelote/RcppEigen/include/Eigen/src/Core/DenseCoeffsBase.h:56:30: warning: ignoring attributes on template argument ‘Eigen::internal::packet_traits<double>::type’ {aka ‘__vector(2) double’} [-Wignored-attributes]
/home/u12/darrenc/R/library_R_v4.2_new_ocelote/RcppEigen/include/Eigen/src/Core/DenseCoeffsBase.h: In instantiation of ‘class Eigen::DenseCoeffsBase<Eigen::Block<const Eigen::Matrix<double, -1, -1>, -1, -1, false>, 0>’:
/home/u12/darrenc/R/library_R_v4.2_new_ocelote/RcppEigen/include/Eigen/src/Core/DenseCoeffsBase.h:481:7:   required from ‘class Eigen::DenseCoeffsBase<Eigen::Block<const Eigen::Matrix<double, -1, -1>, -1, -1, false>, 2>’
/home/u12/darrenc/R/library_R_v4.2_new_ocelote/RcppEigen/include/Eigen/src/Core/DenseBase.h:41:34:   required from ‘class Eigen::DenseBase<Eigen::Block<const Eigen::Matrix<double, -1, -1>, -1, -1, false> >’
/home/u12/darrenc/R/library_R_v4.2_new_ocelote/RcppEigen/include/Eigen/src/Core/MatrixBase.h:48:34:   required from ‘class Eigen::MatrixBase<Eigen::Block<const Eigen::Matrix<double, -1, -1>, -1, -1, false> >’
/home/u12/darrenc/R/library_R_v4.2_new_ocelote/RcppEigen/include/Eigen/src/Core/MapBase.h:37:34:   required from ‘class Eigen::MapBase<Eigen::Block<const Eigen::Matrix<double, -1, -1>, -1, -1, false>, 0>’
/home/u12/darrenc/R/library_R_v4.2_new_ocelote/RcppEigen/include/Eigen/src/Core/Block.h:329:7:   required from ‘class Eigen::internal::BlockImpl_dense<const Eigen::Matrix<double, -1, -1>, -1, -1, false, true>’
/home/u12/darrenc/R/library_R_v4.2_new_ocelote/RcppEigen/include/Eigen/src/Core/Block.h:154:7:   required from ‘class Eigen::BlockImpl<const Eigen::Matrix<double, -1, -1>, -1, -1, false, Eigen::Dense>’
/home/u12/darrenc/R/library_R_v4.2_new_ocelote/RcppEigen/include/Eigen/src/Core/Block.h:103:81:   required from ‘class Eigen::Block<const Eigen::Matrix<double, -1, -1>, -1, -1, false>’
kdtree_cpu.cpp:257:18:   required from ‘Nabo::KDTreeUnbalancedPtInLeavesImplicitBoundsStackOpt<T, Heap>::KDTreeUnbalancedPtInLeavesImplicitBoundsStackOpt(const Matrix&, Nabo::KDTreeUnbalancedPtInLeavesImplicitBoundsStackOpt<T, Heap>::Index, unsigned int, const Nabo::Parameters&) [with T = double; Heap = Nabo::IndexHeapSTL<int, double>; Nabo::KDTreeUnbalancedPtInLeavesImplicitBoundsStackOpt<T, Heap>::Matrix = Eigen::Matrix<double, -1, -1>; Nabo::KDTreeUnbalancedPtInLeavesImplicitBoundsStackOpt<T, Heap>::Index = int]’
kdtree_cpu.cpp:437:18:   required from here
/home/u12/darrenc/R/library_R_v4.2_new_ocelote/RcppEigen/include/Eigen/src/Core/DenseCoeffsBase.h:56:30: warning: ignoring attributes on template argument ‘Eigen::internal::packet_traits<double>::type’ {aka ‘__vector(2) double’} [-Wignored-attributes]
/home/u12/darrenc/R/library_R_v4.2_new_ocelote/RcppEigen/include/Eigen/src/Core/DenseCoeffsBase.h: In instantiation of ‘class Eigen::DenseCoeffsBase<Eigen::ArrayWrapper<const Eigen::Matrix<double, -1, 1> >, 0>’:
/home/u12/darrenc/R/library_R_v4.2_new_ocelote/RcppEigen/include/Eigen/src/Core/DenseCoeffsBase.h:481:7:   required from ‘class Eigen::DenseCoeffsBase<Eigen::ArrayWrapper<const Eigen::Matrix<double, -1, 1> >, 2>’
/home/u12/darrenc/R/library_R_v4.2_new_ocelote/RcppEigen/include/Eigen/src/Core/DenseBase.h:41:34:   required from ‘class Eigen::DenseBase<Eigen::ArrayWrapper<const Eigen::Matrix<double, -1, 1> > >’
/home/u12/darrenc/R/library_R_v4.2_new_ocelote/RcppEigen/include/Eigen/src/Core/ArrayBase.h:39:34:   required from ‘class Eigen::ArrayBase<Eigen::ArrayWrapper<const Eigen::Matrix<double, -1, 1> > >’
/home/u12/darrenc/R/library_R_v4.2_new_ocelote/RcppEigen/include/Eigen/src/Core/ArrayWrapper.h:42:7:   required from ‘class Eigen::ArrayWrapper<const Eigen::Matrix<double, -1, 1> >’
kdtree_cpu.cpp:260:53:   required from ‘Nabo::KDTreeUnbalancedPtInLeavesImplicitBoundsStackOpt<T, Heap>::KDTreeUnbalancedPtInLeavesImplicitBoundsStackOpt(const Matrix&, Nabo::KDTreeUnbalancedPtInLeavesImplicitBoundsStackOpt<T, Heap>::Index, unsigned int, const Nabo::Parameters&) [with T = double; Heap = Nabo::IndexHeapSTL<int, double>; Nabo::KDTreeUnbalancedPtInLeavesImplicitBoundsStackOpt<T, Heap>::Matrix = Eigen::Matrix<double, -1, -1>; Nabo::KDTreeUnbalancedPtInLeavesImplicitBoundsStackOpt<T, Heap>::Index = int]’
kdtree_cpu.cpp:437:18:   required from here
/home/u12/darrenc/R/library_R_v4.2_new_ocelote/RcppEigen/include/Eigen/src/Core/DenseCoeffsBase.h:56:30: warning: ignoring attributes on template argument ‘Eigen::internal::packet_traits<double>::type’ {aka ‘__vector(2) double’} [-Wignored-attributes]
/home/u12/darrenc/R/library_R_v4.2_new_ocelote/RcppEigen/include/Eigen/src/Core/DenseCoeffsBase.h: In instantiation of ‘class Eigen::DenseCoeffsBase<Eigen::CwiseBinaryOp<Eigen::internal::scalar_min_op<double, double, 0>, const Eigen::ArrayWrapper<const Eigen::Matrix<double, -1, 1> >, const Eigen::ArrayWrapper<const Eigen::Matrix<double, -1, 1> > >, 0>’:
/home/u12/darrenc/R/library_R_v4.2_new_ocelote/RcppEigen/include/Eigen/src/Core/DenseBase.h:41:34:   required from ‘class Eigen::DenseBase<Eigen::CwiseBinaryOp<Eigen::internal::scalar_min_op<double, double, 0>, const Eigen::ArrayWrapper<const Eigen::Matrix<double, -1, 1> >, const Eigen::ArrayWrapper<const Eigen::Matrix<double, -1, 1> > > >’
/home/u12/darrenc/R/library_R_v4.2_new_ocelote/RcppEigen/include/Eigen/src/Core/ArrayBase.h:39:34:   required from ‘class Eigen::ArrayBase<Eigen::CwiseBinaryOp<Eigen::internal::scalar_min_op<double, double, 0>, const Eigen::ArrayWrapper<const Eigen::Matrix<double, -1, 1> >, const Eigen::ArrayWrapper<const Eigen::Matrix<double, -1, 1> > > >’
/home/u12/darrenc/R/library_R_v4.2_new_ocelote/RcppEigen/include/Eigen/src/Core/CwiseBinaryOp.h:148:7:   required from ‘class Eigen::CwiseBinaryOpImpl<Eigen::internal::scalar_min_op<double, double, 0>, const Eigen::ArrayWrapper<const Eigen::Matrix<double, -1, 1> >, const Eigen::ArrayWrapper<const Eigen::Matrix<double, -1, 1> >, Eigen::Dense>’
/home/u12/darrenc/R/library_R_v4.2_new_ocelote/RcppEigen/include/Eigen/src/Core/CwiseBinaryOp.h:77:7:   required from ‘class Eigen::CwiseBinaryOp<Eigen::internal::scalar_min_op<double, double, 0>, const Eigen::ArrayWrapper<const Eigen::Matrix<double, -1, 1> >, const Eigen::ArrayWrapper<const Eigen::Matrix<double, -1, 1> > >’
kdtree_cpu.cpp:260:34:   required from ‘Nabo::KDTreeUnbalancedPtInLeavesImplicitBoundsStackOpt<T, Heap>::KDTreeUnbalancedPtInLeavesImplicitBoundsStackOpt(const Matrix&, Nabo::KDTreeUnbalancedPtInLeavesImplicitBoundsStackOpt<T, Heap>::Index, unsigned int, const Nabo::Parameters&) [with T = double; Heap = Nabo::IndexHeapSTL<int, double>; Nabo::KDTreeUnbalancedPtInLeavesImplicitBoundsStackOpt<T, Heap>::Matrix = Eigen::Matrix<double, -1, -1>; Nabo::KDTreeUnbalancedPtInLeavesImplicitBoundsStackOpt<T, Heap>::Index = int]’
kdtree_cpu.cpp:437:18:   required from here
/home/u12/darrenc/R/library_R_v4.2_new_ocelote/RcppEigen/include/Eigen/src/Core/DenseCoeffsBase.h:56:30: warning: ignoring attributes on template argument ‘Eigen::internal::packet_traits<double>::type’ {aka ‘__vector(2) double’} [-Wignored-attributes]
/home/u12/darrenc/R/library_R_v4.2_new_ocelote/RcppEigen/include/Eigen/src/Core/DenseCoeffsBase.h: In instantiation of ‘class Eigen::DenseCoeffsBase<Eigen::CwiseBinaryOp<Eigen::internal::scalar_max_op<double, double, 0>, const Eigen::ArrayWrapper<const Eigen::Matrix<double, -1, 1> >, const Eigen::ArrayWrapper<const Eigen::Matrix<double, -1, 1> > >, 0>’:
/home/u12/darrenc/R/library_R_v4.2_new_ocelote/RcppEigen/include/Eigen/src/Core/DenseBase.h:41:34:   required from ‘class Eigen::DenseBase<Eigen::CwiseBinaryOp<Eigen::internal::scalar_max_op<double, double, 0>, const Eigen::ArrayWrapper<const Eigen::Matrix<double, -1, 1> >, const Eigen::ArrayWrapper<const Eigen::Matrix<double, -1, 1> > > >’
/home/u12/darrenc/R/library_R_v4.2_new_ocelote/RcppEigen/include/Eigen/src/Core/ArrayBase.h:39:34:   required from ‘class Eigen::ArrayBase<Eigen::CwiseBinaryOp<Eigen::internal::scalar_max_op<double, double, 0>, const Eigen::ArrayWrapper<const Eigen::Matrix<double, -1, 1> >, const Eigen::ArrayWrapper<const Eigen::Matrix<double, -1, 1> > > >’
/home/u12/darrenc/R/library_R_v4.2_new_ocelote/RcppEigen/include/Eigen/src/Core/CwiseBinaryOp.h:148:7:   required from ‘class Eigen::CwiseBinaryOpImpl<Eigen::internal::scalar_max_op<double, double, 0>, const Eigen::ArrayWrapper<const Eigen::Matrix<double, -1, 1> >, const Eigen::ArrayWrapper<const Eigen::Matrix<double, -1, 1> >, Eigen::Dense>’
/home/u12/darrenc/R/library_R_v4.2_new_ocelote/RcppEigen/include/Eigen/src/Core/CwiseBinaryOp.h:77:7:   required from ‘class Eigen::CwiseBinaryOp<Eigen::internal::scalar_max_op<double, double, 0>, const Eigen::ArrayWrapper<const Eigen::Matrix<double, -1, 1> >, const Eigen::ArrayWrapper<const Eigen::Matrix<double, -1, 1> > >’
kdtree_cpu.cpp:261:34:   required from ‘Nabo::KDTreeUnbalancedPtInLeavesImplicitBoundsStackOpt<T, Heap>::KDTreeUnbalancedPtInLeavesImplicitBoundsStackOpt(const Matrix&, Nabo::KDTreeUnbalancedPtInLeavesImplicitBoundsStackOpt<T, Heap>::Index, unsigned int, const Nabo::Parameters&) [with T = double; Heap = Nabo::IndexHeapSTL<int, double>; Nabo::KDTreeUnbalancedPtInLeavesImplicitBoundsStackOpt<T, Heap>::Matrix = Eigen::Matrix<double, -1, -1>; Nabo::KDTreeUnbalancedPtInLeavesImplicitBoundsStackOpt<T, Heap>::Index = int]’
kdtree_cpu.cpp:437:18:   required from here
/home/u12/darrenc/R/library_R_v4.2_new_ocelote/RcppEigen/include/Eigen/src/Core/DenseCoeffsBase.h:56:30: warning: ignoring attributes on template argument ‘Eigen::internal::packet_traits<double>::type’ {aka ‘__vector(2) double’} [-Wignored-attributes]
In file included from /home/u12/darrenc/R/library_R_v4.2_new_ocelote/RcppEigen/include/Eigen/Core:277,
                 from nabo.h:35,
                 from nabo_private.h:35,
                 from kdtree_cpu.cpp:32:
/home/u12/darrenc/R/library_R_v4.2_new_ocelote/RcppEigen/include/Eigen/src/Core/CoreEvaluators.h: In instantiation of ‘struct Eigen::internal::evaluator<Eigen::Block<Eigen::Matrix<float, -1, -1>, -1, 1, true> >’:
/home/u12/darrenc/R/library_R_v4.2_new_ocelote/RcppEigen/include/Eigen/src/Core/DenseCoeffsBase.h:391:7:   required from ‘Eigen::DenseCoeffsBase<Derived, 1>::Scalar& Eigen::DenseCoeffsBase<Derived, 1>::coeffRef(Eigen::Index) [with Derived = Eigen::Block<Eigen::Matrix<float, -1, -1>, -1, 1, true>; Eigen::DenseCoeffsBase<Derived, 1>::Scalar = float; Eigen::Index = long int]’
index_heap.h:142:60:   required from ‘void Nabo::IndexHeapSTL<IT, VT>::getData(const Eigen::MatrixBase<OtherDerived>&, const Eigen::MatrixBase<OtherDerived>&) const [with DI = Eigen::Block<Eigen::Matrix<int, -1, -1>, -1, 1, true>; DV = Eigen::Block<Eigen::Matrix<float, -1, -1>, -1, 1, true>; IT = int; VT = float]’
kdtree_cpu.cpp:349:3:   required from ‘long unsigned int Nabo::KDTreeUnbalancedPtInLeavesImplicitBoundsStackOpt<T, Heap>::onePointKnn(const Matrix&, Nabo::KDTreeUnbalancedPtInLeavesImplicitBoundsStackOpt<T, Heap>::IndexMatrix&, Nabo::KDTreeUnbalancedPtInLeavesImplicitBoundsStackOpt<T, Heap>::Matrix&, int, Heap&, std::vector<T>&, T, T, bool, bool, bool) const [with T = float; Heap = Nabo::IndexHeapSTL<int, float>; Nabo::KDTreeUnbalancedPtInLeavesImplicitBoundsStackOpt<T, Heap>::Matrix = Eigen::Matrix<float, -1, -1>; Nabo::KDTreeUnbalancedPtInLeavesImplicitBoundsStackOpt<T, Heap>::IndexMatrix = Eigen::Matrix<int, -1, -1>]’
kdtree_cpu.cpp:435:18:   required from here
/home/u12/darrenc/R/library_R_v4.2_new_ocelote/RcppEigen/include/Eigen/src/Core/CoreEvaluators.h:1042:8: warning: ignoring attributes on template argument ‘Eigen::internal::packet_traits<float>::type’ {aka ‘__vector(4) float’} [-Wignored-attributes]
   enum {
        ^
/home/u12/darrenc/R/library_R_v4.2_new_ocelote/RcppEigen/include/Eigen/src/Core/CoreEvaluators.h: In instantiation of ‘struct Eigen::internal::evaluator<Eigen::Block<Eigen::Matrix<double, -1, -1>, -1, 1, true> >’:
/home/u12/darrenc/R/library_R_v4.2_new_ocelote/RcppEigen/include/Eigen/src/Core/DenseCoeffsBase.h:391:7:   required from ‘Eigen::DenseCoeffsBase<Derived, 1>::Scalar& Eigen::DenseCoeffsBase<Derived, 1>::coeffRef(Eigen::Index) [with Derived = Eigen::Block<Eigen::Matrix<double, -1, -1>, -1, 1, true>; Eigen::DenseCoeffsBase<Derived, 1>::Scalar = double; Eigen::Index = long int]’
index_heap.h:142:60:   required from ‘void Nabo::IndexHeapSTL<IT, VT>::getData(const Eigen::MatrixBase<OtherDerived>&, const Eigen::MatrixBase<OtherDerived>&) const [with DI = Eigen::Block<Eigen::Matrix<int, -1, -1>, -1, 1, true>; DV = Eigen::Block<Eigen::Matrix<double, -1, -1>, -1, 1, true>; IT = int; VT = double]’
kdtree_cpu.cpp:349:3:   required from ‘long unsigned int Nabo::KDTreeUnbalancedPtInLeavesImplicitBoundsStackOpt<T, Heap>::onePointKnn(const Matrix&, Nabo::KDTreeUnbalancedPtInLeavesImplicitBoundsStackOpt<T, Heap>::IndexMatrix&, Nabo::KDTreeUnbalancedPtInLeavesImplicitBoundsStackOpt<T, Heap>::Matrix&, int, Heap&, std::vector<T>&, T, T, bool, bool, bool) const [with T = double; Heap = Nabo::IndexHeapSTL<int, double>; Nabo::KDTreeUnbalancedPtInLeavesImplicitBoundsStackOpt<T, Heap>::Matrix = Eigen::Matrix<double, -1, -1>; Nabo::KDTreeUnbalancedPtInLeavesImplicitBoundsStackOpt<T, Heap>::IndexMatrix = Eigen::Matrix<int, -1, -1>]’
kdtree_cpu.cpp:437:18:   required from here
/home/u12/darrenc/R/library_R_v4.2_new_ocelote/RcppEigen/include/Eigen/src/Core/CoreEvaluators.h:1042:8: warning: ignoring attributes on template argument ‘Eigen::internal::packet_traits<double>::type’ {aka ‘__vector(2) double’} [-Wignored-attributes]
/home/u12/darrenc/R/library_R_v4.2_new_ocelote/RcppEigen/include/Eigen/src/Core/CoreEvaluators.h: In instantiation of ‘struct Eigen::internal::evaluator<Eigen::Block<const Eigen::Matrix<float, -1, -1>, -1, -1, false> >’:
/home/u12/darrenc/R/library_R_v4.2_new_ocelote/RcppEigen/include/Eigen/src/Core/AssignEvaluator.h:774:20:   required from ‘void Eigen::internal::call_dense_assignment_loop(DstXprType&, const SrcXprType&, const Functor&) [with DstXprType = Eigen::Matrix<float, -1, 1>; SrcXprType = Eigen::Block<const Eigen::Matrix<float, -1, -1>, -1, -1, false>; Functor = Eigen::internal::assign_op<float, float>]’
/home/u12/darrenc/R/library_R_v4.2_new_ocelote/RcppEigen/include/Eigen/src/Core/AssignEvaluator.h:954:31:   required from ‘static void Eigen::internal::Assignment<DstXprType, SrcXprType, Functor, Eigen::internal::Dense2Dense, Weak>::run(DstXprType&, const SrcXprType&, const Functor&) [with DstXprType = Eigen::Matrix<float, -1, 1>; SrcXprType = Eigen::Block<const Eigen::Matrix<float, -1, -1>, -1, -1, false>; Functor = Eigen::internal::assign_op<float, float>; Weak = void]’
/home/u12/darrenc/R/library_R_v4.2_new_ocelote/RcppEigen/include/Eigen/src/Core/AssignEvaluator.h:890:49:   required from ‘void Eigen::internal::call_assignment_no_alias(Dst&, const Src&, const Func&) [with Dst = Eigen::Matrix<float, -1, 1>; Src = Eigen::Block<const Eigen::Matrix<float, -1, -1>, -1, -1, false>; Func = Eigen::internal::assign_op<float, float>]’
/home/u12/darrenc/R/library_R_v4.2_new_ocelote/RcppEigen/include/Eigen/src/Core/PlainObjectBase.h:797:41:   required from ‘Derived& Eigen::PlainObjectBase<Derived>::_set_noalias(const Eigen::DenseBase<OtherDerived>&) [with OtherDerived = Eigen::Block<const Eigen::Matrix<float, -1, -1>, -1, -1, false>; Derived = Eigen::Matrix<float, -1, 1>]’
/home/u12/darrenc/R/library_R_v4.2_new_ocelote/RcppEigen/include/Eigen/src/Core/PlainObjectBase.h:594:7:   required from ‘Eigen::PlainObjectBase<Derived>::PlainObjectBase(const Eigen::DenseBase<OtherDerived>&) [with OtherDerived = Eigen::Block<const Eigen::Matrix<float, -1, -1>, -1, -1, false>; Derived = Eigen::Matrix<float, -1, 1>]’
/home/u12/darrenc/R/library_R_v4.2_new_ocelote/RcppEigen/include/Eigen/src/Core/Matrix.h:423:29:   required from ‘Eigen::Matrix<_Scalar, _Rows, _Cols, _Options, _MaxRows, _MaxCols>::Matrix(const Eigen::EigenBase<OtherDerived>&) [with OtherDerived = Eigen::Block<const Eigen::Matrix<float, -1, -1>, -1, -1, false>; _Scalar = float; int _Rows = -1; int _Cols = 1; int _Options = 0; int _MaxRows = -1; int _MaxCols = 1]’
kdtree_cpu.cpp:257:18:   required from ‘Nabo::KDTreeUnbalancedPtInLeavesImplicitBoundsStackOpt<T, Heap>::KDTreeUnbalancedPtInLeavesImplicitBoundsStackOpt(const Matrix&, Nabo::KDTreeUnbalancedPtInLeavesImplicitBoundsStackOpt<T, Heap>::Index, unsigned int, const Nabo::Parameters&) [with T = float; Heap = Nabo::IndexHeapSTL<int, float>; Nabo::KDTreeUnbalancedPtInLeavesImplicitBoundsStackOpt<T, Heap>::Matrix = Eigen::Matrix<float, -1, -1>; Nabo::KDTreeUnbalancedPtInLeavesImplicitBoundsStackOpt<T, Heap>::Index = int]’
kdtree_cpu.cpp:435:18:   required from here
/home/u12/darrenc/R/library_R_v4.2_new_ocelote/RcppEigen/include/Eigen/src/Core/CoreEvaluators.h:1042:8: warning: ignoring attributes on template argument ‘Eigen::internal::packet_traits<float>::type’ {aka ‘__vector(4) float’} [-Wignored-attributes]
/home/u12/darrenc/R/library_R_v4.2_new_ocelote/RcppEigen/include/Eigen/src/Core/CoreEvaluators.h: In instantiation of ‘struct Eigen::internal::evaluator<Eigen::Block<const Eigen::Matrix<double, -1, -1>, -1, -1, false> >’:
/home/u12/darrenc/R/library_R_v4.2_new_ocelote/RcppEigen/include/Eigen/src/Core/AssignEvaluator.h:774:20:   required from ‘void Eigen::internal::call_dense_assignment_loop(DstXprType&, const SrcXprType&, const Functor&) [with DstXprType = Eigen::Matrix<double, -1, 1>; SrcXprType = Eigen::Block<const Eigen::Matrix<double, -1, -1>, -1, -1, false>; Functor = Eigen::internal::assign_op<double, double>]’
/home/u12/darrenc/R/library_R_v4.2_new_ocelote/RcppEigen/include/Eigen/src/Core/AssignEvaluator.h:954:31:   required from ‘static void Eigen::internal::Assignment<DstXprType, SrcXprType, Functor, Eigen::internal::Dense2Dense, Weak>::run(DstXprType&, const SrcXprType&, const Functor&) [with DstXprType = Eigen::Matrix<double, -1, 1>; SrcXprType = Eigen::Block<const Eigen::Matrix<double, -1, -1>, -1, -1, false>; Functor = Eigen::internal::assign_op<double, double>; Weak = void]’
/home/u12/darrenc/R/library_R_v4.2_new_ocelote/RcppEigen/include/Eigen/src/Core/AssignEvaluator.h:890:49:   required from ‘void Eigen::internal::call_assignment_no_alias(Dst&, const Src&, const Func&) [with Dst = Eigen::Matrix<double, -1, 1>; Src = Eigen::Block<const Eigen::Matrix<double, -1, -1>, -1, -1, false>; Func = Eigen::internal::assign_op<double, double>]’
/home/u12/darrenc/R/library_R_v4.2_new_ocelote/RcppEigen/include/Eigen/src/Core/PlainObjectBase.h:797:41:   required from ‘Derived& Eigen::PlainObjectBase<Derived>::_set_noalias(const Eigen::DenseBase<OtherDerived>&) [with OtherDerived = Eigen::Block<const Eigen::Matrix<double, -1, -1>, -1, -1, false>; Derived = Eigen::Matrix<double, -1, 1>]’
/home/u12/darrenc/R/library_R_v4.2_new_ocelote/RcppEigen/include/Eigen/src/Core/PlainObjectBase.h:594:7:   required from ‘Eigen::PlainObjectBase<Derived>::PlainObjectBase(const Eigen::DenseBase<OtherDerived>&) [with OtherDerived = Eigen::Block<const Eigen::Matrix<double, -1, -1>, -1, -1, false>; Derived = Eigen::Matrix<double, -1, 1>]’
/home/u12/darrenc/R/library_R_v4.2_new_ocelote/RcppEigen/include/Eigen/src/Core/Matrix.h:423:29:   required from ‘Eigen::Matrix<_Scalar, _Rows, _Cols, _Options, _MaxRows, _MaxCols>::Matrix(const Eigen::EigenBase<OtherDerived>&) [with OtherDerived = Eigen::Block<const Eigen::Matrix<double, -1, -1>, -1, -1, false>; _Scalar = double; int _Rows = -1; int _Cols = 1; int _Options = 0; int _MaxRows = -1; int _MaxCols = 1]’
kdtree_cpu.cpp:257:18:   required from ‘Nabo::KDTreeUnbalancedPtInLeavesImplicitBoundsStackOpt<T, Heap>::KDTreeUnbalancedPtInLeavesImplicitBoundsStackOpt(const Matrix&, Nabo::KDTreeUnbalancedPtInLeavesImplicitBoundsStackOpt<T, Heap>::Index, unsigned int, const Nabo::Parameters&) [with T = double; Heap = Nabo::IndexHeapSTL<int, double>; Nabo::KDTreeUnbalancedPtInLeavesImplicitBoundsStackOpt<T, Heap>::Matrix = Eigen::Matrix<double, -1, -1>; Nabo::KDTreeUnbalancedPtInLeavesImplicitBoundsStackOpt<T, Heap>::Index = int]’
kdtree_cpu.cpp:437:18:   required from here
/home/u12/darrenc/R/library_R_v4.2_new_ocelote/RcppEigen/include/Eigen/src/Core/CoreEvaluators.h:1042:8: warning: ignoring attributes on template argument ‘Eigen::internal::packet_traits<double>::type’ {aka ‘__vector(2) double’} [-Wignored-attributes]
g++ -std=gnu++14 -I"/opt/ohpc/pub/apps/R/4.2.2/lib64/R/include" -DNDEBUG -I. -I'/home/u12/darrenc/R/library_R_v4.2_new_ocelote/Rcpp/include' -I'/home/u12/darrenc/R/library_R_v4.2_new_ocelote/RcppEigen/include' -I'/home/u12/darrenc/R/library_R_v4.2_new_ocelote/BH/include' -I/usr/local/include   -fpic  -g -O2  -c nabo.cpp -o nabo.o
In file included from /home/u12/darrenc/R/library_R_v4.2_new_ocelote/RcppEigen/include/Eigen/Core:205,
                 from nabo.h:35,
                 from nabo.cpp:32:
/home/u12/darrenc/R/library_R_v4.2_new_ocelote/RcppEigen/include/Eigen/src/Core/arch/SSE/PacketMath.h:46:40: warning: ignoring attributes on template argument ‘__m128i’ {aka ‘__vector(2) long long int’} [-Wignored-attributes]
 typedef eigen_packet_wrapper<__m128i, 0> Packet4i;
                                        ^
/home/u12/darrenc/R/library_R_v4.2_new_ocelote/RcppEigen/include/Eigen/src/Core/arch/SSE/PacketMath.h:47:40: warning: ignoring attributes on template argument ‘__m128i’ {aka ‘__vector(2) long long int’} [-Wignored-attributes]
 typedef eigen_packet_wrapper<__m128i, 1> Packet16b;
                                        ^
/home/u12/darrenc/R/library_R_v4.2_new_ocelote/RcppEigen/include/Eigen/src/Core/arch/SSE/PacketMath.h:49:39: warning: ignoring attributes on template argument ‘__m128’ {aka ‘__vector(4) float’} [-Wignored-attributes]
 template<> struct is_arithmetic<__m128>  { enum { value = true }; };
                                       ^
/home/u12/darrenc/R/library_R_v4.2_new_ocelote/RcppEigen/include/Eigen/src/Core/arch/SSE/PacketMath.h:50:40: warning: ignoring attributes on template argument ‘__m128i’ {aka ‘__vector(2) long long int’} [-Wignored-attributes]
 template<> struct is_arithmetic<__m128i> { enum { value = true }; };
                                        ^
/home/u12/darrenc/R/library_R_v4.2_new_ocelote/RcppEigen/include/Eigen/src/Core/arch/SSE/PacketMath.h:51:40: warning: ignoring attributes on template argument ‘__m128d’ {aka ‘__vector(2) double’} [-Wignored-attributes]
 template<> struct is_arithmetic<__m128d> { enum { value = true }; };
                                        ^
/home/u12/darrenc/R/library_R_v4.2_new_ocelote/RcppEigen/include/Eigen/src/Core/arch/SSE/PacketMath.h:222:43: warning: ignoring attributes on template argument ‘Eigen::internal::Packet4f’ {aka ‘__vector(4) float’} [-Wignored-attributes]
 template<> struct unpacket_traits<Packet4f> {
                                           ^
/home/u12/darrenc/R/library_R_v4.2_new_ocelote/RcppEigen/include/Eigen/src/Core/arch/SSE/PacketMath.h:228:43: warning: ignoring attributes on template argument ‘Eigen::internal::Packet2d’ {aka ‘__vector(2) double’} [-Wignored-attributes]
 template<> struct unpacket_traits<Packet2d> {
                                           ^
/home/u12/darrenc/R/library_R_v4.2_new_ocelote/RcppEigen/include/Eigen/src/Core/arch/SSE/PacketMath.h:1124:34: warning: ignoring attributes on template argument ‘Eigen::internal::Packet4f’ {aka ‘__vector(4) float’} [-Wignored-attributes]
 ptranspose(PacketBlock<Packet4f,4>& kernel) {
                                  ^
/home/u12/darrenc/R/library_R_v4.2_new_ocelote/RcppEigen/include/Eigen/src/Core/arch/SSE/PacketMath.h:1129:34: warning: ignoring attributes on template argument ‘Eigen::internal::Packet2d’ {aka ‘__vector(2) double’} [-Wignored-attributes]
 ptranspose(PacketBlock<Packet2d,2>& kernel) {
                                  ^
In file included from /home/u12/darrenc/R/library_R_v4.2_new_ocelote/RcppEigen/include/Eigen/Core:174,
                 from nabo.h:35,
                 from nabo.cpp:32:
/home/u12/darrenc/R/library_R_v4.2_new_ocelote/RcppEigen/include/Eigen/src/Core/arch/Default/ConjHelper.h:16:60: warning: ignoring attributes on template argument ‘Eigen::internal::Packet4f’ {aka ‘__vector(4) float’} [-Wignored-attributes]
   struct conj_helper<PACKET_REAL, PACKET_CPLX, false, false> {          \
                                                            ^
/home/u12/darrenc/R/library_R_v4.2_new_ocelote/RcppEigen/include/Eigen/src/Core/arch/SSE/Complex.h:173:1: note: in expansion of macro ‘EIGEN_MAKE_CONJ_HELPER_CPLX_REAL’
 EIGEN_MAKE_CONJ_HELPER_CPLX_REAL(Packet2cf,Packet4f)
 ^~~~~~~~~~~~~~~~~~~~~~~~~~~~~~~~
/home/u12/darrenc/R/library_R_v4.2_new_ocelote/RcppEigen/include/Eigen/src/Core/arch/Default/ConjHelper.h:29:60: warning: ignoring attributes on template argument ‘Eigen::internal::Packet4f’ {aka ‘__vector(4) float’} [-Wignored-attributes]
   struct conj_helper<PACKET_CPLX, PACKET_REAL, false, false> {          \
                                                            ^
/home/u12/darrenc/R/library_R_v4.2_new_ocelote/RcppEigen/include/Eigen/src/Core/arch/SSE/Complex.h:173:1: note: in expansion of macro ‘EIGEN_MAKE_CONJ_HELPER_CPLX_REAL’
 EIGEN_MAKE_CONJ_HELPER_CPLX_REAL(Packet2cf,Packet4f)
 ^~~~~~~~~~~~~~~~~~~~~~~~~~~~~~~~
/home/u12/darrenc/R/library_R_v4.2_new_ocelote/RcppEigen/include/Eigen/src/Core/arch/Default/ConjHelper.h:16:60: warning: ignoring attributes on template argument ‘Eigen::internal::Packet2d’ {aka ‘__vector(2) double’} [-Wignored-attributes]
   struct conj_helper<PACKET_REAL, PACKET_CPLX, false, false> {          \
                                                            ^
/home/u12/darrenc/R/library_R_v4.2_new_ocelote/RcppEigen/include/Eigen/src/Core/arch/SSE/Complex.h:298:1: note: in expansion of macro ‘EIGEN_MAKE_CONJ_HELPER_CPLX_REAL’
 EIGEN_MAKE_CONJ_HELPER_CPLX_REAL(Packet1cd,Packet2d)
 ^~~~~~~~~~~~~~~~~~~~~~~~~~~~~~~~
/home/u12/darrenc/R/library_R_v4.2_new_ocelote/RcppEigen/include/Eigen/src/Core/arch/Default/ConjHelper.h:29:60: warning: ignoring attributes on template argument ‘Eigen::internal::Packet2d’ {aka ‘__vector(2) double’} [-Wignored-attributes]
   struct conj_helper<PACKET_CPLX, PACKET_REAL, false, false> {          \
                                                            ^
/home/u12/darrenc/R/library_R_v4.2_new_ocelote/RcppEigen/include/Eigen/src/Core/arch/SSE/Complex.h:298:1: note: in expansion of macro ‘EIGEN_MAKE_CONJ_HELPER_CPLX_REAL’
 EIGEN_MAKE_CONJ_HELPER_CPLX_REAL(Packet1cd,Packet2d)
 ^~~~~~~~~~~~~~~~~~~~~~~~~~~~~~~~
In file included from /home/u12/darrenc/R/library_R_v4.2_new_ocelote/BH/include/boost/smart_ptr/shared_ptr.hpp:17,
                 from /home/u12/darrenc/R/library_R_v4.2_new_ocelote/BH/include/boost/shared_ptr.hpp:17,
                 from /home/u12/darrenc/R/library_R_v4.2_new_ocelote/BH/include/boost/format/alt_sstream.hpp:22,
                 from /home/u12/darrenc/R/library_R_v4.2_new_ocelote/BH/include/boost/format/internals.hpp:24,
                 from /home/u12/darrenc/R/library_R_v4.2_new_ocelote/BH/include/boost/format.hpp:38,
                 from nabo.cpp:38:
/home/u12/darrenc/R/library_R_v4.2_new_ocelote/BH/include/boost/smart_ptr/detail/shared_count.hpp:326:33: warning: ‘template<class> class std::auto_ptr’ is deprecated [-Wdeprecated-declarations]
     explicit shared_count( std::auto_ptr<Y> & r ): pi_( new sp_counted_impl_p<Y>( r.get() ) )
                                 ^~~~~~~~
In file included from /opt/ohpc/pub/compiler/gcc/8.3.0/include/c++/8.3.0/memory:80,
                 from /home/u12/darrenc/R/library_R_v4.2_new_ocelote/BH/include/boost/any.hpp:27,
                 from nabo.h:44,
                 from nabo.cpp:32:
/opt/ohpc/pub/compiler/gcc/8.3.0/include/c++/8.3.0/bits/unique_ptr.h:53:28: note: declared here
   template<typename> class auto_ptr;
                            ^~~~~~~~
In file included from /home/u12/darrenc/R/library_R_v4.2_new_ocelote/BH/include/boost/shared_ptr.hpp:17,
                 from /home/u12/darrenc/R/library_R_v4.2_new_ocelote/BH/include/boost/format/alt_sstream.hpp:22,
                 from /home/u12/darrenc/R/library_R_v4.2_new_ocelote/BH/include/boost/format/internals.hpp:24,
                 from /home/u12/darrenc/R/library_R_v4.2_new_ocelote/BH/include/boost/format.hpp:38,
                 from nabo.cpp:38:
/home/u12/darrenc/R/library_R_v4.2_new_ocelote/BH/include/boost/smart_ptr/shared_ptr.hpp:354:31: warning: ‘template<class> class std::auto_ptr’ is deprecated [-Wdeprecated-declarations]
     explicit shared_ptr( std::auto_ptr<Y> & r ): px(r.get()), pn()
                               ^~~~~~~~
In file included from /opt/ohpc/pub/compiler/gcc/8.3.0/include/c++/8.3.0/memory:80,
                 from /home/u12/darrenc/R/library_R_v4.2_new_ocelote/BH/include/boost/any.hpp:27,
                 from nabo.h:44,
                 from nabo.cpp:32:
/opt/ohpc/pub/compiler/gcc/8.3.0/include/c++/8.3.0/bits/unique_ptr.h:53:28: note: declared here
   template<typename> class auto_ptr;
                            ^~~~~~~~
In file included from /home/u12/darrenc/R/library_R_v4.2_new_ocelote/BH/include/boost/shared_ptr.hpp:17,
                 from /home/u12/darrenc/R/library_R_v4.2_new_ocelote/BH/include/boost/format/alt_sstream.hpp:22,
                 from /home/u12/darrenc/R/library_R_v4.2_new_ocelote/BH/include/boost/format/internals.hpp:24,
                 from /home/u12/darrenc/R/library_R_v4.2_new_ocelote/BH/include/boost/format.hpp:38,
                 from nabo.cpp:38:
/home/u12/darrenc/R/library_R_v4.2_new_ocelote/BH/include/boost/smart_ptr/shared_ptr.hpp:365:22: warning: ‘template<class> class std::auto_ptr’ is deprecated [-Wdeprecated-declarations]
     shared_ptr( std::auto_ptr<Y> && r ): px(r.get()), pn()
                      ^~~~~~~~
In file included from /opt/ohpc/pub/compiler/gcc/8.3.0/include/c++/8.3.0/memory:80,
                 from /home/u12/darrenc/R/library_R_v4.2_new_ocelote/BH/include/boost/any.hpp:27,
                 from nabo.h:44,
                 from nabo.cpp:32:
/opt/ohpc/pub/compiler/gcc/8.3.0/include/c++/8.3.0/bits/unique_ptr.h:53:28: note: declared here
   template<typename> class auto_ptr;
                            ^~~~~~~~
In file included from /home/u12/darrenc/R/library_R_v4.2_new_ocelote/BH/include/boost/shared_ptr.hpp:17,
                 from /home/u12/darrenc/R/library_R_v4.2_new_ocelote/BH/include/boost/format/alt_sstream.hpp:22,
                 from /home/u12/darrenc/R/library_R_v4.2_new_ocelote/BH/include/boost/format/internals.hpp:24,
                 from /home/u12/darrenc/R/library_R_v4.2_new_ocelote/BH/include/boost/format.hpp:38,
                 from nabo.cpp:38:
/home/u12/darrenc/R/library_R_v4.2_new_ocelote/BH/include/boost/smart_ptr/shared_ptr.hpp:423:34: warning: ‘template<class> class std::auto_ptr’ is deprecated [-Wdeprecated-declarations]
     shared_ptr & operator=( std::auto_ptr<Y> & r )
                                  ^~~~~~~~
In file included from /opt/ohpc/pub/compiler/gcc/8.3.0/include/c++/8.3.0/memory:80,
                 from /home/u12/darrenc/R/library_R_v4.2_new_ocelote/BH/include/boost/any.hpp:27,
                 from nabo.h:44,
                 from nabo.cpp:32:
/opt/ohpc/pub/compiler/gcc/8.3.0/include/c++/8.3.0/bits/unique_ptr.h:53:28: note: declared here
   template<typename> class auto_ptr;
                            ^~~~~~~~
In file included from /home/u12/darrenc/R/library_R_v4.2_new_ocelote/BH/include/boost/shared_ptr.hpp:17,
                 from /home/u12/darrenc/R/library_R_v4.2_new_ocelote/BH/include/boost/format/alt_sstream.hpp:22,
                 from /home/u12/darrenc/R/library_R_v4.2_new_ocelote/BH/include/boost/format/internals.hpp:24,
                 from /home/u12/darrenc/R/library_R_v4.2_new_ocelote/BH/include/boost/format.hpp:38,
                 from nabo.cpp:38:
/home/u12/darrenc/R/library_R_v4.2_new_ocelote/BH/include/boost/smart_ptr/shared_ptr.hpp:430:34: warning: ‘template<class> class std::auto_ptr’ is deprecated [-Wdeprecated-declarations]
     shared_ptr & operator=( std::auto_ptr<Y> && r )
                                  ^~~~~~~~
In file included from /opt/ohpc/pub/compiler/gcc/8.3.0/include/c++/8.3.0/memory:80,
                 from /home/u12/darrenc/R/library_R_v4.2_new_ocelote/BH/include/boost/any.hpp:27,
                 from nabo.h:44,
                 from nabo.cpp:32:
/opt/ohpc/pub/compiler/gcc/8.3.0/include/c++/8.3.0/bits/unique_ptr.h:53:28: note: declared here
   template<typename> class auto_ptr;
                            ^~~~~~~~
In file included from /home/u12/darrenc/R/library_R_v4.2_new_ocelote/BH/include/boost/shared_ptr.hpp:17,
                 from /home/u12/darrenc/R/library_R_v4.2_new_ocelote/BH/include/boost/format/alt_sstream.hpp:22,
                 from /home/u12/darrenc/R/library_R_v4.2_new_ocelote/BH/include/boost/format/internals.hpp:24,
                 from /home/u12/darrenc/R/library_R_v4.2_new_ocelote/BH/include/boost/format.hpp:38,
                 from nabo.cpp:38:
/home/u12/darrenc/R/library_R_v4.2_new_ocelote/BH/include/boost/smart_ptr/shared_ptr.hpp: In member function ‘boost::shared_ptr<T>& boost::shared_ptr<T>::operator=(std::auto_ptr<_Up>&&)’:
/home/u12/darrenc/R/library_R_v4.2_new_ocelote/BH/include/boost/smart_ptr/shared_ptr.hpp:432:38: warning: ‘template<class> class std::auto_ptr’ is deprecated [-Wdeprecated-declarations]
         this_type( static_cast< std::auto_ptr<Y> && >( r ) ).swap( *this );
                                      ^~~~~~~~
In file included from /opt/ohpc/pub/compiler/gcc/8.3.0/include/c++/8.3.0/memory:80,
                 from /home/u12/darrenc/R/library_R_v4.2_new_ocelote/BH/include/boost/any.hpp:27,
                 from nabo.h:44,
                 from nabo.cpp:32:
/opt/ohpc/pub/compiler/gcc/8.3.0/include/c++/8.3.0/bits/unique_ptr.h:53:28: note: declared here
   template<typename> class auto_ptr;
                            ^~~~~~~~
In file included from /home/u12/darrenc/R/library_R_v4.2_new_ocelote/RcppEigen/include/Eigen/Core:165,
                 from nabo.h:35,
                 from nabo.cpp:32:
/home/u12/darrenc/R/library_R_v4.2_new_ocelote/RcppEigen/include/Eigen/src/Core/util/XprHelper.h: In instantiation of ‘struct Eigen::internal::find_best_packet<float, -1>’:
/home/u12/darrenc/R/library_R_v4.2_new_ocelote/RcppEigen/include/Eigen/src/Core/Matrix.h:22:57:   required from ‘struct Eigen::internal::traits<Eigen::Matrix<float, -1, 1> >’
/home/u12/darrenc/R/library_R_v4.2_new_ocelote/RcppEigen/include/Eigen/src/Core/PlainObjectBase.h:98:7:   required from ‘class Eigen::PlainObjectBase<Eigen::Matrix<float, -1, 1> >’
/home/u12/darrenc/R/library_R_v4.2_new_ocelote/RcppEigen/include/Eigen/src/Core/Matrix.h:178:7:   required from ‘class Eigen::Matrix<float, -1, 1>’
nabo.h:265:16:   required from ‘struct Nabo::NearestNeighbourSearch<float>’
nabo.cpp:162:18:   required from here
/home/u12/darrenc/R/library_R_v4.2_new_ocelote/RcppEigen/include/Eigen/src/Core/util/XprHelper.h:190:44: warning: ignoring attributes on template argument ‘Eigen::internal::packet_traits<float>::type’ {aka ‘__vector(4) float’} [-Wignored-attributes]
          bool Stop = Size==Dynamic || (Size%unpacket_traits<PacketType>::size)==0 || is_same<PacketType,typename unpacket_traits<PacketType>::half>::value>
                                       ~~~~~^~~~~~~~~~~~~~~~~~~~~~~~~~~~~~~~~~~
/home/u12/darrenc/R/library_R_v4.2_new_ocelote/RcppEigen/include/Eigen/src/Core/util/XprHelper.h:190:83: warning: ignoring attributes on template argument ‘Eigen::internal::packet_traits<float>::type’ {aka ‘__vector(4) float’} [-Wignored-attributes]
          bool Stop = Size==Dynamic || (Size%unpacket_traits<PacketType>::size)==0 || is_same<PacketType,typename unpacket_traits<PacketType>::half>::value>
                      ~~~~~~~~~~~~~~~~~~~~~~~~~~~~~~~~~~~~~~~~~~~~~~~~~~~~~~~~~~~~~^~~~~~~~~~~~~~~~~~~~~~~~~~~~~~~~~~~~~~~~~~~~~~~~~~~~~~~~~~~~~~~~~
/home/u12/darrenc/R/library_R_v4.2_new_ocelote/RcppEigen/include/Eigen/src/Core/util/XprHelper.h:190:83: warning: ignoring attributes on template argument ‘Eigen::internal::packet_traits<float>::type’ {aka ‘__vector(4) float’} [-Wignored-attributes]
/home/u12/darrenc/R/library_R_v4.2_new_ocelote/RcppEigen/include/Eigen/src/Core/util/XprHelper.h:190:83: warning: ignoring attributes on template argument ‘Eigen::internal::unpacket_traits<__vector(4) float>::half’ {aka ‘__vector(4) float’} [-Wignored-attributes]
/home/u12/darrenc/R/library_R_v4.2_new_ocelote/RcppEigen/include/Eigen/src/Core/util/XprHelper.h:208:88: warning: ignoring attributes on template argument ‘Eigen::internal::packet_traits<float>::type’ {aka ‘__vector(4) float’} [-Wignored-attributes]
   typedef typename find_best_packet_helper<Size,typename packet_traits<T>::type>::type type;
                                                                                        ^~~~
In file included from /home/u12/darrenc/R/library_R_v4.2_new_ocelote/RcppEigen/include/Eigen/Core:271,
                 from nabo.h:35,
                 from nabo.cpp:32:
/home/u12/darrenc/R/library_R_v4.2_new_ocelote/RcppEigen/include/Eigen/src/Core/DenseCoeffsBase.h: In instantiation of ‘class Eigen::DenseCoeffsBase<Eigen::Matrix<float, -1, 1>, 0>’:
/home/u12/darrenc/R/library_R_v4.2_new_ocelote/RcppEigen/include/Eigen/src/Core/DenseCoeffsBase.h:302:7:   required from ‘class Eigen::DenseCoeffsBase<Eigen::Matrix<float, -1, 1>, 1>’
/home/u12/darrenc/R/library_R_v4.2_new_ocelote/RcppEigen/include/Eigen/src/Core/DenseCoeffsBase.h:555:7:   required from ‘class Eigen::DenseCoeffsBase<Eigen::Matrix<float, -1, 1>, 3>’
/home/u12/darrenc/R/library_R_v4.2_new_ocelote/RcppEigen/include/Eigen/src/Core/DenseBase.h:41:34:   required from ‘class Eigen::DenseBase<Eigen::Matrix<float, -1, 1> >’
/home/u12/darrenc/R/library_R_v4.2_new_ocelote/RcppEigen/include/Eigen/src/Core/MatrixBase.h:48:34:   required from ‘class Eigen::MatrixBase<Eigen::Matrix<float, -1, 1> >’
/home/u12/darrenc/R/library_R_v4.2_new_ocelote/RcppEigen/include/Eigen/src/Core/PlainObjectBase.h:98:7:   required from ‘class Eigen::PlainObjectBase<Eigen::Matrix<float, -1, 1> >’
/home/u12/darrenc/R/library_R_v4.2_new_ocelote/RcppEigen/include/Eigen/src/Core/Matrix.h:178:7:   required from ‘class Eigen::Matrix<float, -1, 1>’
nabo.h:265:16:   required from ‘struct Nabo::NearestNeighbourSearch<float>’
nabo.cpp:162:18:   required from here
/home/u12/darrenc/R/library_R_v4.2_new_ocelote/RcppEigen/include/Eigen/src/Core/DenseCoeffsBase.h:56:30: warning: ignoring attributes on template argument ‘Eigen::internal::packet_traits<float>::type’ {aka ‘__vector(4) float’} [-Wignored-attributes]
                      >::type PacketReturnType;
                              ^~~~~~~~~~~~~~~~
In file included from /home/u12/darrenc/R/library_R_v4.2_new_ocelote/RcppEigen/include/Eigen/Core:165,
                 from nabo.h:35,
                 from nabo.cpp:32:
/home/u12/darrenc/R/library_R_v4.2_new_ocelote/RcppEigen/include/Eigen/src/Core/util/XprHelper.h: In instantiation of ‘struct Eigen::internal::find_best_packet<double, -1>’:
/home/u12/darrenc/R/library_R_v4.2_new_ocelote/RcppEigen/include/Eigen/src/Core/Matrix.h:22:57:   required from ‘struct Eigen::internal::traits<Eigen::Matrix<double, -1, 1> >’
/home/u12/darrenc/R/library_R_v4.2_new_ocelote/RcppEigen/include/Eigen/src/Core/PlainObjectBase.h:98:7:   required from ‘class Eigen::PlainObjectBase<Eigen::Matrix<double, -1, 1> >’
/home/u12/darrenc/R/library_R_v4.2_new_ocelote/RcppEigen/include/Eigen/src/Core/Matrix.h:178:7:   required from ‘class Eigen::Matrix<double, -1, 1>’
nabo.h:265:16:   required from ‘struct Nabo::NearestNeighbourSearch<double>’
nabo.cpp:163:18:   required from here
/home/u12/darrenc/R/library_R_v4.2_new_ocelote/RcppEigen/include/Eigen/src/Core/util/XprHelper.h:190:44: warning: ignoring attributes on template argument ‘Eigen::internal::packet_traits<double>::type’ {aka ‘__vector(2) double’} [-Wignored-attributes]
          bool Stop = Size==Dynamic || (Size%unpacket_traits<PacketType>::size)==0 || is_same<PacketType,typename unpacket_traits<PacketType>::half>::value>
                                       ~~~~~^~~~~~~~~~~~~~~~~~~~~~~~~~~~~~~~~~~
/home/u12/darrenc/R/library_R_v4.2_new_ocelote/RcppEigen/include/Eigen/src/Core/util/XprHelper.h:190:83: warning: ignoring attributes on template argument ‘Eigen::internal::packet_traits<double>::type’ {aka ‘__vector(2) double’} [-Wignored-attributes]
          bool Stop = Size==Dynamic || (Size%unpacket_traits<PacketType>::size)==0 || is_same<PacketType,typename unpacket_traits<PacketType>::half>::value>
                      ~~~~~~~~~~~~~~~~~~~~~~~~~~~~~~~~~~~~~~~~~~~~~~~~~~~~~~~~~~~~~^~~~~~~~~~~~~~~~~~~~~~~~~~~~~~~~~~~~~~~~~~~~~~~~~~~~~~~~~~~~~~~~~
/home/u12/darrenc/R/library_R_v4.2_new_ocelote/RcppEigen/include/Eigen/src/Core/util/XprHelper.h:190:83: warning: ignoring attributes on template argument ‘Eigen::internal::packet_traits<double>::type’ {aka ‘__vector(2) double’} [-Wignored-attributes]
/home/u12/darrenc/R/library_R_v4.2_new_ocelote/RcppEigen/include/Eigen/src/Core/util/XprHelper.h:190:83: warning: ignoring attributes on template argument ‘Eigen::internal::unpacket_traits<__vector(2) double>::half’ {aka ‘__vector(2) double’} [-Wignored-attributes]
/home/u12/darrenc/R/library_R_v4.2_new_ocelote/RcppEigen/include/Eigen/src/Core/util/XprHelper.h:208:88: warning: ignoring attributes on template argument ‘Eigen::internal::packet_traits<double>::type’ {aka ‘__vector(2) double’} [-Wignored-attributes]
   typedef typename find_best_packet_helper<Size,typename packet_traits<T>::type>::type type;
                                                                                        ^~~~
In file included from /home/u12/darrenc/R/library_R_v4.2_new_ocelote/RcppEigen/include/Eigen/Core:271,
                 from nabo.h:35,
                 from nabo.cpp:32:
/home/u12/darrenc/R/library_R_v4.2_new_ocelote/RcppEigen/include/Eigen/src/Core/DenseCoeffsBase.h: In instantiation of ‘class Eigen::DenseCoeffsBase<Eigen::Matrix<double, -1, 1>, 0>’:
/home/u12/darrenc/R/library_R_v4.2_new_ocelote/RcppEigen/include/Eigen/src/Core/DenseCoeffsBase.h:302:7:   required from ‘class Eigen::DenseCoeffsBase<Eigen::Matrix<double, -1, 1>, 1>’
/home/u12/darrenc/R/library_R_v4.2_new_ocelote/RcppEigen/include/Eigen/src/Core/DenseCoeffsBase.h:555:7:   required from ‘class Eigen::DenseCoeffsBase<Eigen::Matrix<double, -1, 1>, 3>’
/home/u12/darrenc/R/library_R_v4.2_new_ocelote/RcppEigen/include/Eigen/src/Core/DenseBase.h:41:34:   required from ‘class Eigen::DenseBase<Eigen::Matrix<double, -1, 1> >’
/home/u12/darrenc/R/library_R_v4.2_new_ocelote/RcppEigen/include/Eigen/src/Core/MatrixBase.h:48:34:   required from ‘class Eigen::MatrixBase<Eigen::Matrix<double, -1, 1> >’
/home/u12/darrenc/R/library_R_v4.2_new_ocelote/RcppEigen/include/Eigen/src/Core/PlainObjectBase.h:98:7:   required from ‘class Eigen::PlainObjectBase<Eigen::Matrix<double, -1, 1> >’
/home/u12/darrenc/R/library_R_v4.2_new_ocelote/RcppEigen/include/Eigen/src/Core/Matrix.h:178:7:   required from ‘class Eigen::Matrix<double, -1, 1>’
nabo.h:265:16:   required from ‘struct Nabo::NearestNeighbourSearch<double>’
nabo.cpp:163:18:   required from here
/home/u12/darrenc/R/library_R_v4.2_new_ocelote/RcppEigen/include/Eigen/src/Core/DenseCoeffsBase.h:56:30: warning: ignoring attributes on template argument ‘Eigen::internal::packet_traits<double>::type’ {aka ‘__vector(2) double’} [-Wignored-attributes]
                      >::type PacketReturnType;
                              ^~~~~~~~~~~~~~~~
/home/u12/darrenc/R/library_R_v4.2_new_ocelote/RcppEigen/include/Eigen/src/Core/DenseCoeffsBase.h: In instantiation of ‘class Eigen::DenseCoeffsBase<Eigen::Matrix<float, -1, -1>, 0>’:
/home/u12/darrenc/R/library_R_v4.2_new_ocelote/RcppEigen/include/Eigen/src/Core/DenseCoeffsBase.h:302:7:   required from ‘class Eigen::DenseCoeffsBase<Eigen::Matrix<float, -1, -1>, 1>’
/home/u12/darrenc/R/library_R_v4.2_new_ocelote/RcppEigen/include/Eigen/src/Core/DenseCoeffsBase.h:555:7:   required from ‘class Eigen::DenseCoeffsBase<Eigen::Matrix<float, -1, -1>, 3>’
/home/u12/darrenc/R/library_R_v4.2_new_ocelote/RcppEigen/include/Eigen/src/Core/DenseBase.h:41:34:   required from ‘class Eigen::DenseBase<Eigen::Matrix<float, -1, -1> >’
/home/u12/darrenc/R/library_R_v4.2_new_ocelote/RcppEigen/include/Eigen/src/Core/MatrixBase.h:48:34:   required from ‘class Eigen::MatrixBase<Eigen::Matrix<float, -1, -1> >’
/home/u12/darrenc/R/library_R_v4.2_new_ocelote/RcppEigen/include/Eigen/src/Core/PlainObjectBase.h:98:7:   required from ‘class Eigen::PlainObjectBase<Eigen::Matrix<float, -1, -1> >’
/home/u12/darrenc/R/library_R_v4.2_new_ocelote/RcppEigen/include/Eigen/src/Core/Matrix.h:178:7:   required from ‘class Eigen::Matrix<float, -1, -1>’
/home/u12/darrenc/R/library_R_v4.2_new_ocelote/RcppEigen/include/Eigen/src/Core/Map.h:24:30:   required from ‘struct Eigen::internal::traits<Eigen::Map<const Eigen::Matrix<float, -1, -1>, 0, Eigen::Stride<0, 0> > >’
/home/u12/darrenc/R/library_R_v4.2_new_ocelote/RcppEigen/include/Eigen/src/Core/util/ForwardDeclarations.h:32:54:   required from ‘struct Eigen::internal::accessors_level<Eigen::Map<const Eigen::Matrix<float, -1, -1>, 0, Eigen::Stride<0, 0> > >’
/home/u12/darrenc/R/library_R_v4.2_new_ocelote/RcppEigen/include/Eigen/src/Core/util/ForwardDeclarations.h:111:75:   required from ‘class Eigen::Map<const Eigen::Matrix<float, -1, -1>, 0, Eigen::Stride<0, 0> >’
nabo.cpp:67:34:   required from ‘long unsigned int Nabo::NearestNeighbourSearch<T>::knn(const Vector&, Nabo::NearestNeighbourSearch<T>::IndexVector&, Nabo::NearestNeighbourSearch<T>::Vector&, Nabo::NearestNeighbourSearch<T>::Index, T, unsigned int, T) const [with T = float; Nabo::NearestNeighbourSearch<T>::Vector = Eigen::Matrix<float, -1, 1>; Nabo::NearestNeighbourSearch<T>::IndexVector = Eigen::Matrix<int, -1, 1>; Nabo::NearestNeighbourSearch<T>::Index = int]’
nabo.cpp:162:18:   required from here
/home/u12/darrenc/R/library_R_v4.2_new_ocelote/RcppEigen/include/Eigen/src/Core/DenseCoeffsBase.h:56:30: warning: ignoring attributes on template argument ‘Eigen::internal::packet_traits<float>::type’ {aka ‘__vector(4) float’} [-Wignored-attributes]
/home/u12/darrenc/R/library_R_v4.2_new_ocelote/RcppEigen/include/Eigen/src/Core/DenseCoeffsBase.h: In instantiation of ‘class Eigen::DenseCoeffsBase<Eigen::Map<const Eigen::Matrix<float, -1, -1>, 0, Eigen::Stride<0, 0> >, 0>’:
/home/u12/darrenc/R/library_R_v4.2_new_ocelote/RcppEigen/include/Eigen/src/Core/DenseCoeffsBase.h:481:7:   required from ‘class Eigen::DenseCoeffsBase<Eigen::Map<const Eigen::Matrix<float, -1, -1>, 0, Eigen::Stride<0, 0> >, 2>’
/home/u12/darrenc/R/library_R_v4.2_new_ocelote/RcppEigen/include/Eigen/src/Core/DenseBase.h:41:34:   required from ‘class Eigen::DenseBase<Eigen::Map<const Eigen::Matrix<float, -1, -1>, 0, Eigen::Stride<0, 0> > >’
/home/u12/darrenc/R/library_R_v4.2_new_ocelote/RcppEigen/include/Eigen/src/Core/MatrixBase.h:48:34:   required from ‘class Eigen::MatrixBase<Eigen::Map<const Eigen::Matrix<float, -1, -1>, 0, Eigen::Stride<0, 0> > >’
/home/u12/darrenc/R/library_R_v4.2_new_ocelote/RcppEigen/include/Eigen/src/Core/MapBase.h:37:34:   required from ‘class Eigen::MapBase<Eigen::Map<const Eigen::Matrix<float, -1, -1>, 0, Eigen::Stride<0, 0> >, 0>’
/home/u12/darrenc/R/library_R_v4.2_new_ocelote/RcppEigen/include/Eigen/src/Core/Map.h:94:79:   required from ‘class Eigen::Map<const Eigen::Matrix<float, -1, -1>, 0, Eigen::Stride<0, 0> >’
nabo.cpp:67:34:   required from ‘long unsigned int Nabo::NearestNeighbourSearch<T>::knn(const Vector&, Nabo::NearestNeighbourSearch<T>::IndexVector&, Nabo::NearestNeighbourSearch<T>::Vector&, Nabo::NearestNeighbourSearch<T>::Index, T, unsigned int, T) const [with T = float; Nabo::NearestNeighbourSearch<T>::Vector = Eigen::Matrix<float, -1, 1>; Nabo::NearestNeighbourSearch<T>::IndexVector = Eigen::Matrix<int, -1, 1>; Nabo::NearestNeighbourSearch<T>::Index = int]’
nabo.cpp:162:18:   required from here
/home/u12/darrenc/R/library_R_v4.2_new_ocelote/RcppEigen/include/Eigen/src/Core/DenseCoeffsBase.h:56:30: warning: ignoring attributes on template argument ‘Eigen::internal::packet_traits<float>::type’ {aka ‘__vector(4) float’} [-Wignored-attributes]
/home/u12/darrenc/R/library_R_v4.2_new_ocelote/RcppEigen/include/Eigen/src/Core/DenseCoeffsBase.h: In instantiation of ‘class Eigen::DenseCoeffsBase<Eigen::Block<Eigen::Matrix<float, -1, -1>, -1, 1, true>, 0>’:
/home/u12/darrenc/R/library_R_v4.2_new_ocelote/RcppEigen/include/Eigen/src/Core/DenseCoeffsBase.h:302:7:   required from ‘class Eigen::DenseCoeffsBase<Eigen::Block<Eigen::Matrix<float, -1, -1>, -1, 1, true>, 1>’
/home/u12/darrenc/R/library_R_v4.2_new_ocelote/RcppEigen/include/Eigen/src/Core/DenseCoeffsBase.h:555:7:   required from ‘class Eigen::DenseCoeffsBase<Eigen::Block<Eigen::Matrix<float, -1, -1>, -1, 1, true>, 3>’
/home/u12/darrenc/R/library_R_v4.2_new_ocelote/RcppEigen/include/Eigen/src/Core/DenseBase.h:41:34:   required from ‘class Eigen::DenseBase<Eigen::Block<Eigen::Matrix<float, -1, -1>, -1, 1, true> >’
/home/u12/darrenc/R/library_R_v4.2_new_ocelote/RcppEigen/include/Eigen/src/Core/MatrixBase.h:48:34:   required from ‘class Eigen::MatrixBase<Eigen::Block<Eigen::Matrix<float, -1, -1>, -1, 1, true> >’
/home/u12/darrenc/R/library_R_v4.2_new_ocelote/RcppEigen/include/Eigen/src/Core/MapBase.h:37:34:   required from ‘class Eigen::MapBase<Eigen::Block<Eigen::Matrix<float, -1, -1>, -1, 1, true>, 0>’
/home/u12/darrenc/R/library_R_v4.2_new_ocelote/RcppEigen/include/Eigen/src/Core/MapBase.h:223:34:   required from ‘class Eigen::MapBase<Eigen::Block<Eigen::Matrix<float, -1, -1>, -1, 1, true>, 1>’
/home/u12/darrenc/R/library_R_v4.2_new_ocelote/RcppEigen/include/Eigen/src/Core/Block.h:329:7:   required from ‘class Eigen::internal::BlockImpl_dense<Eigen::Matrix<float, -1, -1>, -1, 1, true, true>’
/home/u12/darrenc/R/library_R_v4.2_new_ocelote/RcppEigen/include/Eigen/src/Core/Block.h:154:7:   required from ‘class Eigen::BlockImpl<Eigen::Matrix<float, -1, -1>, -1, 1, true, Eigen::Dense>’
/home/u12/darrenc/R/library_R_v4.2_new_ocelote/RcppEigen/include/Eigen/src/Core/Block.h:103:81:   required from ‘class Eigen::Block<Eigen::Matrix<float, -1, -1>, -1, 1, true>’
nabo.cpp:79:10:   required from ‘long unsigned int Nabo::NearestNeighbourSearch<T>::knn(const Vector&, Nabo::NearestNeighbourSearch<T>::IndexVector&, Nabo::NearestNeighbourSearch<T>::Vector&, Nabo::NearestNeighbourSearch<T>::Index, T, unsigned int, T) const [with T = float; Nabo::NearestNeighbourSearch<T>::Vector = Eigen::Matrix<float, -1, 1>; Nabo::NearestNeighbourSearch<T>::IndexVector = Eigen::Matrix<int, -1, 1>; Nabo::NearestNeighbourSearch<T>::Index = int]’
nabo.cpp:162:18:   required from here
/home/u12/darrenc/R/library_R_v4.2_new_ocelote/RcppEigen/include/Eigen/src/Core/DenseCoeffsBase.h:56:30: warning: ignoring attributes on template argument ‘Eigen::internal::packet_traits<float>::type’ {aka ‘__vector(4) float’} [-Wignored-attributes]
/home/u12/darrenc/R/library_R_v4.2_new_ocelote/RcppEigen/include/Eigen/src/Core/DenseCoeffsBase.h: In instantiation of ‘class Eigen::DenseCoeffsBase<Eigen::CwiseNullaryOp<Eigen::internal::scalar_constant_op<float>, Eigen::Matrix<float, -1, 1> >, 0>’:
/home/u12/darrenc/R/library_R_v4.2_new_ocelote/RcppEigen/include/Eigen/src/Core/DenseBase.h:41:34:   required from ‘class Eigen::DenseBase<Eigen::CwiseNullaryOp<Eigen::internal::scalar_constant_op<float>, Eigen::Matrix<float, -1, 1> > >’
/home/u12/darrenc/R/library_R_v4.2_new_ocelote/RcppEigen/include/Eigen/src/Core/MatrixBase.h:48:34:   required from ‘class Eigen::MatrixBase<Eigen::CwiseNullaryOp<Eigen::internal::scalar_constant_op<float>, Eigen::Matrix<float, -1, 1> > >’
/home/u12/darrenc/R/library_R_v4.2_new_ocelote/RcppEigen/include/Eigen/src/Core/CwiseNullaryOp.h:60:7:   required from ‘class Eigen::CwiseNullaryOp<Eigen::internal::scalar_constant_op<float>, Eigen::Matrix<float, -1, 1> >’
nabo.cpp:54:28:   required from ‘Nabo::NearestNeighbourSearch<T>::NearestNeighbourSearch(const Matrix&, Nabo::NearestNeighbourSearch<T>::Index, unsigned int) [with T = float; Nabo::NearestNeighbourSearch<T>::Matrix = Eigen::Matrix<float, -1, -1>; Nabo::NearestNeighbourSearch<T>::Index = int]’
nabo.cpp:162:18:   required from here
/home/u12/darrenc/R/library_R_v4.2_new_ocelote/RcppEigen/include/Eigen/src/Core/DenseCoeffsBase.h:56:30: warning: ignoring attributes on template argument ‘Eigen::internal::packet_traits<float>::type’ {aka ‘__vector(4) float’} [-Wignored-attributes]
/home/u12/darrenc/R/library_R_v4.2_new_ocelote/RcppEigen/include/Eigen/src/Core/DenseCoeffsBase.h: In instantiation of ‘class Eigen::DenseCoeffsBase<Eigen::Matrix<double, -1, -1>, 0>’:
/home/u12/darrenc/R/library_R_v4.2_new_ocelote/RcppEigen/include/Eigen/src/Core/DenseCoeffsBase.h:302:7:   required from ‘class Eigen::DenseCoeffsBase<Eigen::Matrix<double, -1, -1>, 1>’
/home/u12/darrenc/R/library_R_v4.2_new_ocelote/RcppEigen/include/Eigen/src/Core/DenseCoeffsBase.h:555:7:   required from ‘class Eigen::DenseCoeffsBase<Eigen::Matrix<double, -1, -1>, 3>’
/home/u12/darrenc/R/library_R_v4.2_new_ocelote/RcppEigen/include/Eigen/src/Core/DenseBase.h:41:34:   required from ‘class Eigen::DenseBase<Eigen::Matrix<double, -1, -1> >’
/home/u12/darrenc/R/library_R_v4.2_new_ocelote/RcppEigen/include/Eigen/src/Core/MatrixBase.h:48:34:   required from ‘class Eigen::MatrixBase<Eigen::Matrix<double, -1, -1> >’
/home/u12/darrenc/R/library_R_v4.2_new_ocelote/RcppEigen/include/Eigen/src/Core/PlainObjectBase.h:98:7:   required from ‘class Eigen::PlainObjectBase<Eigen::Matrix<double, -1, -1> >’
/home/u12/darrenc/R/library_R_v4.2_new_ocelote/RcppEigen/include/Eigen/src/Core/Matrix.h:178:7:   required from ‘class Eigen::Matrix<double, -1, -1>’
/home/u12/darrenc/R/library_R_v4.2_new_ocelote/RcppEigen/include/Eigen/src/Core/Map.h:24:30:   required from ‘struct Eigen::internal::traits<Eigen::Map<const Eigen::Matrix<double, -1, -1>, 0, Eigen::Stride<0, 0> > >’
/home/u12/darrenc/R/library_R_v4.2_new_ocelote/RcppEigen/include/Eigen/src/Core/util/ForwardDeclarations.h:32:54:   required from ‘struct Eigen::internal::accessors_level<Eigen::Map<const Eigen::Matrix<double, -1, -1>, 0, Eigen::Stride<0, 0> > >’
/home/u12/darrenc/R/library_R_v4.2_new_ocelote/RcppEigen/include/Eigen/src/Core/util/ForwardDeclarations.h:111:75:   required from ‘class Eigen::Map<const Eigen::Matrix<double, -1, -1>, 0, Eigen::Stride<0, 0> >’
nabo.cpp:67:34:   required from ‘long unsigned int Nabo::NearestNeighbourSearch<T>::knn(const Vector&, Nabo::NearestNeighbourSearch<T>::IndexVector&, Nabo::NearestNeighbourSearch<T>::Vector&, Nabo::NearestNeighbourSearch<T>::Index, T, unsigned int, T) const [with T = double; Nabo::NearestNeighbourSearch<T>::Vector = Eigen::Matrix<double, -1, 1>; Nabo::NearestNeighbourSearch<T>::IndexVector = Eigen::Matrix<int, -1, 1>; Nabo::NearestNeighbourSearch<T>::Index = int]’
nabo.cpp:163:18:   required from here
/home/u12/darrenc/R/library_R_v4.2_new_ocelote/RcppEigen/include/Eigen/src/Core/DenseCoeffsBase.h:56:30: warning: ignoring attributes on template argument ‘Eigen::internal::packet_traits<double>::type’ {aka ‘__vector(2) double’} [-Wignored-attributes]
/home/u12/darrenc/R/library_R_v4.2_new_ocelote/RcppEigen/include/Eigen/src/Core/DenseCoeffsBase.h: In instantiation of ‘class Eigen::DenseCoeffsBase<Eigen::Map<const Eigen::Matrix<double, -1, -1>, 0, Eigen::Stride<0, 0> >, 0>’:
/home/u12/darrenc/R/library_R_v4.2_new_ocelote/RcppEigen/include/Eigen/src/Core/DenseCoeffsBase.h:481:7:   required from ‘class Eigen::DenseCoeffsBase<Eigen::Map<const Eigen::Matrix<double, -1, -1>, 0, Eigen::Stride<0, 0> >, 2>’
/home/u12/darrenc/R/library_R_v4.2_new_ocelote/RcppEigen/include/Eigen/src/Core/DenseBase.h:41:34:   required from ‘class Eigen::DenseBase<Eigen::Map<const Eigen::Matrix<double, -1, -1>, 0, Eigen::Stride<0, 0> > >’
/home/u12/darrenc/R/library_R_v4.2_new_ocelote/RcppEigen/include/Eigen/src/Core/MatrixBase.h:48:34:   required from ‘class Eigen::MatrixBase<Eigen::Map<const Eigen::Matrix<double, -1, -1>, 0, Eigen::Stride<0, 0> > >’
/home/u12/darrenc/R/library_R_v4.2_new_ocelote/RcppEigen/include/Eigen/src/Core/MapBase.h:37:34:   required from ‘class Eigen::MapBase<Eigen::Map<const Eigen::Matrix<double, -1, -1>, 0, Eigen::Stride<0, 0> >, 0>’
/home/u12/darrenc/R/library_R_v4.2_new_ocelote/RcppEigen/include/Eigen/src/Core/Map.h:94:79:   required from ‘class Eigen::Map<const Eigen::Matrix<double, -1, -1>, 0, Eigen::Stride<0, 0> >’
nabo.cpp:67:34:   required from ‘long unsigned int Nabo::NearestNeighbourSearch<T>::knn(const Vector&, Nabo::NearestNeighbourSearch<T>::IndexVector&, Nabo::NearestNeighbourSearch<T>::Vector&, Nabo::NearestNeighbourSearch<T>::Index, T, unsigned int, T) const [with T = double; Nabo::NearestNeighbourSearch<T>::Vector = Eigen::Matrix<double, -1, 1>; Nabo::NearestNeighbourSearch<T>::IndexVector = Eigen::Matrix<int, -1, 1>; Nabo::NearestNeighbourSearch<T>::Index = int]’
nabo.cpp:163:18:   required from here
/home/u12/darrenc/R/library_R_v4.2_new_ocelote/RcppEigen/include/Eigen/src/Core/DenseCoeffsBase.h:56:30: warning: ignoring attributes on template argument ‘Eigen::internal::packet_traits<double>::type’ {aka ‘__vector(2) double’} [-Wignored-attributes]
/home/u12/darrenc/R/library_R_v4.2_new_ocelote/RcppEigen/include/Eigen/src/Core/DenseCoeffsBase.h: In instantiation of ‘class Eigen::DenseCoeffsBase<Eigen::Block<Eigen::Matrix<double, -1, -1>, -1, 1, true>, 0>’:
/home/u12/darrenc/R/library_R_v4.2_new_ocelote/RcppEigen/include/Eigen/src/Core/DenseCoeffsBase.h:302:7:   required from ‘class Eigen::DenseCoeffsBase<Eigen::Block<Eigen::Matrix<double, -1, -1>, -1, 1, true>, 1>’
/home/u12/darrenc/R/library_R_v4.2_new_ocelote/RcppEigen/include/Eigen/src/Core/DenseCoeffsBase.h:555:7:   required from ‘class Eigen::DenseCoeffsBase<Eigen::Block<Eigen::Matrix<double, -1, -1>, -1, 1, true>, 3>’
/home/u12/darrenc/R/library_R_v4.2_new_ocelote/RcppEigen/include/Eigen/src/Core/DenseBase.h:41:34:   required from ‘class Eigen::DenseBase<Eigen::Block<Eigen::Matrix<double, -1, -1>, -1, 1, true> >’
/home/u12/darrenc/R/library_R_v4.2_new_ocelote/RcppEigen/include/Eigen/src/Core/MatrixBase.h:48:34:   required from ‘class Eigen::MatrixBase<Eigen::Block<Eigen::Matrix<double, -1, -1>, -1, 1, true> >’
/home/u12/darrenc/R/library_R_v4.2_new_ocelote/RcppEigen/include/Eigen/src/Core/MapBase.h:37:34:   required from ‘class Eigen::MapBase<Eigen::Block<Eigen::Matrix<double, -1, -1>, -1, 1, true>, 0>’
/home/u12/darrenc/R/library_R_v4.2_new_ocelote/RcppEigen/include/Eigen/src/Core/MapBase.h:223:34:   required from ‘class Eigen::MapBase<Eigen::Block<Eigen::Matrix<double, -1, -1>, -1, 1, true>, 1>’
/home/u12/darrenc/R/library_R_v4.2_new_ocelote/RcppEigen/include/Eigen/src/Core/Block.h:329:7:   required from ‘class Eigen::internal::BlockImpl_dense<Eigen::Matrix<double, -1, -1>, -1, 1, true, true>’
/home/u12/darrenc/R/library_R_v4.2_new_ocelote/RcppEigen/include/Eigen/src/Core/Block.h:154:7:   required from ‘class Eigen::BlockImpl<Eigen::Matrix<double, -1, -1>, -1, 1, true, Eigen::Dense>’
/home/u12/darrenc/R/library_R_v4.2_new_ocelote/RcppEigen/include/Eigen/src/Core/Block.h:103:81:   required from ‘class Eigen::Block<Eigen::Matrix<double, -1, -1>, -1, 1, true>’
nabo.cpp:79:10:   required from ‘long unsigned int Nabo::NearestNeighbourSearch<T>::knn(const Vector&, Nabo::NearestNeighbourSearch<T>::IndexVector&, Nabo::NearestNeighbourSearch<T>::Vector&, Nabo::NearestNeighbourSearch<T>::Index, T, unsigned int, T) const [with T = double; Nabo::NearestNeighbourSearch<T>::Vector = Eigen::Matrix<double, -1, 1>; Nabo::NearestNeighbourSearch<T>::IndexVector = Eigen::Matrix<int, -1, 1>; Nabo::NearestNeighbourSearch<T>::Index = int]’
nabo.cpp:163:18:   required from here
/home/u12/darrenc/R/library_R_v4.2_new_ocelote/RcppEigen/include/Eigen/src/Core/DenseCoeffsBase.h:56:30: warning: ignoring attributes on template argument ‘Eigen::internal::packet_traits<double>::type’ {aka ‘__vector(2) double’} [-Wignored-attributes]
/home/u12/darrenc/R/library_R_v4.2_new_ocelote/RcppEigen/include/Eigen/src/Core/DenseCoeffsBase.h: In instantiation of ‘class Eigen::DenseCoeffsBase<Eigen::CwiseNullaryOp<Eigen::internal::scalar_constant_op<double>, Eigen::Matrix<double, -1, 1> >, 0>’:
/home/u12/darrenc/R/library_R_v4.2_new_ocelote/RcppEigen/include/Eigen/src/Core/DenseBase.h:41:34:   required from ‘class Eigen::DenseBase<Eigen::CwiseNullaryOp<Eigen::internal::scalar_constant_op<double>, Eigen::Matrix<double, -1, 1> > >’
/home/u12/darrenc/R/library_R_v4.2_new_ocelote/RcppEigen/include/Eigen/src/Core/MatrixBase.h:48:34:   required from ‘class Eigen::MatrixBase<Eigen::CwiseNullaryOp<Eigen::internal::scalar_constant_op<double>, Eigen::Matrix<double, -1, 1> > >’
/home/u12/darrenc/R/library_R_v4.2_new_ocelote/RcppEigen/include/Eigen/src/Core/CwiseNullaryOp.h:60:7:   required from ‘class Eigen::CwiseNullaryOp<Eigen::internal::scalar_constant_op<double>, Eigen::Matrix<double, -1, 1> >’
nabo.cpp:54:28:   required from ‘Nabo::NearestNeighbourSearch<T>::NearestNeighbourSearch(const Matrix&, Nabo::NearestNeighbourSearch<T>::Index, unsigned int) [with T = double; Nabo::NearestNeighbourSearch<T>::Matrix = Eigen::Matrix<double, -1, -1>; Nabo::NearestNeighbourSearch<T>::Index = int]’
nabo.cpp:163:18:   required from here
/home/u12/darrenc/R/library_R_v4.2_new_ocelote/RcppEigen/include/Eigen/src/Core/DenseCoeffsBase.h:56:30: warning: ignoring attributes on template argument ‘Eigen::internal::packet_traits<double>::type’ {aka ‘__vector(2) double’} [-Wignored-attributes]
In file included from /home/u12/darrenc/R/library_R_v4.2_new_ocelote/RcppEigen/include/Eigen/Core:277,
                 from nabo.h:35,
                 from nabo.cpp:32:
/home/u12/darrenc/R/library_R_v4.2_new_ocelote/RcppEigen/include/Eigen/src/Core/CoreEvaluators.h: In instantiation of ‘struct Eigen::internal::evaluator<Eigen::Block<Eigen::Matrix<float, -1, -1>, -1, 1, true> >’:
/home/u12/darrenc/R/library_R_v4.2_new_ocelote/RcppEigen/include/Eigen/src/Core/AssignEvaluator.h:774:20:   required from ‘void Eigen::internal::call_dense_assignment_loop(DstXprType&, const SrcXprType&, const Functor&) [with DstXprType = Eigen::Matrix<float, -1, 1>; SrcXprType = Eigen::Block<Eigen::Matrix<float, -1, -1>, -1, 1, true>; Functor = Eigen::internal::assign_op<float, float>]’
/home/u12/darrenc/R/library_R_v4.2_new_ocelote/RcppEigen/include/Eigen/src/Core/AssignEvaluator.h:954:31:   required from ‘static void Eigen::internal::Assignment<DstXprType, SrcXprType, Functor, Eigen::internal::Dense2Dense, Weak>::run(DstXprType&, const SrcXprType&, const Functor&) [with DstXprType = Eigen::Matrix<float, -1, 1>; SrcXprType = Eigen::Block<Eigen::Matrix<float, -1, -1>, -1, 1, true>; Functor = Eigen::internal::assign_op<float, float>; Weak = void]’
/home/u12/darrenc/R/library_R_v4.2_new_ocelote/RcppEigen/include/Eigen/src/Core/AssignEvaluator.h:890:49:   required from ‘void Eigen::internal::call_assignment_no_alias(Dst&, const Src&, const Func&) [with Dst = Eigen::Matrix<float, -1, 1>; Src = Eigen::Block<Eigen::Matrix<float, -1, -1>, -1, 1, true>; Func = Eigen::internal::assign_op<float, float>]’
/home/u12/darrenc/R/library_R_v4.2_new_ocelote/RcppEigen/include/Eigen/src/Core/AssignEvaluator.h:858:27:   required from ‘void Eigen::internal::call_assignment(Dst&, const Src&, const Func&, typename Eigen::internal::enable_if<(! Eigen::internal::evaluator_assume_aliasing<Src>::value), void*>::type) [with Dst = Eigen::Matrix<float, -1, 1>; Src = Eigen::Block<Eigen::Matrix<float, -1, -1>, -1, 1, true>; Func = Eigen::internal::assign_op<float, float>; typename Eigen::internal::enable_if<(! Eigen::internal::evaluator_assume_aliasing<Src>::value), void*>::type = void*]’
/home/u12/darrenc/R/library_R_v4.2_new_ocelote/RcppEigen/include/Eigen/src/Core/AssignEvaluator.h:836:18:   required from ‘void Eigen::internal::call_assignment(Dst&, const Src&) [with Dst = Eigen::Matrix<float, -1, 1>; Src = Eigen::Block<Eigen::Matrix<float, -1, -1>, -1, 1, true>]’
/home/u12/darrenc/R/library_R_v4.2_new_ocelote/RcppEigen/include/Eigen/src/Core/PlainObjectBase.h:779:32:   required from ‘Derived& Eigen::PlainObjectBase<Derived>::_set(const Eigen::DenseBase<OtherDerived>&) [with OtherDerived = Eigen::Block<Eigen::Matrix<float, -1, -1>, -1, 1, true>; Derived = Eigen::Matrix<float, -1, 1>]’
/home/u12/darrenc/R/library_R_v4.2_new_ocelote/RcppEigen/include/Eigen/src/Core/Matrix.h:225:24:   required from ‘Eigen::Matrix<_Scalar, _Rows, _Cols, _Options, _MaxRows, _MaxCols>& Eigen::Matrix<_Scalar, _Rows, _Cols, _Options, _MaxRows, _MaxCols>::operator=(const Eigen::DenseBase<OtherDerived>&) [with OtherDerived = Eigen::Block<Eigen::Matrix<float, -1, -1>, -1, 1, true>; _Scalar = float; int _Rows = -1; int _Cols = 1; int _Options = 0; int _MaxRows = -1; int _MaxCols = 1]’
nabo.cpp:79:10:   required from ‘long unsigned int Nabo::NearestNeighbourSearch<T>::knn(const Vector&, Nabo::NearestNeighbourSearch<T>::IndexVector&, Nabo::NearestNeighbourSearch<T>::Vector&, Nabo::NearestNeighbourSearch<T>::Index, T, unsigned int, T) const [with T = float; Nabo::NearestNeighbourSearch<T>::Vector = Eigen::Matrix<float, -1, 1>; Nabo::NearestNeighbourSearch<T>::IndexVector = Eigen::Matrix<int, -1, 1>; Nabo::NearestNeighbourSearch<T>::Index = int]’
nabo.cpp:162:18:   required from here
/home/u12/darrenc/R/library_R_v4.2_new_ocelote/RcppEigen/include/Eigen/src/Core/CoreEvaluators.h:1042:8: warning: ignoring attributes on template argument ‘Eigen::internal::packet_traits<float>::type’ {aka ‘__vector(4) float’} [-Wignored-attributes]
   enum {
        ^
/home/u12/darrenc/R/library_R_v4.2_new_ocelote/RcppEigen/include/Eigen/src/Core/CoreEvaluators.h: In instantiation of ‘struct Eigen::internal::evaluator<Eigen::Block<Eigen::Matrix<double, -1, -1>, -1, 1, true> >’:
/home/u12/darrenc/R/library_R_v4.2_new_ocelote/RcppEigen/include/Eigen/src/Core/AssignEvaluator.h:774:20:   required from ‘void Eigen::internal::call_dense_assignment_loop(DstXprType&, const SrcXprType&, const Functor&) [with DstXprType = Eigen::Matrix<double, -1, 1>; SrcXprType = Eigen::Block<Eigen::Matrix<double, -1, -1>, -1, 1, true>; Functor = Eigen::internal::assign_op<double, double>]’
/home/u12/darrenc/R/library_R_v4.2_new_ocelote/RcppEigen/include/Eigen/src/Core/AssignEvaluator.h:954:31:   required from ‘static void Eigen::internal::Assignment<DstXprType, SrcXprType, Functor, Eigen::internal::Dense2Dense, Weak>::run(DstXprType&, const SrcXprType&, const Functor&) [with DstXprType = Eigen::Matrix<double, -1, 1>; SrcXprType = Eigen::Block<Eigen::Matrix<double, -1, -1>, -1, 1, true>; Functor = Eigen::internal::assign_op<double, double>; Weak = void]’
/home/u12/darrenc/R/library_R_v4.2_new_ocelote/RcppEigen/include/Eigen/src/Core/AssignEvaluator.h:890:49:   required from ‘void Eigen::internal::call_assignment_no_alias(Dst&, const Src&, const Func&) [with Dst = Eigen::Matrix<double, -1, 1>; Src = Eigen::Block<Eigen::Matrix<double, -1, -1>, -1, 1, true>; Func = Eigen::internal::assign_op<double, double>]’
/home/u12/darrenc/R/library_R_v4.2_new_ocelote/RcppEigen/include/Eigen/src/Core/AssignEvaluator.h:858:27:   required from ‘void Eigen::internal::call_assignment(Dst&, const Src&, const Func&, typename Eigen::internal::enable_if<(! Eigen::internal::evaluator_assume_aliasing<Src>::value), void*>::type) [with Dst = Eigen::Matrix<double, -1, 1>; Src = Eigen::Block<Eigen::Matrix<double, -1, -1>, -1, 1, true>; Func = Eigen::internal::assign_op<double, double>; typename Eigen::internal::enable_if<(! Eigen::internal::evaluator_assume_aliasing<Src>::value), void*>::type = void*]’
/home/u12/darrenc/R/library_R_v4.2_new_ocelote/RcppEigen/include/Eigen/src/Core/AssignEvaluator.h:836:18:   required from ‘void Eigen::internal::call_assignment(Dst&, const Src&) [with Dst = Eigen::Matrix<double, -1, 1>; Src = Eigen::Block<Eigen::Matrix<double, -1, -1>, -1, 1, true>]’
/home/u12/darrenc/R/library_R_v4.2_new_ocelote/RcppEigen/include/Eigen/src/Core/PlainObjectBase.h:779:32:   required from ‘Derived& Eigen::PlainObjectBase<Derived>::_set(const Eigen::DenseBase<OtherDerived>&) [with OtherDerived = Eigen::Block<Eigen::Matrix<double, -1, -1>, -1, 1, true>; Derived = Eigen::Matrix<double, -1, 1>]’
/home/u12/darrenc/R/library_R_v4.2_new_ocelote/RcppEigen/include/Eigen/src/Core/Matrix.h:225:24:   required from ‘Eigen::Matrix<_Scalar, _Rows, _Cols, _Options, _MaxRows, _MaxCols>& Eigen::Matrix<_Scalar, _Rows, _Cols, _Options, _MaxRows, _MaxCols>::operator=(const Eigen::DenseBase<OtherDerived>&) [with OtherDerived = Eigen::Block<Eigen::Matrix<double, -1, -1>, -1, 1, true>; _Scalar = double; int _Rows = -1; int _Cols = 1; int _Options = 0; int _MaxRows = -1; int _MaxCols = 1]’
nabo.cpp:79:10:   required from ‘long unsigned int Nabo::NearestNeighbourSearch<T>::knn(const Vector&, Nabo::NearestNeighbourSearch<T>::IndexVector&, Nabo::NearestNeighbourSearch<T>::Vector&, Nabo::NearestNeighbourSearch<T>::Index, T, unsigned int, T) const [with T = double; Nabo::NearestNeighbourSearch<T>::Vector = Eigen::Matrix<double, -1, 1>; Nabo::NearestNeighbourSearch<T>::IndexVector = Eigen::Matrix<int, -1, 1>; Nabo::NearestNeighbourSearch<T>::Index = int]’
nabo.cpp:163:18:   required from here
/home/u12/darrenc/R/library_R_v4.2_new_ocelote/RcppEigen/include/Eigen/src/Core/CoreEvaluators.h:1042:8: warning: ignoring attributes on template argument ‘Eigen::internal::packet_traits<double>::type’ {aka ‘__vector(2) double’} [-Wignored-attributes]
g++ -std=gnu++14 -I"/opt/ohpc/pub/apps/R/4.2.2/lib64/R/include" -DNDEBUG -I. -I'/home/u12/darrenc/R/library_R_v4.2_new_ocelote/Rcpp/include' -I'/home/u12/darrenc/R/library_R_v4.2_new_ocelote/RcppEigen/include' -I'/home/u12/darrenc/R/library_R_v4.2_new_ocelote/BH/include' -I/usr/local/include   -fpic  -g -O2  -c nabor.cpp -o nabor.o
In file included from /home/u12/darrenc/R/library_R_v4.2_new_ocelote/RcppEigen/include/Eigen/Core:205,
                 from /home/u12/darrenc/R/library_R_v4.2_new_ocelote/RcppEigen/include/Eigen/Dense:1,
                 from /home/u12/darrenc/R/library_R_v4.2_new_ocelote/RcppEigen/include/RcppEigenForward.h:28,
                 from /home/u12/darrenc/R/library_R_v4.2_new_ocelote/RcppEigen/include/RcppEigen.h:25,
                 from nabor.cpp:2:
/home/u12/darrenc/R/library_R_v4.2_new_ocelote/RcppEigen/include/Eigen/src/Core/arch/SSE/PacketMath.h:46:40: warning: ignoring attributes on template argument ‘__m128i’ {aka ‘__vector(2) long long int’} [-Wignored-attributes]
 typedef eigen_packet_wrapper<__m128i, 0> Packet4i;
                                        ^
/home/u12/darrenc/R/library_R_v4.2_new_ocelote/RcppEigen/include/Eigen/src/Core/arch/SSE/PacketMath.h:47:40: warning: ignoring attributes on template argument ‘__m128i’ {aka ‘__vector(2) long long int’} [-Wignored-attributes]
 typedef eigen_packet_wrapper<__m128i, 1> Packet16b;
                                        ^
/home/u12/darrenc/R/library_R_v4.2_new_ocelote/RcppEigen/include/Eigen/src/Core/arch/SSE/PacketMath.h:49:39: warning: ignoring attributes on template argument ‘__m128’ {aka ‘__vector(4) float’} [-Wignored-attributes]
 template<> struct is_arithmetic<__m128>  { enum { value = true }; };
                                       ^
/home/u12/darrenc/R/library_R_v4.2_new_ocelote/RcppEigen/include/Eigen/src/Core/arch/SSE/PacketMath.h:50:40: warning: ignoring attributes on template argument ‘__m128i’ {aka ‘__vector(2) long long int’} [-Wignored-attributes]
 template<> struct is_arithmetic<__m128i> { enum { value = true }; };
                                        ^
/home/u12/darrenc/R/library_R_v4.2_new_ocelote/RcppEigen/include/Eigen/src/Core/arch/SSE/PacketMath.h:51:40: warning: ignoring attributes on template argument ‘__m128d’ {aka ‘__vector(2) double’} [-Wignored-attributes]
 template<> struct is_arithmetic<__m128d> { enum { value = true }; };
                                        ^
/home/u12/darrenc/R/library_R_v4.2_new_ocelote/RcppEigen/include/Eigen/src/Core/arch/SSE/PacketMath.h:222:43: warning: ignoring attributes on template argument ‘Eigen::internal::Packet4f’ {aka ‘__vector(4) float’} [-Wignored-attributes]
 template<> struct unpacket_traits<Packet4f> {
                                           ^
/home/u12/darrenc/R/library_R_v4.2_new_ocelote/RcppEigen/include/Eigen/src/Core/arch/SSE/PacketMath.h:228:43: warning: ignoring attributes on template argument ‘Eigen::internal::Packet2d’ {aka ‘__vector(2) double’} [-Wignored-attributes]
 template<> struct unpacket_traits<Packet2d> {
                                           ^
/home/u12/darrenc/R/library_R_v4.2_new_ocelote/RcppEigen/include/Eigen/src/Core/arch/SSE/PacketMath.h:1124:34: warning: ignoring attributes on template argument ‘Eigen::internal::Packet4f’ {aka ‘__vector(4) float’} [-Wignored-attributes]
 ptranspose(PacketBlock<Packet4f,4>& kernel) {
                                  ^
/home/u12/darrenc/R/library_R_v4.2_new_ocelote/RcppEigen/include/Eigen/src/Core/arch/SSE/PacketMath.h:1129:34: warning: ignoring attributes on template argument ‘Eigen::internal::Packet2d’ {aka ‘__vector(2) double’} [-Wignored-attributes]
 ptranspose(PacketBlock<Packet2d,2>& kernel) {
                                  ^
In file included from /home/u12/darrenc/R/library_R_v4.2_new_ocelote/RcppEigen/include/Eigen/Core:174,
                 from /home/u12/darrenc/R/library_R_v4.2_new_ocelote/RcppEigen/include/Eigen/Dense:1,
                 from /home/u12/darrenc/R/library_R_v4.2_new_ocelote/RcppEigen/include/RcppEigenForward.h:28,
                 from /home/u12/darrenc/R/library_R_v4.2_new_ocelote/RcppEigen/include/RcppEigen.h:25,
                 from nabor.cpp:2:
/home/u12/darrenc/R/library_R_v4.2_new_ocelote/RcppEigen/include/Eigen/src/Core/arch/Default/ConjHelper.h:16:60: warning: ignoring attributes on template argument ‘Eigen::internal::Packet4f’ {aka ‘__vector(4) float’} [-Wignored-attributes]
   struct conj_helper<PACKET_REAL, PACKET_CPLX, false, false> {          \
                                                            ^
/home/u12/darrenc/R/library_R_v4.2_new_ocelote/RcppEigen/include/Eigen/src/Core/arch/SSE/Complex.h:173:1: note: in expansion of macro ‘EIGEN_MAKE_CONJ_HELPER_CPLX_REAL’
 EIGEN_MAKE_CONJ_HELPER_CPLX_REAL(Packet2cf,Packet4f)
 ^~~~~~~~~~~~~~~~~~~~~~~~~~~~~~~~
/home/u12/darrenc/R/library_R_v4.2_new_ocelote/RcppEigen/include/Eigen/src/Core/arch/Default/ConjHelper.h:29:60: warning: ignoring attributes on template argument ‘Eigen::internal::Packet4f’ {aka ‘__vector(4) float’} [-Wignored-attributes]
   struct conj_helper<PACKET_CPLX, PACKET_REAL, false, false> {          \
                                                            ^
/home/u12/darrenc/R/library_R_v4.2_new_ocelote/RcppEigen/include/Eigen/src/Core/arch/SSE/Complex.h:173:1: note: in expansion of macro ‘EIGEN_MAKE_CONJ_HELPER_CPLX_REAL’
 EIGEN_MAKE_CONJ_HELPER_CPLX_REAL(Packet2cf,Packet4f)
 ^~~~~~~~~~~~~~~~~~~~~~~~~~~~~~~~
/home/u12/darrenc/R/library_R_v4.2_new_ocelote/RcppEigen/include/Eigen/src/Core/arch/Default/ConjHelper.h:16:60: warning: ignoring attributes on template argument ‘Eigen::internal::Packet2d’ {aka ‘__vector(2) double’} [-Wignored-attributes]
   struct conj_helper<PACKET_REAL, PACKET_CPLX, false, false> {          \
                                                            ^
/home/u12/darrenc/R/library_R_v4.2_new_ocelote/RcppEigen/include/Eigen/src/Core/arch/SSE/Complex.h:298:1: note: in expansion of macro ‘EIGEN_MAKE_CONJ_HELPER_CPLX_REAL’
 EIGEN_MAKE_CONJ_HELPER_CPLX_REAL(Packet1cd,Packet2d)
 ^~~~~~~~~~~~~~~~~~~~~~~~~~~~~~~~
/home/u12/darrenc/R/library_R_v4.2_new_ocelote/RcppEigen/include/Eigen/src/Core/arch/Default/ConjHelper.h:29:60: warning: ignoring attributes on template argument ‘Eigen::internal::Packet2d’ {aka ‘__vector(2) double’} [-Wignored-attributes]
   struct conj_helper<PACKET_CPLX, PACKET_REAL, false, false> {          \
                                                            ^
/home/u12/darrenc/R/library_R_v4.2_new_ocelote/RcppEigen/include/Eigen/src/Core/arch/SSE/Complex.h:298:1: note: in expansion of macro ‘EIGEN_MAKE_CONJ_HELPER_CPLX_REAL’
 EIGEN_MAKE_CONJ_HELPER_CPLX_REAL(Packet1cd,Packet2d)
 ^~~~~~~~~~~~~~~~~~~~~~~~~~~~~~~~
In file included from /home/u12/darrenc/R/library_R_v4.2_new_ocelote/RcppEigen/include/Eigen/Core:165,
                 from /home/u12/darrenc/R/library_R_v4.2_new_ocelote/RcppEigen/include/Eigen/Dense:1,
                 from /home/u12/darrenc/R/library_R_v4.2_new_ocelote/RcppEigen/include/RcppEigenForward.h:28,
                 from /home/u12/darrenc/R/library_R_v4.2_new_ocelote/RcppEigen/include/RcppEigen.h:25,
                 from nabor.cpp:2:
/home/u12/darrenc/R/library_R_v4.2_new_ocelote/RcppEigen/include/Eigen/src/Core/util/XprHelper.h: In instantiation of ‘struct Eigen::internal::find_best_packet<float, 4>’:
/home/u12/darrenc/R/library_R_v4.2_new_ocelote/RcppEigen/include/Eigen/src/Core/Matrix.h:22:57:   required from ‘struct Eigen::internal::traits<Eigen::Matrix<float, 4, 1> >’
/home/u12/darrenc/R/library_R_v4.2_new_ocelote/RcppEigen/include/Eigen/src/Geometry/Quaternion.h:265:7:   required from ‘struct Eigen::internal::traits<Eigen::Quaternion<float> >’
/home/u12/darrenc/R/library_R_v4.2_new_ocelote/RcppEigen/include/Eigen/src/Geometry/arch/Geometry_SIMD.h:24:46:   required from here
/home/u12/darrenc/R/library_R_v4.2_new_ocelote/RcppEigen/include/Eigen/src/Core/util/XprHelper.h:190:44: warning: ignoring attributes on template argument ‘Eigen::internal::packet_traits<float>::type’ {aka ‘__vector(4) float’} [-Wignored-attributes]
          bool Stop = Size==Dynamic || (Size%unpacket_traits<PacketType>::size)==0 || is_same<PacketType,typename unpacket_traits<PacketType>::half>::value>
                                       ~~~~~^~~~~~~~~~~~~~~~~~~~~~~~~~~~~~~~~~~
/home/u12/darrenc/R/library_R_v4.2_new_ocelote/RcppEigen/include/Eigen/src/Core/util/XprHelper.h:190:83: warning: ignoring attributes on template argument ‘Eigen::internal::packet_traits<float>::type’ {aka ‘__vector(4) float’} [-Wignored-attributes]
          bool Stop = Size==Dynamic || (Size%unpacket_traits<PacketType>::size)==0 || is_same<PacketType,typename unpacket_traits<PacketType>::half>::value>
                      ~~~~~~~~~~~~~~~~~~~~~~~~~~~~~~~~~~~~~~~~~~~~~~~~~~~~~~~~~~~~~^~~~~~~~~~~~~~~~~~~~~~~~~~~~~~~~~~~~~~~~~~~~~~~~~~~~~~~~~~~~~~~~~
/home/u12/darrenc/R/library_R_v4.2_new_ocelote/RcppEigen/include/Eigen/src/Core/util/XprHelper.h:190:83: warning: ignoring attributes on template argument ‘Eigen::internal::packet_traits<float>::type’ {aka ‘__vector(4) float’} [-Wignored-attributes]
/home/u12/darrenc/R/library_R_v4.2_new_ocelote/RcppEigen/include/Eigen/src/Core/util/XprHelper.h:190:83: warning: ignoring attributes on template argument ‘Eigen::internal::unpacket_traits<__vector(4) float>::half’ {aka ‘__vector(4) float’} [-Wignored-attributes]
/home/u12/darrenc/R/library_R_v4.2_new_ocelote/RcppEigen/include/Eigen/src/Core/util/XprHelper.h:208:88: warning: ignoring attributes on template argument ‘Eigen::internal::packet_traits<float>::type’ {aka ‘__vector(4) float’} [-Wignored-attributes]
   typedef typename find_best_packet_helper<Size,typename packet_traits<T>::type>::type type;
                                                                                        ^~~~
In file included from /home/u12/darrenc/R/library_R_v4.2_new_ocelote/RcppEigen/include/Eigen/Core:271,
                 from /home/u12/darrenc/R/library_R_v4.2_new_ocelote/RcppEigen/include/Eigen/Dense:1,
                 from /home/u12/darrenc/R/library_R_v4.2_new_ocelote/RcppEigen/include/RcppEigenForward.h:28,
                 from /home/u12/darrenc/R/library_R_v4.2_new_ocelote/RcppEigen/include/RcppEigen.h:25,
                 from nabor.cpp:2:
/home/u12/darrenc/R/library_R_v4.2_new_ocelote/RcppEigen/include/Eigen/src/Core/DenseCoeffsBase.h: In instantiation of ‘class Eigen::DenseCoeffsBase<Eigen::Matrix<float, 4, 1>, 0>’:
/home/u12/darrenc/R/library_R_v4.2_new_ocelote/RcppEigen/include/Eigen/src/Core/DenseCoeffsBase.h:302:7:   required from ‘class Eigen::DenseCoeffsBase<Eigen::Matrix<float, 4, 1>, 1>’
/home/u12/darrenc/R/library_R_v4.2_new_ocelote/RcppEigen/include/Eigen/src/Core/DenseCoeffsBase.h:555:7:   required from ‘class Eigen::DenseCoeffsBase<Eigen::Matrix<float, 4, 1>, 3>’
/home/u12/darrenc/R/library_R_v4.2_new_ocelote/RcppEigen/include/Eigen/src/Core/DenseBase.h:41:34:   required from ‘class Eigen::DenseBase<Eigen::Matrix<float, 4, 1> >’
/home/u12/darrenc/R/library_R_v4.2_new_ocelote/RcppEigen/include/Eigen/src/Core/MatrixBase.h:48:34:   required from ‘class Eigen::MatrixBase<Eigen::Matrix<float, 4, 1> >’
/home/u12/darrenc/R/library_R_v4.2_new_ocelote/RcppEigen/include/Eigen/src/Core/PlainObjectBase.h:98:7:   required from ‘class Eigen::PlainObjectBase<Eigen::Matrix<float, 4, 1> >’
/home/u12/darrenc/R/library_R_v4.2_new_ocelote/RcppEigen/include/Eigen/src/Core/Matrix.h:178:7:   required from ‘class Eigen::Matrix<float, 4, 1>’
/home/u12/darrenc/R/library_R_v4.2_new_ocelote/RcppEigen/include/Eigen/src/Geometry/Quaternion.h:46:50:   required from ‘class Eigen::QuaternionBase<Eigen::Quaternion<float> >’
/home/u12/darrenc/R/library_R_v4.2_new_ocelote/RcppEigen/include/Eigen/src/Geometry/Quaternion.h:273:7:   required from ‘class Eigen::Quaternion<float>’
/home/u12/darrenc/R/library_R_v4.2_new_ocelote/RcppEigen/include/Eigen/src/Geometry/arch/Geometry_SIMD.h:27:3:   required from here
/home/u12/darrenc/R/library_R_v4.2_new_ocelote/RcppEigen/include/Eigen/src/Core/DenseCoeffsBase.h:56:30: warning: ignoring attributes on template argument ‘Eigen::internal::packet_traits<float>::type’ {aka ‘__vector(4) float’} [-Wignored-attributes]
                      >::type PacketReturnType;
                              ^~~~~~~~~~~~~~~~
In file included from /home/u12/darrenc/R/library_R_v4.2_new_ocelote/RcppEigen/include/Eigen/Core:165,
                 from /home/u12/darrenc/R/library_R_v4.2_new_ocelote/RcppEigen/include/Eigen/Dense:1,
                 from /home/u12/darrenc/R/library_R_v4.2_new_ocelote/RcppEigen/include/RcppEigenForward.h:28,
                 from /home/u12/darrenc/R/library_R_v4.2_new_ocelote/RcppEigen/include/RcppEigen.h:25,
                 from nabor.cpp:2:
/home/u12/darrenc/R/library_R_v4.2_new_ocelote/RcppEigen/include/Eigen/src/Core/util/XprHelper.h: In instantiation of ‘struct Eigen::internal::find_best_packet<double, 4>’:
/home/u12/darrenc/R/library_R_v4.2_new_ocelote/RcppEigen/include/Eigen/src/Core/Matrix.h:22:57:   required from ‘struct Eigen::internal::traits<Eigen::Matrix<double, 4, 1> >’
/home/u12/darrenc/R/library_R_v4.2_new_ocelote/RcppEigen/include/Eigen/src/Geometry/Quaternion.h:265:7:   required from ‘struct Eigen::internal::traits<Eigen::Quaternion<double> >’
/home/u12/darrenc/R/library_R_v4.2_new_ocelote/RcppEigen/include/Eigen/src/Geometry/arch/Geometry_SIMD.h:98:47:   required from here
/home/u12/darrenc/R/library_R_v4.2_new_ocelote/RcppEigen/include/Eigen/src/Core/util/XprHelper.h:190:44: warning: ignoring attributes on template argument ‘Eigen::internal::packet_traits<double>::type’ {aka ‘__vector(2) double’} [-Wignored-attributes]
          bool Stop = Size==Dynamic || (Size%unpacket_traits<PacketType>::size)==0 || is_same<PacketType,typename unpacket_traits<PacketType>::half>::value>
                                       ~~~~~^~~~~~~~~~~~~~~~~~~~~~~~~~~~~~~~~~~
/home/u12/darrenc/R/library_R_v4.2_new_ocelote/RcppEigen/include/Eigen/src/Core/util/XprHelper.h:190:83: warning: ignoring attributes on template argument ‘Eigen::internal::packet_traits<double>::type’ {aka ‘__vector(2) double’} [-Wignored-attributes]
          bool Stop = Size==Dynamic || (Size%unpacket_traits<PacketType>::size)==0 || is_same<PacketType,typename unpacket_traits<PacketType>::half>::value>
                      ~~~~~~~~~~~~~~~~~~~~~~~~~~~~~~~~~~~~~~~~~~~~~~~~~~~~~~~~~~~~~^~~~~~~~~~~~~~~~~~~~~~~~~~~~~~~~~~~~~~~~~~~~~~~~~~~~~~~~~~~~~~~~~
/home/u12/darrenc/R/library_R_v4.2_new_ocelote/RcppEigen/include/Eigen/src/Core/util/XprHelper.h:190:83: warning: ignoring attributes on template argument ‘Eigen::internal::packet_traits<double>::type’ {aka ‘__vector(2) double’} [-Wignored-attributes]
/home/u12/darrenc/R/library_R_v4.2_new_ocelote/RcppEigen/include/Eigen/src/Core/util/XprHelper.h:190:83: warning: ignoring attributes on template argument ‘Eigen::internal::unpacket_traits<__vector(2) double>::half’ {aka ‘__vector(2) double’} [-Wignored-attributes]
/home/u12/darrenc/R/library_R_v4.2_new_ocelote/RcppEigen/include/Eigen/src/Core/util/XprHelper.h:208:88: warning: ignoring attributes on template argument ‘Eigen::internal::packet_traits<double>::type’ {aka ‘__vector(2) double’} [-Wignored-attributes]
   typedef typename find_best_packet_helper<Size,typename packet_traits<T>::type>::type type;
                                                                                        ^~~~
In file included from /home/u12/darrenc/R/library_R_v4.2_new_ocelote/RcppEigen/include/Eigen/Core:271,
                 from /home/u12/darrenc/R/library_R_v4.2_new_ocelote/RcppEigen/include/Eigen/Dense:1,
                 from /home/u12/darrenc/R/library_R_v4.2_new_ocelote/RcppEigen/include/RcppEigenForward.h:28,
                 from /home/u12/darrenc/R/library_R_v4.2_new_ocelote/RcppEigen/include/RcppEigen.h:25,
                 from nabor.cpp:2:
/home/u12/darrenc/R/library_R_v4.2_new_ocelote/RcppEigen/include/Eigen/src/Core/DenseCoeffsBase.h: In instantiation of ‘class Eigen::DenseCoeffsBase<Eigen::Matrix<double, 4, 1>, 0>’:
/home/u12/darrenc/R/library_R_v4.2_new_ocelote/RcppEigen/include/Eigen/src/Core/DenseCoeffsBase.h:302:7:   required from ‘class Eigen::DenseCoeffsBase<Eigen::Matrix<double, 4, 1>, 1>’
/home/u12/darrenc/R/library_R_v4.2_new_ocelote/RcppEigen/include/Eigen/src/Core/DenseCoeffsBase.h:555:7:   required from ‘class Eigen::DenseCoeffsBase<Eigen::Matrix<double, 4, 1>, 3>’
/home/u12/darrenc/R/library_R_v4.2_new_ocelote/RcppEigen/include/Eigen/src/Core/DenseBase.h:41:34:   required from ‘class Eigen::DenseBase<Eigen::Matrix<double, 4, 1> >’
/home/u12/darrenc/R/library_R_v4.2_new_ocelote/RcppEigen/include/Eigen/src/Core/MatrixBase.h:48:34:   required from ‘class Eigen::MatrixBase<Eigen::Matrix<double, 4, 1> >’
/home/u12/darrenc/R/library_R_v4.2_new_ocelote/RcppEigen/include/Eigen/src/Core/PlainObjectBase.h:98:7:   required from ‘class Eigen::PlainObjectBase<Eigen::Matrix<double, 4, 1> >’
/home/u12/darrenc/R/library_R_v4.2_new_ocelote/RcppEigen/include/Eigen/src/Core/Matrix.h:178:7:   required from ‘class Eigen::Matrix<double, 4, 1>’
/home/u12/darrenc/R/library_R_v4.2_new_ocelote/RcppEigen/include/Eigen/src/Geometry/Quaternion.h:46:50:   required from ‘class Eigen::QuaternionBase<Eigen::Quaternion<double> >’
/home/u12/darrenc/R/library_R_v4.2_new_ocelote/RcppEigen/include/Eigen/src/Geometry/Quaternion.h:273:7:   required from ‘class Eigen::Quaternion<double>’
/home/u12/darrenc/R/library_R_v4.2_new_ocelote/RcppEigen/include/Eigen/src/Geometry/arch/Geometry_SIMD.h:102:3:   required from here
/home/u12/darrenc/R/library_R_v4.2_new_ocelote/RcppEigen/include/Eigen/src/Core/DenseCoeffsBase.h:56:30: warning: ignoring attributes on template argument ‘Eigen::internal::packet_traits<double>::type’ {aka ‘__vector(2) double’} [-Wignored-attributes]
                      >::type PacketReturnType;
                              ^~~~~~~~~~~~~~~~
In file included from /home/u12/darrenc/R/library_R_v4.2_new_ocelote/RcppEigen/include/Eigen/SparseCore:37,
                 from /home/u12/darrenc/R/library_R_v4.2_new_ocelote/RcppEigen/include/Eigen/Sparse:26,
                 from /home/u12/darrenc/R/library_R_v4.2_new_ocelote/RcppEigen/include/RcppEigenForward.h:29,
                 from /home/u12/darrenc/R/library_R_v4.2_new_ocelote/RcppEigen/include/RcppEigen.h:25,
                 from nabor.cpp:2:
/home/u12/darrenc/R/library_R_v4.2_new_ocelote/RcppEigen/include/Eigen/src/SparseCore/SparseMatrixBase.h: In instantiation of ‘class Eigen::SparseMatrixBase<Eigen::SparseMatrix<double, 0, int> >’:
/home/u12/darrenc/R/library_R_v4.2_new_ocelote/RcppEigen/include/Eigen/src/SparseCore/SparseCompressedBase.h:36:7:   required from ‘class Eigen::SparseCompressedBase<Eigen::SparseMatrix<double, 0, int> >’
/home/u12/darrenc/R/library_R_v4.2_new_ocelote/RcppEigen/include/Eigen/src/SparseCore/SparseMatrix.h:96:7:   required from ‘class Eigen::SparseMatrix<double, 0, int>’
/home/u12/darrenc/R/library_R_v4.2_new_ocelote/RcppEigen/include/unsupported/Eigen/src/IterativeSolvers/ConstrainedConjGrad.h:61:25:   required from here
/home/u12/darrenc/R/library_R_v4.2_new_ocelote/RcppEigen/include/Eigen/src/SparseCore/SparseMatrixBase.h:47:30: warning: ignoring attributes on template argument ‘Eigen::internal::packet_traits<double>::type’ {aka ‘__vector(2) double’} [-Wignored-attributes]
                      >::type PacketReturnType;
                              ^~~~~~~~~~~~~~~~
In file included from /home/u12/darrenc/R/library_R_v4.2_new_ocelote/RcppEigen/include/Eigen/Core:165,
                 from /home/u12/darrenc/R/library_R_v4.2_new_ocelote/RcppEigen/include/Eigen/Dense:1,
                 from /home/u12/darrenc/R/library_R_v4.2_new_ocelote/RcppEigen/include/RcppEigenForward.h:28,
                 from /home/u12/darrenc/R/library_R_v4.2_new_ocelote/RcppEigen/include/RcppEigen.h:25,
                 from nabor.cpp:2:
/home/u12/darrenc/R/library_R_v4.2_new_ocelote/RcppEigen/include/Eigen/src/Core/util/XprHelper.h: In instantiation of ‘struct Eigen::internal::find_best_packet<double, -1>’:
/home/u12/darrenc/R/library_R_v4.2_new_ocelote/RcppEigen/include/Eigen/src/Core/Matrix.h:22:57:   required from ‘struct Eigen::internal::traits<Eigen::Matrix<double, -1, -1> >’
/home/u12/darrenc/R/library_R_v4.2_new_ocelote/RcppEigen/include/Eigen/src/Core/Map.h:18:8:   required from ‘struct Eigen::internal::traits<Eigen::Map<Eigen::Matrix<double, -1, -1> > >’
/home/u12/darrenc/R/library_R_v4.2_new_ocelote/RcppEigen/include/Eigen/src/Core/util/ForwardDeclarations.h:32:54:   required from ‘struct Eigen::internal::accessors_level<Eigen::Map<Eigen::Matrix<double, -1, -1> > >’
/home/u12/darrenc/R/library_R_v4.2_new_ocelote/RcppEigen/include/Eigen/src/Core/util/ForwardDeclarations.h:111:75:   required from ‘class Eigen::Map<Eigen::Matrix<double, -1, -1> >’
nabor.cpp:15:68:   required from here
/home/u12/darrenc/R/library_R_v4.2_new_ocelote/RcppEigen/include/Eigen/src/Core/util/XprHelper.h:190:44: warning: ignoring attributes on template argument ‘Eigen::internal::packet_traits<double>::type’ {aka ‘__vector(2) double’} [-Wignored-attributes]
          bool Stop = Size==Dynamic || (Size%unpacket_traits<PacketType>::size)==0 || is_same<PacketType,typename unpacket_traits<PacketType>::half>::value>
                                       ~~~~~^~~~~~~~~~~~~~~~~~~~~~~~~~~~~~~~~~~
/home/u12/darrenc/R/library_R_v4.2_new_ocelote/RcppEigen/include/Eigen/src/Core/util/XprHelper.h:190:83: warning: ignoring attributes on template argument ‘Eigen::internal::packet_traits<double>::type’ {aka ‘__vector(2) double’} [-Wignored-attributes]
          bool Stop = Size==Dynamic || (Size%unpacket_traits<PacketType>::size)==0 || is_same<PacketType,typename unpacket_traits<PacketType>::half>::value>
                      ~~~~~~~~~~~~~~~~~~~~~~~~~~~~~~~~~~~~~~~~~~~~~~~~~~~~~~~~~~~~~^~~~~~~~~~~~~~~~~~~~~~~~~~~~~~~~~~~~~~~~~~~~~~~~~~~~~~~~~~~~~~~~~
/home/u12/darrenc/R/library_R_v4.2_new_ocelote/RcppEigen/include/Eigen/src/Core/util/XprHelper.h:190:83: warning: ignoring attributes on template argument ‘Eigen::internal::packet_traits<double>::type’ {aka ‘__vector(2) double’} [-Wignored-attributes]
/home/u12/darrenc/R/library_R_v4.2_new_ocelote/RcppEigen/include/Eigen/src/Core/util/XprHelper.h:190:83: warning: ignoring attributes on template argument ‘Eigen::internal::unpacket_traits<__vector(2) double>::half’ {aka ‘__vector(2) double’} [-Wignored-attributes]
/home/u12/darrenc/R/library_R_v4.2_new_ocelote/RcppEigen/include/Eigen/src/Core/util/XprHelper.h:208:88: warning: ignoring attributes on template argument ‘Eigen::internal::packet_traits<double>::type’ {aka ‘__vector(2) double’} [-Wignored-attributes]
   typedef typename find_best_packet_helper<Size,typename packet_traits<T>::type>::type type;
                                                                                        ^~~~
In file included from /home/u12/darrenc/R/library_R_v4.2_new_ocelote/RcppEigen/include/Eigen/Core:271,
                 from /home/u12/darrenc/R/library_R_v4.2_new_ocelote/RcppEigen/include/Eigen/Dense:1,
                 from /home/u12/darrenc/R/library_R_v4.2_new_ocelote/RcppEigen/include/RcppEigenForward.h:28,
                 from /home/u12/darrenc/R/library_R_v4.2_new_ocelote/RcppEigen/include/RcppEigen.h:25,
                 from nabor.cpp:2:
/home/u12/darrenc/R/library_R_v4.2_new_ocelote/RcppEigen/include/Eigen/src/Core/DenseCoeffsBase.h: In instantiation of ‘class Eigen::DenseCoeffsBase<Eigen::Matrix<double, -1, -1>, 0>’:
/home/u12/darrenc/R/library_R_v4.2_new_ocelote/RcppEigen/include/Eigen/src/Core/DenseCoeffsBase.h:302:7:   required from ‘class Eigen::DenseCoeffsBase<Eigen::Matrix<double, -1, -1>, 1>’
/home/u12/darrenc/R/library_R_v4.2_new_ocelote/RcppEigen/include/Eigen/src/Core/DenseCoeffsBase.h:555:7:   required from ‘class Eigen::DenseCoeffsBase<Eigen::Matrix<double, -1, -1>, 3>’
/home/u12/darrenc/R/library_R_v4.2_new_ocelote/RcppEigen/include/Eigen/src/Core/DenseBase.h:41:34:   required from ‘class Eigen::DenseBase<Eigen::Matrix<double, -1, -1> >’
/home/u12/darrenc/R/library_R_v4.2_new_ocelote/RcppEigen/include/Eigen/src/Core/MatrixBase.h:48:34:   required from ‘class Eigen::MatrixBase<Eigen::Matrix<double, -1, -1> >’
/home/u12/darrenc/R/library_R_v4.2_new_ocelote/RcppEigen/include/Eigen/src/Core/PlainObjectBase.h:98:7:   required from ‘class Eigen::PlainObjectBase<Eigen::Matrix<double, -1, -1> >’
/home/u12/darrenc/R/library_R_v4.2_new_ocelote/RcppEigen/include/Eigen/src/Core/Matrix.h:178:7:   required from ‘class Eigen::Matrix<double, -1, -1>’
/home/u12/darrenc/R/library_R_v4.2_new_ocelote/RcppEigen/include/Eigen/src/Core/Map.h:24:30:   required from ‘struct Eigen::internal::traits<Eigen::Map<Eigen::Matrix<double, -1, -1> > >’
/home/u12/darrenc/R/library_R_v4.2_new_ocelote/RcppEigen/include/Eigen/src/Core/util/ForwardDeclarations.h:32:54:   required from ‘struct Eigen::internal::accessors_level<Eigen::Map<Eigen::Matrix<double, -1, -1> > >’
/home/u12/darrenc/R/library_R_v4.2_new_ocelote/RcppEigen/include/Eigen/src/Core/util/ForwardDeclarations.h:111:75:   required from ‘class Eigen::Map<Eigen::Matrix<double, -1, -1> >’
nabor.cpp:15:68:   required from here
/home/u12/darrenc/R/library_R_v4.2_new_ocelote/RcppEigen/include/Eigen/src/Core/DenseCoeffsBase.h:56:30: warning: ignoring attributes on template argument ‘Eigen::internal::packet_traits<double>::type’ {aka ‘__vector(2) double’} [-Wignored-attributes]
                      >::type PacketReturnType;
                              ^~~~~~~~~~~~~~~~
/home/u12/darrenc/R/library_R_v4.2_new_ocelote/RcppEigen/include/Eigen/src/Core/DenseCoeffsBase.h: In instantiation of ‘class Eigen::DenseCoeffsBase<Eigen::Map<Eigen::Matrix<double, -1, -1> >, 0>’:
/home/u12/darrenc/R/library_R_v4.2_new_ocelote/RcppEigen/include/Eigen/src/Core/DenseCoeffsBase.h:302:7:   required from ‘class Eigen::DenseCoeffsBase<Eigen::Map<Eigen::Matrix<double, -1, -1> >, 1>’
/home/u12/darrenc/R/library_R_v4.2_new_ocelote/RcppEigen/include/Eigen/src/Core/DenseCoeffsBase.h:555:7:   required from ‘class Eigen::DenseCoeffsBase<Eigen::Map<Eigen::Matrix<double, -1, -1> >, 3>’
/home/u12/darrenc/R/library_R_v4.2_new_ocelote/RcppEigen/include/Eigen/src/Core/DenseBase.h:41:34:   required from ‘class Eigen::DenseBase<Eigen::Map<Eigen::Matrix<double, -1, -1> > >’
/home/u12/darrenc/R/library_R_v4.2_new_ocelote/RcppEigen/include/Eigen/src/Core/MatrixBase.h:48:34:   required from ‘class Eigen::MatrixBase<Eigen::Map<Eigen::Matrix<double, -1, -1> > >’
/home/u12/darrenc/R/library_R_v4.2_new_ocelote/RcppEigen/include/Eigen/src/Core/MapBase.h:37:34:   required from ‘class Eigen::MapBase<Eigen::Map<Eigen::Matrix<double, -1, -1> >, 0>’
/home/u12/darrenc/R/library_R_v4.2_new_ocelote/RcppEigen/include/Eigen/src/Core/MapBase.h:223:34:   required from ‘class Eigen::MapBase<Eigen::Map<Eigen::Matrix<double, -1, -1> >, 1>’
/home/u12/darrenc/R/library_R_v4.2_new_ocelote/RcppEigen/include/Eigen/src/Core/Map.h:94:79:   required from ‘class Eigen::Map<Eigen::Matrix<double, -1, -1> >’
nabor.cpp:15:68:   required from here
/home/u12/darrenc/R/library_R_v4.2_new_ocelote/RcppEigen/include/Eigen/src/Core/DenseCoeffsBase.h:56:30: warning: ignoring attributes on template argument ‘Eigen::internal::packet_traits<double>::type’ {aka ‘__vector(2) double’} [-Wignored-attributes]
/home/u12/darrenc/R/library_R_v4.2_new_ocelote/RcppEigen/include/Eigen/src/Core/DenseCoeffsBase.h: In instantiation of ‘class Eigen::DenseCoeffsBase<Eigen::Matrix<double, -1, 1>, 0>’:
/home/u12/darrenc/R/library_R_v4.2_new_ocelote/RcppEigen/include/Eigen/src/Core/DenseCoeffsBase.h:302:7:   required from ‘class Eigen::DenseCoeffsBase<Eigen::Matrix<double, -1, 1>, 1>’
/home/u12/darrenc/R/library_R_v4.2_new_ocelote/RcppEigen/include/Eigen/src/Core/DenseCoeffsBase.h:555:7:   required from ‘class Eigen::DenseCoeffsBase<Eigen::Matrix<double, -1, 1>, 3>’
/home/u12/darrenc/R/library_R_v4.2_new_ocelote/RcppEigen/include/Eigen/src/Core/DenseBase.h:41:34:   required from ‘class Eigen::DenseBase<Eigen::Matrix<double, -1, 1> >’
/home/u12/darrenc/R/library_R_v4.2_new_ocelote/RcppEigen/include/Eigen/src/Core/MatrixBase.h:48:34:   required from ‘class Eigen::MatrixBase<Eigen::Matrix<double, -1, 1> >’
/home/u12/darrenc/R/library_R_v4.2_new_ocelote/RcppEigen/include/Eigen/src/Core/PlainObjectBase.h:98:7:   required from ‘class Eigen::PlainObjectBase<Eigen::Matrix<double, -1, 1> >’
/home/u12/darrenc/R/library_R_v4.2_new_ocelote/RcppEigen/include/Eigen/src/Core/Matrix.h:178:7:   required from ‘class Eigen::Matrix<double, -1, 1>’
nabo.h:265:16:   required from ‘struct Nabo::NearestNeighbourSearch<double>’
WKNN.h:20:8:   required from ‘struct WKNN<double>’
nabor.cpp:18:9:   required from here
/home/u12/darrenc/R/library_R_v4.2_new_ocelote/RcppEigen/include/Eigen/src/Core/DenseCoeffsBase.h:56:30: warning: ignoring attributes on template argument ‘Eigen::internal::packet_traits<double>::type’ {aka ‘__vector(2) double’} [-Wignored-attributes]
g++ -std=gnu++14 -shared -L/usr/local/lib64 -o nabor.so RcppExports.o WKNN.o brute_force_cpu.o init.o kdtree_cpu.o nabo.o nabor.o
installing to /home/u12/darrenc/R/library_R_v4.2_new_ocelote/00LOCK-nabor/00new/nabor/libs
** R
** data
** inst
** byte-compile and prepare package for lazy loading
** help
*** installing help indices
** building package indices
** testing if installed package can be loaded from temporary location
** checking absolute paths in shared objects and dynamic libraries
** testing if installed package can be loaded from final location
** testing if installed package keeps a record of temporary installation path
* DONE (nabor)
* installing *source* package ‘EnsDb.Hsapiens.v86’ ...
** using staged installation
** R
** inst
** byte-compile and prepare package for lazy loading
** help
*** installing help indices
** building package indices
** testing if installed package can be loaded from temporary location
** testing if installed package can be loaded from final location
** testing if installed package keeps a record of temporary installation path
* DONE (EnsDb.Hsapiens.v86)
* installing *source* package ‘JASPAR2020’ ...
** using staged installation
** R
** inst
** byte-compile and prepare package for lazy loading
** help
*** installing help indices
** building package indices
** installing vignettes
** testing if installed package can be loaded from temporary location
** testing if installed package can be loaded from final location
** testing if installed package keeps a record of temporary installation path
* DONE (JASPAR2020)
* installing *source* package ‘BSgenome.Hsapiens.UCSC.hg38’ ...
** using staged installation
** R
** inst
** byte-compile and prepare package for lazy loading
** help
*** installing help indices
** building package indices
** testing if installed package can be loaded from temporary location
** testing if installed package can be loaded from final location
** testing if installed package keeps a record of temporary installation path
* DONE (BSgenome.Hsapiens.UCSC.hg38)
* installing *source* package ‘glmGamPoi’ ...
** using staged installation
** libs
g++ -std=gnu++11 -I"/opt/ohpc/pub/apps/R/4.2.2/lib64/R/include" -DNDEBUG -I../inst/include/ -I'/home/u12/darrenc/R/library_R_v4.2_new_ocelote/Rcpp/include' -I'/home/u12/darrenc/R/library_R_v4.2_new_ocelote/RcppArmadillo/include' -I'/home/u12/darrenc/R/library_R_v4.2_new_ocelote/beachmat/include' -I/usr/local/include   -fpic  -g -O2  -c RcppExports.cpp -o RcppExports.o
In file included from /home/u12/darrenc/R/library_R_v4.2_new_ocelote/RcppArmadillo/include/RcppArmadillo.h:29,
                 from RcppExports.cpp:4:
/home/u12/darrenc/R/library_R_v4.2_new_ocelote/RcppArmadillo/include/RcppArmadillo/version/arma.h:66:199: note: #pragma message: Using fallback compilation with Armadillo 14.6.3. Please consider defining -DARMA_USE_CURRENT and also removing C++11 compilation directive. See GitHub issue #475 for more.
         #pragma message("Using fallback compilation with Armadillo 14.6.3. Please consider defining -DARMA_USE_CURRENT and also removing C++11 compilation directive. See GitHub issue #475 for more.")
                                                                                                                                                                                                       ^
g++ -std=gnu++11 -I"/opt/ohpc/pub/apps/R/4.2.2/lib64/R/include" -DNDEBUG -I../inst/include/ -I'/home/u12/darrenc/R/library_R_v4.2_new_ocelote/Rcpp/include' -I'/home/u12/darrenc/R/library_R_v4.2_new_ocelote/RcppArmadillo/include' -I'/home/u12/darrenc/R/library_R_v4.2_new_ocelote/beachmat/include' -I/usr/local/include   -fpic  -g -O2  -c beta_estimation.cpp -o beta_estimation.o
In file included from /home/u12/darrenc/R/library_R_v4.2_new_ocelote/RcppArmadillo/include/RcppArmadillo.h:29,
                 from beta_estimation.cpp:2:
/home/u12/darrenc/R/library_R_v4.2_new_ocelote/RcppArmadillo/include/RcppArmadillo/version/arma.h:66:199: note: #pragma message: Using fallback compilation with Armadillo 14.6.3. Please consider defining -DARMA_USE_CURRENT and also removing C++11 compilation directive. See GitHub issue #475 for more.
         #pragma message("Using fallback compilation with Armadillo 14.6.3. Please consider defining -DARMA_USE_CURRENT and also removing C++11 compilation directive. See GitHub issue #475 for more.")
                                                                                                                                                                                                       ^
g++ -std=gnu++11 -I"/opt/ohpc/pub/apps/R/4.2.2/lib64/R/include" -DNDEBUG -I../inst/include/ -I'/home/u12/darrenc/R/library_R_v4.2_new_ocelote/Rcpp/include' -I'/home/u12/darrenc/R/library_R_v4.2_new_ocelote/RcppArmadillo/include' -I'/home/u12/darrenc/R/library_R_v4.2_new_ocelote/beachmat/include' -I/usr/local/include   -fpic  -g -O2  -c deviance.cpp -o deviance.o
In file included from /home/u12/darrenc/R/library_R_v4.2_new_ocelote/RcppArmadillo/include/RcppArmadillo.h:29,
                 from deviance.cpp:2:
/home/u12/darrenc/R/library_R_v4.2_new_ocelote/RcppArmadillo/include/RcppArmadillo/version/arma.h:66:199: note: #pragma message: Using fallback compilation with Armadillo 14.6.3. Please consider defining -DARMA_USE_CURRENT and also removing C++11 compilation directive. See GitHub issue #475 for more.
         #pragma message("Using fallback compilation with Armadillo 14.6.3. Please consider defining -DARMA_USE_CURRENT and also removing C++11 compilation directive. See GitHub issue #475 for more.")
                                                                                                                                                                                                       ^
g++ -std=gnu++11 -I"/opt/ohpc/pub/apps/R/4.2.2/lib64/R/include" -DNDEBUG -I../inst/include/ -I'/home/u12/darrenc/R/library_R_v4.2_new_ocelote/Rcpp/include' -I'/home/u12/darrenc/R/library_R_v4.2_new_ocelote/RcppArmadillo/include' -I'/home/u12/darrenc/R/library_R_v4.2_new_ocelote/beachmat/include' -I/usr/local/include   -fpic  -g -O2  -c overdispersion.cpp -o overdispersion.o
In file included from /home/u12/darrenc/R/library_R_v4.2_new_ocelote/RcppArmadillo/include/RcppArmadillo.h:29,
                 from overdispersion.cpp:2:
/home/u12/darrenc/R/library_R_v4.2_new_ocelote/RcppArmadillo/include/RcppArmadillo/version/arma.h:66:199: note: #pragma message: Using fallback compilation with Armadillo 14.6.3. Please consider defining -DARMA_USE_CURRENT and also removing C++11 compilation directive. See GitHub issue #475 for more.
         #pragma message("Using fallback compilation with Armadillo 14.6.3. Please consider defining -DARMA_USE_CURRENT and also removing C++11 compilation directive. See GitHub issue #475 for more.")
                                                                                                                                                                                                       ^
g++ -std=gnu++11 -I"/opt/ohpc/pub/apps/R/4.2.2/lib64/R/include" -DNDEBUG -I../inst/include/ -I'/home/u12/darrenc/R/library_R_v4.2_new_ocelote/Rcpp/include' -I'/home/u12/darrenc/R/library_R_v4.2_new_ocelote/RcppArmadillo/include' -I'/home/u12/darrenc/R/library_R_v4.2_new_ocelote/beachmat/include' -I/usr/local/include   -fpic  -g -O2  -c utils.cpp -o utils.o
g++ -std=gnu++11 -shared -L/usr/local/lib64 -o glmGamPoi.so RcppExports.o beta_estimation.o deviance.o overdispersion.o utils.o -L/opt/ohpc/pub/apps/R/4.2.2/lib64/R/lib -lRlapack -L/opt/ohpc/pub/apps/R/4.2.2/lib64/R/lib -lRblas -lgfortran -lm -lquadmath
installing to /home/u12/darrenc/R/library_R_v4.2_new_ocelote/00LOCK-glmGamPoi/00new/glmGamPoi/libs
** R
** inst
** byte-compile and prepare package for lazy loading
** help
*** installing help indices
*** copying figures
** building package indices
** installing vignettes
** testing if installed package can be loaded from temporary location
** checking absolute paths in shared objects and dynamic libraries
** testing if installed package can be loaded from final location
** testing if installed package keeps a record of temporary installation path
* DONE (glmGamPoi)
* installing *source* package ‘poweRlaw’ ...
** package ‘poweRlaw’ successfully unpacked and MD5 sums checked
** using staged installation
** R
** data
** demo
** inst
** byte-compile and prepare package for lazy loading
** help
*** installing help indices
*** copying figures
** building package indices
** installing vignettes
** testing if installed package can be loaded from temporary location
** testing if installed package can be loaded from final location
** testing if installed package keeps a record of temporary installation path
* DONE (poweRlaw)
* installing *source* package ‘CNEr’ ...
** using staged installation
** libs
gcc -I"/opt/ohpc/pub/apps/R/4.2.2/lib64/R/include" -DNDEBUG -D_FILE_OFFSET_BITS=64 -I'/home/u12/darrenc/R/library_R_v4.2_new_ocelote/S4Vectors/include' -I'/home/u12/darrenc/R/library_R_v4.2_new_ocelote/IRanges/include' -I'/home/u12/darrenc/R/library_R_v4.2_new_ocelote/XVector/include' -I/usr/local/include  -g -fpic  -g -O2  -c S4Vectors_stubs.c -o S4Vectors_stubs.o
gcc -I"/opt/ohpc/pub/apps/R/4.2.2/lib64/R/include" -DNDEBUG -D_FILE_OFFSET_BITS=64 -I'/home/u12/darrenc/R/library_R_v4.2_new_ocelote/S4Vectors/include' -I'/home/u12/darrenc/R/library_R_v4.2_new_ocelote/IRanges/include' -I'/home/u12/darrenc/R/library_R_v4.2_new_ocelote/XVector/include' -I/usr/local/include  -g -fpic  -g -O2  -c IRanges_stubs.c -o IRanges_stubs.o
gcc -I"/opt/ohpc/pub/apps/R/4.2.2/lib64/R/include" -DNDEBUG -D_FILE_OFFSET_BITS=64 -I'/home/u12/darrenc/R/library_R_v4.2_new_ocelote/S4Vectors/include' -I'/home/u12/darrenc/R/library_R_v4.2_new_ocelote/IRanges/include' -I'/home/u12/darrenc/R/library_R_v4.2_new_ocelote/XVector/include' -I/usr/local/include  -g -fpic  -g -O2  -c XVector_stubs.c -o XVector_stubs.o
gcc -I"/opt/ohpc/pub/apps/R/4.2.2/lib64/R/include" -DNDEBUG -D_FILE_OFFSET_BITS=64 -I'/home/u12/darrenc/R/library_R_v4.2_new_ocelote/S4Vectors/include' -I'/home/u12/darrenc/R/library_R_v4.2_new_ocelote/IRanges/include' -I'/home/u12/darrenc/R/library_R_v4.2_new_ocelote/XVector/include' -I/usr/local/include  -g -fpic  -g -O2  -c R_init_CNEr.c -o R_init_CNEr.o
gcc -I"/opt/ohpc/pub/apps/R/4.2.2/lib64/R/include" -DNDEBUG -D_FILE_OFFSET_BITS=64 -I'/home/u12/darrenc/R/library_R_v4.2_new_ocelote/S4Vectors/include' -I'/home/u12/darrenc/R/library_R_v4.2_new_ocelote/IRanges/include' -I'/home/u12/darrenc/R/library_R_v4.2_new_ocelote/XVector/include' -I/usr/local/include  -g -fpic  -g -O2  -c utils.c -o utils.o
gcc -I"/opt/ohpc/pub/apps/R/4.2.2/lib64/R/include" -DNDEBUG -D_FILE_OFFSET_BITS=64 -I'/home/u12/darrenc/R/library_R_v4.2_new_ocelote/S4Vectors/include' -I'/home/u12/darrenc/R/library_R_v4.2_new_ocelote/IRanges/include' -I'/home/u12/darrenc/R/library_R_v4.2_new_ocelote/XVector/include' -I/usr/local/include  -g -fpic  -g -O2  -c io.c -o io.o
gcc -I"/opt/ohpc/pub/apps/R/4.2.2/lib64/R/include" -DNDEBUG -D_FILE_OFFSET_BITS=64 -I'/home/u12/darrenc/R/library_R_v4.2_new_ocelote/S4Vectors/include' -I'/home/u12/darrenc/R/library_R_v4.2_new_ocelote/IRanges/include' -I'/home/u12/darrenc/R/library_R_v4.2_new_ocelote/XVector/include' -I/usr/local/include  -g -fpic  -g -O2  -c ceScan.c -o ceScan.o
gcc -I"/opt/ohpc/pub/apps/R/4.2.2/lib64/R/include" -DNDEBUG -D_FILE_OFFSET_BITS=64 -I'/home/u12/darrenc/R/library_R_v4.2_new_ocelote/S4Vectors/include' -I'/home/u12/darrenc/R/library_R_v4.2_new_ocelote/IRanges/include' -I'/home/u12/darrenc/R/library_R_v4.2_new_ocelote/XVector/include' -I/usr/local/include  -g -fpic  -g -O2  -c ucsc/axt.c -o ucsc/axt.o
gcc -I"/opt/ohpc/pub/apps/R/4.2.2/lib64/R/include" -DNDEBUG -D_FILE_OFFSET_BITS=64 -I'/home/u12/darrenc/R/library_R_v4.2_new_ocelote/S4Vectors/include' -I'/home/u12/darrenc/R/library_R_v4.2_new_ocelote/IRanges/include' -I'/home/u12/darrenc/R/library_R_v4.2_new_ocelote/XVector/include' -I/usr/local/include  -g -fpic  -g -O2  -c ucsc/base64.c -o ucsc/base64.o
gcc -I"/opt/ohpc/pub/apps/R/4.2.2/lib64/R/include" -DNDEBUG -D_FILE_OFFSET_BITS=64 -I'/home/u12/darrenc/R/library_R_v4.2_new_ocelote/S4Vectors/include' -I'/home/u12/darrenc/R/library_R_v4.2_new_ocelote/IRanges/include' -I'/home/u12/darrenc/R/library_R_v4.2_new_ocelote/XVector/include' -I/usr/local/include  -g -fpic  -g -O2  -c ucsc/binRange.c -o ucsc/binRange.o
gcc -I"/opt/ohpc/pub/apps/R/4.2.2/lib64/R/include" -DNDEBUG -D_FILE_OFFSET_BITS=64 -I'/home/u12/darrenc/R/library_R_v4.2_new_ocelote/S4Vectors/include' -I'/home/u12/darrenc/R/library_R_v4.2_new_ocelote/IRanges/include' -I'/home/u12/darrenc/R/library_R_v4.2_new_ocelote/XVector/include' -I/usr/local/include  -g -fpic  -g -O2  -c ucsc/bits.c -o ucsc/bits.o
gcc -I"/opt/ohpc/pub/apps/R/4.2.2/lib64/R/include" -DNDEBUG -D_FILE_OFFSET_BITS=64 -I'/home/u12/darrenc/R/library_R_v4.2_new_ocelote/S4Vectors/include' -I'/home/u12/darrenc/R/library_R_v4.2_new_ocelote/IRanges/include' -I'/home/u12/darrenc/R/library_R_v4.2_new_ocelote/XVector/include' -I/usr/local/include  -g -fpic  -g -O2  -c ucsc/chain.c -o ucsc/chain.o
gcc -I"/opt/ohpc/pub/apps/R/4.2.2/lib64/R/include" -DNDEBUG -D_FILE_OFFSET_BITS=64 -I'/home/u12/darrenc/R/library_R_v4.2_new_ocelote/S4Vectors/include' -I'/home/u12/darrenc/R/library_R_v4.2_new_ocelote/IRanges/include' -I'/home/u12/darrenc/R/library_R_v4.2_new_ocelote/XVector/include' -I/usr/local/include  -g -fpic  -g -O2  -c ucsc/_cheapcgi.c -o ucsc/_cheapcgi.o
gcc -I"/opt/ohpc/pub/apps/R/4.2.2/lib64/R/include" -DNDEBUG -D_FILE_OFFSET_BITS=64 -I'/home/u12/darrenc/R/library_R_v4.2_new_ocelote/S4Vectors/include' -I'/home/u12/darrenc/R/library_R_v4.2_new_ocelote/IRanges/include' -I'/home/u12/darrenc/R/library_R_v4.2_new_ocelote/XVector/include' -I/usr/local/include  -g -fpic  -g -O2  -c ucsc/cirTree.c -o ucsc/cirTree.o
gcc -I"/opt/ohpc/pub/apps/R/4.2.2/lib64/R/include" -DNDEBUG -D_FILE_OFFSET_BITS=64 -I'/home/u12/darrenc/R/library_R_v4.2_new_ocelote/S4Vectors/include' -I'/home/u12/darrenc/R/library_R_v4.2_new_ocelote/IRanges/include' -I'/home/u12/darrenc/R/library_R_v4.2_new_ocelote/XVector/include' -I/usr/local/include  -g -fpic  -g -O2  -c ucsc/common.c -o ucsc/common.o
gcc -I"/opt/ohpc/pub/apps/R/4.2.2/lib64/R/include" -DNDEBUG -D_FILE_OFFSET_BITS=64 -I'/home/u12/darrenc/R/library_R_v4.2_new_ocelote/S4Vectors/include' -I'/home/u12/darrenc/R/library_R_v4.2_new_ocelote/IRanges/include' -I'/home/u12/darrenc/R/library_R_v4.2_new_ocelote/XVector/include' -I/usr/local/include  -g -fpic  -g -O2  -c ucsc/dlist.c -o ucsc/dlist.o
gcc -I"/opt/ohpc/pub/apps/R/4.2.2/lib64/R/include" -DNDEBUG -D_FILE_OFFSET_BITS=64 -I'/home/u12/darrenc/R/library_R_v4.2_new_ocelote/S4Vectors/include' -I'/home/u12/darrenc/R/library_R_v4.2_new_ocelote/IRanges/include' -I'/home/u12/darrenc/R/library_R_v4.2_new_ocelote/XVector/include' -I/usr/local/include  -g -fpic  -g -O2  -c ucsc/dnaseq.c -o ucsc/dnaseq.o
gcc -I"/opt/ohpc/pub/apps/R/4.2.2/lib64/R/include" -DNDEBUG -D_FILE_OFFSET_BITS=64 -I'/home/u12/darrenc/R/library_R_v4.2_new_ocelote/S4Vectors/include' -I'/home/u12/darrenc/R/library_R_v4.2_new_ocelote/IRanges/include' -I'/home/u12/darrenc/R/library_R_v4.2_new_ocelote/XVector/include' -I/usr/local/include  -g -fpic  -g -O2  -c ucsc/dnautil.c -o ucsc/dnautil.o
gcc -I"/opt/ohpc/pub/apps/R/4.2.2/lib64/R/include" -DNDEBUG -D_FILE_OFFSET_BITS=64 -I'/home/u12/darrenc/R/library_R_v4.2_new_ocelote/S4Vectors/include' -I'/home/u12/darrenc/R/library_R_v4.2_new_ocelote/IRanges/include' -I'/home/u12/darrenc/R/library_R_v4.2_new_ocelote/XVector/include' -I/usr/local/include  -g -fpic  -g -O2  -c ucsc/dystring.c -o ucsc/dystring.o
gcc -I"/opt/ohpc/pub/apps/R/4.2.2/lib64/R/include" -DNDEBUG -D_FILE_OFFSET_BITS=64 -I'/home/u12/darrenc/R/library_R_v4.2_new_ocelote/S4Vectors/include' -I'/home/u12/darrenc/R/library_R_v4.2_new_ocelote/IRanges/include' -I'/home/u12/darrenc/R/library_R_v4.2_new_ocelote/XVector/include' -I/usr/local/include  -g -fpic  -g -O2  -c ucsc/errabort.c -o ucsc/errabort.o
gcc -I"/opt/ohpc/pub/apps/R/4.2.2/lib64/R/include" -DNDEBUG -D_FILE_OFFSET_BITS=64 -I'/home/u12/darrenc/R/library_R_v4.2_new_ocelote/S4Vectors/include' -I'/home/u12/darrenc/R/library_R_v4.2_new_ocelote/IRanges/include' -I'/home/u12/darrenc/R/library_R_v4.2_new_ocelote/XVector/include' -I/usr/local/include  -g -fpic  -g -O2  -c ucsc/hash.c -o ucsc/hash.o
gcc -I"/opt/ohpc/pub/apps/R/4.2.2/lib64/R/include" -DNDEBUG -D_FILE_OFFSET_BITS=64 -I'/home/u12/darrenc/R/library_R_v4.2_new_ocelote/S4Vectors/include' -I'/home/u12/darrenc/R/library_R_v4.2_new_ocelote/IRanges/include' -I'/home/u12/darrenc/R/library_R_v4.2_new_ocelote/XVector/include' -I/usr/local/include  -g -fpic  -g -O2  -c ucsc/https.c -o ucsc/https.o
gcc -I"/opt/ohpc/pub/apps/R/4.2.2/lib64/R/include" -DNDEBUG -D_FILE_OFFSET_BITS=64 -I'/home/u12/darrenc/R/library_R_v4.2_new_ocelote/S4Vectors/include' -I'/home/u12/darrenc/R/library_R_v4.2_new_ocelote/IRanges/include' -I'/home/u12/darrenc/R/library_R_v4.2_new_ocelote/XVector/include' -I/usr/local/include  -g -fpic  -g -O2  -c ucsc/intExp.c -o ucsc/intExp.o
gcc -I"/opt/ohpc/pub/apps/R/4.2.2/lib64/R/include" -DNDEBUG -D_FILE_OFFSET_BITS=64 -I'/home/u12/darrenc/R/library_R_v4.2_new_ocelote/S4Vectors/include' -I'/home/u12/darrenc/R/library_R_v4.2_new_ocelote/IRanges/include' -I'/home/u12/darrenc/R/library_R_v4.2_new_ocelote/XVector/include' -I/usr/local/include  -g -fpic  -g -O2  -c ucsc/kxTok.c -o ucsc/kxTok.o
gcc -I"/opt/ohpc/pub/apps/R/4.2.2/lib64/R/include" -DNDEBUG -D_FILE_OFFSET_BITS=64 -I'/home/u12/darrenc/R/library_R_v4.2_new_ocelote/S4Vectors/include' -I'/home/u12/darrenc/R/library_R_v4.2_new_ocelote/IRanges/include' -I'/home/u12/darrenc/R/library_R_v4.2_new_ocelote/XVector/include' -I/usr/local/include  -g -fpic  -g -O2  -c ucsc/linefile.c -o ucsc/linefile.o
gcc -I"/opt/ohpc/pub/apps/R/4.2.2/lib64/R/include" -DNDEBUG -D_FILE_OFFSET_BITS=64 -I'/home/u12/darrenc/R/library_R_v4.2_new_ocelote/S4Vectors/include' -I'/home/u12/darrenc/R/library_R_v4.2_new_ocelote/IRanges/include' -I'/home/u12/darrenc/R/library_R_v4.2_new_ocelote/XVector/include' -I/usr/local/include  -g -fpic  -g -O2  -c ucsc/localmem.c -o ucsc/localmem.o
gcc -I"/opt/ohpc/pub/apps/R/4.2.2/lib64/R/include" -DNDEBUG -D_FILE_OFFSET_BITS=64 -I'/home/u12/darrenc/R/library_R_v4.2_new_ocelote/S4Vectors/include' -I'/home/u12/darrenc/R/library_R_v4.2_new_ocelote/IRanges/include' -I'/home/u12/darrenc/R/library_R_v4.2_new_ocelote/XVector/include' -I/usr/local/include  -g -fpic  -g -O2  -c ucsc/memalloc.c -o ucsc/memalloc.o
gcc -I"/opt/ohpc/pub/apps/R/4.2.2/lib64/R/include" -DNDEBUG -D_FILE_OFFSET_BITS=64 -I'/home/u12/darrenc/R/library_R_v4.2_new_ocelote/S4Vectors/include' -I'/home/u12/darrenc/R/library_R_v4.2_new_ocelote/IRanges/include' -I'/home/u12/darrenc/R/library_R_v4.2_new_ocelote/XVector/include' -I/usr/local/include  -g -fpic  -g -O2  -c ucsc/obscure.c -o ucsc/obscure.o
gcc -I"/opt/ohpc/pub/apps/R/4.2.2/lib64/R/include" -DNDEBUG -D_FILE_OFFSET_BITS=64 -I'/home/u12/darrenc/R/library_R_v4.2_new_ocelote/S4Vectors/include' -I'/home/u12/darrenc/R/library_R_v4.2_new_ocelote/IRanges/include' -I'/home/u12/darrenc/R/library_R_v4.2_new_ocelote/XVector/include' -I/usr/local/include  -g -fpic  -g -O2  -c ucsc/options.c -o ucsc/options.o
gcc -I"/opt/ohpc/pub/apps/R/4.2.2/lib64/R/include" -DNDEBUG -D_FILE_OFFSET_BITS=64 -I'/home/u12/darrenc/R/library_R_v4.2_new_ocelote/S4Vectors/include' -I'/home/u12/darrenc/R/library_R_v4.2_new_ocelote/IRanges/include' -I'/home/u12/darrenc/R/library_R_v4.2_new_ocelote/XVector/include' -I/usr/local/include  -g -fpic  -g -O2  -c ucsc/pipeline.c -o ucsc/pipeline.o
gcc -I"/opt/ohpc/pub/apps/R/4.2.2/lib64/R/include" -DNDEBUG -D_FILE_OFFSET_BITS=64 -I'/home/u12/darrenc/R/library_R_v4.2_new_ocelote/S4Vectors/include' -I'/home/u12/darrenc/R/library_R_v4.2_new_ocelote/IRanges/include' -I'/home/u12/darrenc/R/library_R_v4.2_new_ocelote/XVector/include' -I/usr/local/include  -g -fpic  -g -O2  -c ucsc/_portimpl.c -o ucsc/_portimpl.o
gcc -I"/opt/ohpc/pub/apps/R/4.2.2/lib64/R/include" -DNDEBUG -D_FILE_OFFSET_BITS=64 -I'/home/u12/darrenc/R/library_R_v4.2_new_ocelote/S4Vectors/include' -I'/home/u12/darrenc/R/library_R_v4.2_new_ocelote/IRanges/include' -I'/home/u12/darrenc/R/library_R_v4.2_new_ocelote/XVector/include' -I/usr/local/include  -g -fpic  -g -O2  -c ucsc/sqlList.c -o ucsc/sqlList.o
gcc -I"/opt/ohpc/pub/apps/R/4.2.2/lib64/R/include" -DNDEBUG -D_FILE_OFFSET_BITS=64 -I'/home/u12/darrenc/R/library_R_v4.2_new_ocelote/S4Vectors/include' -I'/home/u12/darrenc/R/library_R_v4.2_new_ocelote/IRanges/include' -I'/home/u12/darrenc/R/library_R_v4.2_new_ocelote/XVector/include' -I/usr/local/include  -g -fpic  -g -O2  -c ucsc/sqlNum.c -o ucsc/sqlNum.o
gcc -I"/opt/ohpc/pub/apps/R/4.2.2/lib64/R/include" -DNDEBUG -D_FILE_OFFSET_BITS=64 -I'/home/u12/darrenc/R/library_R_v4.2_new_ocelote/S4Vectors/include' -I'/home/u12/darrenc/R/library_R_v4.2_new_ocelote/IRanges/include' -I'/home/u12/darrenc/R/library_R_v4.2_new_ocelote/XVector/include' -I/usr/local/include  -g -fpic  -g -O2  -c ucsc/verbose.c -o ucsc/verbose.o
gcc -I"/opt/ohpc/pub/apps/R/4.2.2/lib64/R/include" -DNDEBUG -D_FILE_OFFSET_BITS=64 -I'/home/u12/darrenc/R/library_R_v4.2_new_ocelote/S4Vectors/include' -I'/home/u12/darrenc/R/library_R_v4.2_new_ocelote/IRanges/include' -I'/home/u12/darrenc/R/library_R_v4.2_new_ocelote/XVector/include' -I/usr/local/include  -g -fpic  -g -O2  -c ucsc/os.c -o ucsc/os.o
gcc -I"/opt/ohpc/pub/apps/R/4.2.2/lib64/R/include" -DNDEBUG -D_FILE_OFFSET_BITS=64 -I'/home/u12/darrenc/R/library_R_v4.2_new_ocelote/S4Vectors/include' -I'/home/u12/darrenc/R/library_R_v4.2_new_ocelote/IRanges/include' -I'/home/u12/darrenc/R/library_R_v4.2_new_ocelote/XVector/include' -I/usr/local/include  -g -fpic  -g -O2  -c ucsc/wildcmp.c -o ucsc/wildcmp.o
gcc -shared -L/usr/local/lib64 -o CNEr.so S4Vectors_stubs.o IRanges_stubs.o XVector_stubs.o R_init_CNEr.o utils.o io.o ceScan.o ucsc/axt.o ucsc/base64.o ucsc/binRange.o ucsc/bits.o ucsc/chain.o ucsc/_cheapcgi.o ucsc/cirTree.o ucsc/common.o ucsc/dlist.o ucsc/dnaseq.o ucsc/dnautil.o ucsc/dystring.o ucsc/errabort.o ucsc/hash.o ucsc/https.o ucsc/intExp.o ucsc/kxTok.o ucsc/linefile.o ucsc/localmem.o ucsc/memalloc.o ucsc/obscure.o ucsc/options.o ucsc/pipeline.o ucsc/_portimpl.o ucsc/sqlList.o ucsc/sqlNum.o ucsc/verbose.o ucsc/os.o ucsc/wildcmp.o -lz
installing to /home/u12/darrenc/R/library_R_v4.2_new_ocelote/00LOCK-CNEr/00new/CNEr/libs
** R
** data
** inst
** byte-compile and prepare package for lazy loading
** help
*** installing help indices
** building package indices
** installing vignettes
** testing if installed package can be loaded from temporary location
** checking absolute paths in shared objects and dynamic libraries
** testing if installed package can be loaded from final location
** testing if installed package keeps a record of temporary installation path
* DONE (CNEr)
* installing *source* package ‘TFBSTools’ ...
** using staged installation
** libs
gcc -I"/opt/ohpc/pub/apps/R/4.2.2/lib64/R/include" -DNDEBUG   -I/usr/local/include   -fpic  -g -O2  -c matrixAlignerDynamic.c -o matrixAlignerDynamic.o
gcc -I"/opt/ohpc/pub/apps/R/4.2.2/lib64/R/include" -DNDEBUG   -I/usr/local/include   -fpic  -g -O2  -c R_init_TFBSTools.c -o R_init_TFBSTools.o
gcc -shared -L/usr/local/lib64 -o TFBSTools.so matrixAlignerDynamic.o R_init_TFBSTools.o
installing to /home/u12/darrenc/R/library_R_v4.2_new_ocelote/00LOCK-TFBSTools/00new/TFBSTools/libs
** R
** data
*** moving datasets to lazyload DB
** inst
** byte-compile and prepare package for lazy loading
Creating a new generic function for ‘seqLogo’ in package ‘TFBSTools’
** help
*** installing help indices
** building package indices
** installing vignettes
** testing if installed package can be loaded from temporary location
** checking absolute paths in shared objects and dynamic libraries
** testing if installed package can be loaded from final location
** testing if installed package keeps a record of temporary installation path
* DONE (TFBSTools)
* installing *source* package ‘chromVAR’ ...
** using staged installation
** libs
g++ -std=gnu++11 -I"/opt/ohpc/pub/apps/R/4.2.2/lib64/R/include" -DNDEBUG  -I'/home/u12/darrenc/R/library_R_v4.2_new_ocelote/Rcpp/include' -I'/home/u12/darrenc/R/library_R_v4.2_new_ocelote/RcppArmadillo/include' -I/usr/local/include   -fpic  -g -O2  -c RcppExports.cpp -o RcppExports.o
In file included from /home/u12/darrenc/R/library_R_v4.2_new_ocelote/RcppArmadillo/include/RcppArmadillo.h:29,
                 from RcppExports.cpp:4:
/home/u12/darrenc/R/library_R_v4.2_new_ocelote/RcppArmadillo/include/RcppArmadillo/version/arma.h:66:199: note: #pragma message: Using fallback compilation with Armadillo 14.6.3. Please consider defining -DARMA_USE_CURRENT and also removing C++11 compilation directive. See GitHub issue #475 for more.
         #pragma message("Using fallback compilation with Armadillo 14.6.3. Please consider defining -DARMA_USE_CURRENT and also removing C++11 compilation directive. See GitHub issue #475 for more.")
                                                                                                                                                                                                       ^
g++ -std=gnu++11 -I"/opt/ohpc/pub/apps/R/4.2.2/lib64/R/include" -DNDEBUG  -I'/home/u12/darrenc/R/library_R_v4.2_new_ocelote/Rcpp/include' -I'/home/u12/darrenc/R/library_R_v4.2_new_ocelote/RcppArmadillo/include' -I/usr/local/include   -fpic  -g -O2  -c pwm_similarity.cpp -o pwm_similarity.o
In file included from /home/u12/darrenc/R/library_R_v4.2_new_ocelote/RcppArmadillo/include/RcppArmadillo.h:29,
                 from pwm_similarity.cpp:2:
/home/u12/darrenc/R/library_R_v4.2_new_ocelote/RcppArmadillo/include/RcppArmadillo/version/arma.h:66:199: note: #pragma message: Using fallback compilation with Armadillo 14.6.3. Please consider defining -DARMA_USE_CURRENT and also removing C++11 compilation directive. See GitHub issue #475 for more.
         #pragma message("Using fallback compilation with Armadillo 14.6.3. Please consider defining -DARMA_USE_CURRENT and also removing C++11 compilation directive. See GitHub issue #475 for more.")
                                                                                                                                                                                                       ^
g++ -std=gnu++11 -I"/opt/ohpc/pub/apps/R/4.2.2/lib64/R/include" -DNDEBUG  -I'/home/u12/darrenc/R/library_R_v4.2_new_ocelote/Rcpp/include' -I'/home/u12/darrenc/R/library_R_v4.2_new_ocelote/RcppArmadillo/include' -I/usr/local/include   -fpic  -g -O2  -c utils.cpp -o utils.o
In file included from /home/u12/darrenc/R/library_R_v4.2_new_ocelote/RcppArmadillo/include/RcppArmadillo.h:29,
                 from utils.cpp:2:
/home/u12/darrenc/R/library_R_v4.2_new_ocelote/RcppArmadillo/include/RcppArmadillo/version/arma.h:66:199: note: #pragma message: Using fallback compilation with Armadillo 14.6.3. Please consider defining -DARMA_USE_CURRENT and also removing C++11 compilation directive. See GitHub issue #475 for more.
         #pragma message("Using fallback compilation with Armadillo 14.6.3. Please consider defining -DARMA_USE_CURRENT and also removing C++11 compilation directive. See GitHub issue #475 for more.")
                                                                                                                                                                                                       ^
g++ -std=gnu++11 -shared -L/usr/local/lib64 -o chromVAR.so RcppExports.o pwm_similarity.o utils.o -L/opt/ohpc/pub/apps/R/4.2.2/lib64/R/lib -lRlapack -L/opt/ohpc/pub/apps/R/4.2.2/lib64/R/lib -lRblas -lgfortran -lm -lquadmath
installing to /home/u12/darrenc/R/library_R_v4.2_new_ocelote/00LOCK-chromVAR/00new/chromVAR/libs
** R
** data
*** moving datasets to lazyload DB
** inst
** byte-compile and prepare package for lazy loading
** help
*** installing help indices
** building package indices
** installing vignettes
** testing if installed package can be loaded from temporary location
** checking absolute paths in shared objects and dynamic libraries
** testing if installed package can be loaded from final location
** testing if installed package keeps a record of temporary installation path
* DONE (chromVAR)
* installing *source* package ‘motifmatchr’ ...
** using staged installation
** libs
g++ -std=gnu++11 -I"/opt/ohpc/pub/apps/R/4.2.2/lib64/R/include" -DNDEBUG -I. -I./MOODS/ -I'/home/u12/darrenc/R/library_R_v4.2_new_ocelote/Rcpp/include' -I'/home/u12/darrenc/R/library_R_v4.2_new_ocelote/RcppArmadillo/include' -I/usr/local/include   -fpic  -g -O2  -c RcppExports.cpp -o RcppExports.o
In file included from /home/u12/darrenc/R/library_R_v4.2_new_ocelote/RcppArmadillo/include/RcppArmadillo.h:29,
                 from RcppExports.cpp:4:
/home/u12/darrenc/R/library_R_v4.2_new_ocelote/RcppArmadillo/include/RcppArmadillo/version/arma.h:66:199: note: #pragma message: Using fallback compilation with Armadillo 14.6.3. Please consider defining -DARMA_USE_CURRENT and also removing C++11 compilation directive. See GitHub issue #475 for more.
         #pragma message("Using fallback compilation with Armadillo 14.6.3. Please consider defining -DARMA_USE_CURRENT and also removing C++11 compilation directive. See GitHub issue #475 for more.")
                                                                                                                                                                                                       ^
g++ -std=gnu++11 -I"/opt/ohpc/pub/apps/R/4.2.2/lib64/R/include" -DNDEBUG -I. -I./MOODS/ -I'/home/u12/darrenc/R/library_R_v4.2_new_ocelote/Rcpp/include' -I'/home/u12/darrenc/R/library_R_v4.2_new_ocelote/RcppArmadillo/include' -I/usr/local/include   -fpic  -g -O2  -c r_interface.cpp -o r_interface.o
In file included from /home/u12/darrenc/R/library_R_v4.2_new_ocelote/RcppArmadillo/include/RcppArmadillo.h:29,
                 from r_interface.cpp:2:
/home/u12/darrenc/R/library_R_v4.2_new_ocelote/RcppArmadillo/include/RcppArmadillo/version/arma.h:66:199: note: #pragma message: Using fallback compilation with Armadillo 14.6.3. Please consider defining -DARMA_USE_CURRENT and also removing C++11 compilation directive. See GitHub issue #475 for more.
         #pragma message("Using fallback compilation with Armadillo 14.6.3. Please consider defining -DARMA_USE_CURRENT and also removing C++11 compilation directive. See GitHub issue #475 for more.")
                                                                                                                                                                                                       ^
g++ -std=gnu++11 -I"/opt/ohpc/pub/apps/R/4.2.2/lib64/R/include" -DNDEBUG -I. -I./MOODS/ -I'/home/u12/darrenc/R/library_R_v4.2_new_ocelote/Rcpp/include' -I'/home/u12/darrenc/R/library_R_v4.2_new_ocelote/RcppArmadillo/include' -I/usr/local/include   -fpic  -g -O2  -c MOODS/scanner.cpp -o MOODS/scanner.o
g++ -std=gnu++11 -I"/opt/ohpc/pub/apps/R/4.2.2/lib64/R/include" -DNDEBUG -I. -I./MOODS/ -I'/home/u12/darrenc/R/library_R_v4.2_new_ocelote/Rcpp/include' -I'/home/u12/darrenc/R/library_R_v4.2_new_ocelote/RcppArmadillo/include' -I/usr/local/include   -fpic  -g -O2  -c MOODS/motif_h.cpp -o MOODS/motif_h.o
g++ -std=gnu++11 -I"/opt/ohpc/pub/apps/R/4.2.2/lib64/R/include" -DNDEBUG -I. -I./MOODS/ -I'/home/u12/darrenc/R/library_R_v4.2_new_ocelote/Rcpp/include' -I'/home/u12/darrenc/R/library_R_v4.2_new_ocelote/RcppArmadillo/include' -I/usr/local/include   -fpic  -g -O2  -c MOODS/motif_0.cpp -o MOODS/motif_0.o
g++ -std=gnu++11 -I"/opt/ohpc/pub/apps/R/4.2.2/lib64/R/include" -DNDEBUG -I. -I./MOODS/ -I'/home/u12/darrenc/R/library_R_v4.2_new_ocelote/Rcpp/include' -I'/home/u12/darrenc/R/library_R_v4.2_new_ocelote/RcppArmadillo/include' -I/usr/local/include   -fpic  -g -O2  -c MOODS/moods_tools.cpp -o MOODS/moods_tools.o
g++ -std=gnu++11 -I"/opt/ohpc/pub/apps/R/4.2.2/lib64/R/include" -DNDEBUG -I. -I./MOODS/ -I'/home/u12/darrenc/R/library_R_v4.2_new_ocelote/Rcpp/include' -I'/home/u12/darrenc/R/library_R_v4.2_new_ocelote/RcppArmadillo/include' -I/usr/local/include   -fpic  -g -O2  -c MOODS/moods_scan.cpp -o MOODS/moods_scan.o
g++ -std=gnu++11 -I"/opt/ohpc/pub/apps/R/4.2.2/lib64/R/include" -DNDEBUG -I. -I./MOODS/ -I'/home/u12/darrenc/R/library_R_v4.2_new_ocelote/Rcpp/include' -I'/home/u12/darrenc/R/library_R_v4.2_new_ocelote/RcppArmadillo/include' -I/usr/local/include   -fpic  -g -O2  -c MOODS/moods_parsers.cpp -o MOODS/moods_parsers.o
g++ -std=gnu++11 -I"/opt/ohpc/pub/apps/R/4.2.2/lib64/R/include" -DNDEBUG -I. -I./MOODS/ -I'/home/u12/darrenc/R/library_R_v4.2_new_ocelote/Rcpp/include' -I'/home/u12/darrenc/R/library_R_v4.2_new_ocelote/RcppArmadillo/include' -I/usr/local/include   -fpic  -g -O2  -c MOODS/moods_misc.cpp -o MOODS/moods_misc.o
g++ -std=gnu++11 -I"/opt/ohpc/pub/apps/R/4.2.2/lib64/R/include" -DNDEBUG -I. -I./MOODS/ -I'/home/u12/darrenc/R/library_R_v4.2_new_ocelote/Rcpp/include' -I'/home/u12/darrenc/R/library_R_v4.2_new_ocelote/RcppArmadillo/include' -I/usr/local/include   -fpic  -g -O2  -c MOODS/match_types.cpp -o MOODS/match_types.o
g++ -std=gnu++11 -shared -L/usr/local/lib64 -o motifmatchr.so ./RcppExports.o ./r_interface.o ./MOODS/scanner.o ./MOODS/motif_h.o ./MOODS/motif_0.o ./MOODS/moods_tools.o ./MOODS/moods_scan.o ./MOODS/moods_parsers.o ./MOODS/moods_misc.o ./MOODS/match_types.o
installing to /home/u12/darrenc/R/library_R_v4.2_new_ocelote/00LOCK-motifmatchr/00new/motifmatchr/libs
** R
** data
** inst
** byte-compile and prepare package for lazy loading
** help
*** installing help indices
** building package indices
** installing vignettes
** testing if installed package can be loaded from temporary location
** checking absolute paths in shared objects and dynamic libraries
** testing if installed package can be loaded from final location
** testing if installed package keeps a record of temporary installation path
* DONE (motifmatchr)

The downloaded source packages are in
	‘/tmp/RtmpnYsBky/downloaded_packages’
Using github PAT from envvar GITHUB_PAT. Use `gitcreds::gitcreds_set()` and unset GITHUB_PAT in .Renviron (or elsewhere) if you want to use the more secure git credential store instead.
Skipping install of 'presto' from a github remote, the SHA1 (7636b3d0) has not changed since last install.
  Use `force = TRUE` to force installation
